Manufacturer;Series;Model;Impeller;DnOut;FreePassageMm;P2Kw;Rpm;Voltage;Qmax_m3h;H0_m;QH_points;QP;QEta;QNpsh;Quality;Document
Caprari;K+ KCM;KCM065FA+002521N3;SingleChannel;65;40.0;2.5;2900;3~400 В;72.0;27.9;14;0;0;0;CatalogTable;"Caprari «K+ Electric submersible sewage pumps 50 Hz», cod. 996485X/09-24 — таблица Q–H, стр. 17; размеры/масса и данные двигателей — там же"
Caprari;K+ KCM;KCM065FD+002021N3;SingleChannel;65;40.0;2.0;2900;3~400 В;57.6;24.1;12;0;0;0;CatalogTable;"Caprari «K+ Electric submersible sewage pumps 50 Hz», cod. 996485X/09-24 — таблица Q–H, стр. 17; размеры/масса и данные двигателей — там же"
Caprari;K+ KCM;KCM065FG+002021N3;SingleChannel;65;40.0;2.0;2900;3~400 В;50.4;19.5;11;0;0;0;CatalogTable;"Caprari «K+ Electric submersible sewage pumps 50 Hz», cod. 996485X/09-24 — таблица Q–H, стр. 17; размеры/масса и данные двигателей — там же"
Caprari;K+ KCM;KCM065HA+004821N3;SingleChannel;65;40.0;4.8;2900;3~400 В;54.0;35.0;10;0;0;0;CatalogTable;"Caprari «K+ Electric submersible sewage pumps 50 Hz», cod. 996485X/09-24 — таблица Q–H, стр. 19; размеры/масса и данные двигателей — там же"
Caprari;K+ KCM;KCM065HD+004821N3;SingleChannel;65;40.0;4.8;2900;3~400 В;93.6;31.0;16;0;0;0;CatalogTable;"Caprari «K+ Electric submersible sewage pumps 50 Hz», cod. 996485X/09-24 — таблица Q–H, стр. 19; размеры/масса и данные двигателей — там же"
Caprari;K+ KCM;KCM065HG+003821N3;SingleChannel;65;40.0;3.8;2900;3~400 В;72.0;26.2;12;0;0;0;CatalogTable;"Caprari «K+ Electric submersible sewage pumps 50 Hz», cod. 996485X/09-24 — таблица Q–H, стр. 19; размеры/масса и данные двигателей — там же"
Caprari;K+ KCM;KCM065HL+003821N3;SingleChannel;65;40.0;3.8;2900;3~400 В;63.0;25.0;12;0;0;0;CatalogTable;"Caprari «K+ Electric submersible sewage pumps 50 Hz», cod. 996485X/09-24 — таблица Q–H, стр. 19; размеры/масса и данные двигателей — там же"
Caprari;K+ KCW;KCW065FA+002641N3;Vortex;65;55.0;2.6;1450;3~400 В;75.6;10.6;15;0;0;0;CatalogTable;"Caprari «K+ Electric submersible sewage pumps 50 Hz», cod. 996485X/09-24 — таблица Q–H, стр. 13; размеры/масса и данные двигателей — там же"
Caprari;K+ KCW;KCW065FA+003121N3;Vortex;65;40.0;3.1;2900;3~400 В;25.2;26.8;7;0;0;0;CatalogTable;"Caprari «K+ Electric submersible sewage pumps 50 Hz», cod. 996485X/09-24 — таблица Q–H, стр. 15; размеры/масса и данные двигателей — там же"
Caprari;K+ KCW;KCW065FD+002141N3;Vortex;65;55.0;2.1;1450;3~400 В;54.0;9.3;13;0;0;0;CatalogTable;"Caprari «K+ Electric submersible sewage pumps 50 Hz», cod. 996485X/09-24 — таблица Q–H, стр. 13; размеры/масса и данные двигателей — там же"
Caprari;K+ KCW;KCW065FD+003121N3;Vortex;65;40.0;3.1;2900;3~400 В;39.6;22.7;16;0;0;0;CatalogTable;"Caprari «K+ Electric submersible sewage pumps 50 Hz», cod. 996485X/09-24 — таблица Q–H, стр. 15; размеры/масса и данные двигателей — там же"
Caprari;K+ KCW;KCW065FG+001641N3;Vortex;65;55.0;1.6;1450;3~400 В;54.0;7.8;13;0;0;0;CatalogTable;"Caprari «K+ Electric submersible sewage pumps 50 Hz», cod. 996485X/09-24 — таблица Q–H, стр. 13; размеры/масса и данные двигателей — там же"
Caprari;K+ KCW;KCW065FG+002521N3;Vortex;65;40.0;2.5;2900;3~400 В;39.6;17.4;16;0;0;0;CatalogTable;"Caprari «K+ Electric submersible sewage pumps 50 Hz», cod. 996485X/09-24 — таблица Q–H, стр. 15; размеры/масса и данные двигателей — там же"
Caprari;K+ KCW;KCW065FL+002021N3;Vortex;65;40.0;2.0;2900;3~400 В;39.6;15.8;16;0;0;0;CatalogTable;"Caprari «K+ Electric submersible sewage pumps 50 Hz», cod. 996485X/09-24 — таблица Q–H, стр. 15; размеры/масса и данные двигателей — там же"
Caprari;K+ KCA;KCA080HA+002941N3;Open;80;99.8;2.9;1450;3~400 В;111.6;15.0;11;0;0;0;CatalogTable;"Caprari «K+ Electric submersible sewage pumps 50 Hz», cod. 996485X/09-24 — таблица Q–H, стр. 39; размеры/масса и данные двигателей — там же"
Caprari;K+ KCA;KCA080HD+002141N3;Open;80;80.1;2.1;1450;3~400 В;108.0;13.0;12;0;0;0;CatalogTable;"Caprari «K+ Electric submersible sewage pumps 50 Hz», cod. 996485X/09-24 — таблица Q–H, стр. 39; размеры/масса и данные двигателей — там же"
Caprari;K+ KCA;KCA080HG+001641N3;Open;80;78.6;1.6;1450;3~400 В;99.0;11.8;13;0;0;0;CatalogTable;"Caprari «K+ Electric submersible sewage pumps 50 Hz», cod. 996485X/09-24 — таблица Q–H, стр. 39; размеры/масса и данные двигателей — там же"
Caprari;K+ KCA;KCA080HL+001641N3;Open;80;78.3;1.6;1450;3~400 В;81.0;10.1;11;0;0;0;CatalogTable;"Caprari «K+ Electric submersible sewage pumps 50 Hz», cod. 996485X/09-24 — таблица Q–H, стр. 39; размеры/масса и данные двигателей — там же"
Caprari;K+ KCM;KCM080FA+002141N3;SingleChannel;80;75.0;2.1;1450;3~400 В;81.0;13.9;9;0;0;0;CatalogTable;"Caprari «K+ Electric submersible sewage pumps 50 Hz», cod. 996485X/09-24 — таблица Q–H, стр. 35; размеры/масса и данные двигателей — там же"
Caprari;K+ KCM;KCM080FD+002141N3;SingleChannel;80;75.0;2.1;1450;3~400 В;108.0;12.6;14;0;0;0;CatalogTable;"Caprari «K+ Electric submersible sewage pumps 50 Hz», cod. 996485X/09-24 — таблица Q–H, стр. 35; размеры/масса и данные двигателей — там же"
Caprari;K+ KCM;KCM080FG+001641N3;SingleChannel;80;75.0;1.6;1450;3~400 В;90.0;11.0;12;0;0;0;CatalogTable;"Caprari «K+ Electric submersible sewage pumps 50 Hz», cod. 996485X/09-24 — таблица Q–H, стр. 35; размеры/масса и данные двигателей — там же"
Caprari;K+ KCM;KCM080FL+001641N3;SingleChannel;80;75.0;1.6;1450;3~400 В;90.0;9.6;12;0;0;0;CatalogTable;"Caprari «K+ Electric submersible sewage pumps 50 Hz», cod. 996485X/09-24 — таблица Q–H, стр. 35; размеры/масса и данные двигателей — там же"
Caprari;K+ KCM;KCM080HA+001561N3;SingleChannel;80;75.0;1.5;960;3~400 В;79.2;7.2;12;0;0;0;CatalogTable;"Caprari «K+ Electric submersible sewage pumps 50 Hz», cod. 996485X/09-24 — таблица Q–H, стр. 31; размеры/масса и данные двигателей — там же"
Caprari;K+ KCM;KCM080HA+002941N3;SingleChannel;80;75.0;2.9;1450;3~400 В;108.0;15.9;8;0;0;0;CatalogTable;"Caprari «K+ Electric submersible sewage pumps 50 Hz», cod. 996485X/09-24 — таблица Q–H, стр. 37; размеры/масса и данные двигателей — там же"
Caprari;K+ KCM;KCM080HA+005842N3;SingleChannel;80;80.0;5.8;1450;3~400 В;219.6;21.4;13;0;0;0;CatalogTable;"Caprari «K+ Electric submersible sewage pumps 50 Hz», cod. 996485X/09-24 — таблица Q–H, стр. 37; размеры/масса и данные двигателей — там же"
Caprari;K+ KCM;KCM080HD+001561N3;SingleChannel;80;75.0;1.5;960;3~400 В;64.8;5.7;11;0;0;0;CatalogTable;"Caprari «K+ Electric submersible sewage pumps 50 Hz», cod. 996485X/09-24 — таблица Q–H, стр. 31; размеры/масса и данные двигателей — там же"
Caprari;K+ KCM;KCM080HD+002141N3;SingleChannel;80;75.0;2.1;1450;3~400 В;90.0;13.2;7;0;0;0;CatalogTable;"Caprari «K+ Electric submersible sewage pumps 50 Hz», cod. 996485X/09-24 — таблица Q–H, стр. 37; размеры/масса и данные двигателей — там же"
Caprari;K+ KCM;KCM080HD+004641N3;SingleChannel;80;80.0;4.6;1450;3~400 В;162.0;19.3;10;0;0;0;CatalogTable;"Caprari «K+ Electric submersible sewage pumps 50 Hz», cod. 996485X/09-24 — таблица Q–H, стр. 37; размеры/масса и данные двигателей — там же"
Caprari;K+ KCM;KCM080HG+001561N3;SingleChannel;80;75.0;1.5;960;3~400 В;64.8;4.3;11;0;0;0;CatalogTable;"Caprari «K+ Electric submersible sewage pumps 50 Hz», cod. 996485X/09-24 — таблица Q–H, стр. 31; размеры/масса и данные двигателей — там же"
Caprari;K+ KCM;KCM080HG+001641N3;SingleChannel;80;75.0;1.6;1450;3~400 В;90.0;10.8;6;0;0;0;CatalogTable;"Caprari «K+ Electric submersible sewage pumps 50 Hz», cod. 996485X/09-24 — таблица Q–H, стр. 37; размеры/масса и данные двигателей — там же"
Caprari;K+ KCM;KCM080HG+003741N3;SingleChannel;80;80.0;3.7;1450;3~400 В;144.0;16.8;10;0;0;0;CatalogTable;"Caprari «K+ Electric submersible sewage pumps 50 Hz», cod. 996485X/09-24 — таблица Q–H, стр. 37; размеры/масса и данные двигателей — там же"
Caprari;K+ KCM;KCM080HL+002941N3;SingleChannel;80;80.0;2.9;1450;3~400 В;126.0;14.9;7;0;0;0;CatalogTable;"Caprari «K+ Electric submersible sewage pumps 50 Hz», cod. 996485X/09-24 — таблица Q–H, стр. 37; размеры/масса и данные двигателей — там же"
Caprari;K+ KCM;KCM080LA+012522N3;SingleChannel;80;55.0;12.5;2900;3~400 В;144.0;53.6;10;0;0;0;CatalogTable;"Caprari «K+ Electric submersible sewage pumps 50 Hz», cod. 996485X/09-24 — таблица Q–H, стр. 47; размеры/масса и данные двигателей — там же"
Caprari;K+ KCM;KCM080LC+012522N3;SingleChannel;80;55.0;12.5;2900;3~400 В;144.0;42.5;12;0;0;0;CatalogTable;"Caprari «K+ Electric submersible sewage pumps 50 Hz», cod. 996485X/09-24 — таблица Q–H, стр. 47; размеры/масса и данные двигателей — там же"
Caprari;K+ KCM;KCM080LE+009022N3;SingleChannel;80;55.0;9.0;2900;3~400 В;144.0;35.5;12;0;0;0;CatalogTable;"Caprari «K+ Electric submersible sewage pumps 50 Hz», cod. 996485X/09-24 — таблица Q–H, стр. 47; размеры/масса и данные двигателей — там же"
Caprari;K+ KCM;KCM080LG+006522N3;SingleChannel;80;55.0;6.5;2900;3~400 В;108.0;30.1;10;0;0;0;CatalogTable;"Caprari «K+ Electric submersible sewage pumps 50 Hz», cod. 996485X/09-24 — таблица Q–H, стр. 47; размеры/масса и данные двигателей — там же"
Caprari;K+ KCM;KCM080LI+006522N3;SingleChannel;80;55.0;6.5;2900;3~400 В;126.0;22.5;11;0;0;0;CatalogTable;"Caprari «K+ Electric submersible sewage pumps 50 Hz», cod. 996485X/09-24 — таблица Q–H, стр. 47; размеры/масса и данные двигателей — там же"
Caprari;K+ KCM;KCM080LP+016522N3;SingleChannel;80;55.0;16.5;2900;3~400 В;162.0;62.9;10;0;0;0;CatalogTable;"Caprari «K+ Electric submersible sewage pumps 50 Hz», cod. 996485X/09-24 — таблица Q–H, стр. 47; размеры/масса и данные двигателей — там же"
Caprari;K+ KCW;KCW080HA+001561N3;Vortex;80;80.0;1.5;960;3~400 В;82.8;7.6;16;0;0;0;CatalogTable;"Caprari «K+ Electric submersible sewage pumps 50 Hz», cod. 996485X/09-24 — таблица Q–H, стр. 29; размеры/масса и данные двигателей — там же"
Caprari;K+ KCW;KCW080HA+005842N3;Vortex;80;80.0;5.8;1450;3~400 В;129.6;17.3;14;0;0;0;CatalogTable;"Caprari «K+ Electric submersible sewage pumps 50 Hz», cod. 996485X/09-24 — таблица Q–H, стр. 33; размеры/масса и данные двигателей — там же"
Caprari;K+ KCW;KCW080HC+004641N3;Vortex;80;80.0;4.6;1450;3~400 В;108.0;15.7;12;0;0;0;CatalogTable;"Caprari «K+ Electric submersible sewage pumps 50 Hz», cod. 996485X/09-24 — таблица Q–H, стр. 33; размеры/масса и данные двигателей — там же"
Caprari;K+ KCW;KCW080HE+001561N3;Vortex;80;80.0;1.5;960;3~400 В;72.0;6.1;15;0;0;0;CatalogTable;"Caprari «K+ Electric submersible sewage pumps 50 Hz», cod. 996485X/09-24 — таблица Q–H, стр. 29; размеры/масса и данные двигателей — там же"
Caprari;K+ KCW;KCW080HE+003741N3;Vortex;80;80.0;3.7;1450;3~400 В;108.0;14.1;12;0;0;0;CatalogTable;"Caprari «K+ Electric submersible sewage pumps 50 Hz», cod. 996485X/09-24 — таблица Q–H, стр. 33; размеры/масса и данные двигателей — там же"
Caprari;K+ KCW;KCW080HH+002941N3;Vortex;80;80.0;2.9;1450;3~400 В;90.0;12.4;11;0;0;0;CatalogTable;"Caprari «K+ Electric submersible sewage pumps 50 Hz», cod. 996485X/09-24 — таблица Q–H, стр. 33; размеры/масса и данные двигателей — там же"
Caprari;K+ KCW;KCW080HI+001561N3;Vortex;80;80.0;1.5;960;3~400 В;54.0;4.7;14;0;0;0;CatalogTable;"Caprari «K+ Electric submersible sewage pumps 50 Hz», cod. 996485X/09-24 — таблица Q–H, стр. 29; размеры/масса и данные двигателей — там же"
Caprari;K+ KCW;KCW080HI+002141N3;Vortex;80;80.0;2.1;1450;3~400 В;72.0;10.9;10;0;0;0;CatalogTable;"Caprari «K+ Electric submersible sewage pumps 50 Hz», cod. 996485X/09-24 — таблица Q–H, стр. 33; размеры/масса и данные двигателей — там же"
Caprari;K+ KCW;KCW080HM+001561N3;Vortex;80;80.0;1.5;960;3~400 В;36.0;4.1;13;0;0;0;CatalogTable;"Caprari «K+ Electric submersible sewage pumps 50 Hz», cod. 996485X/09-24 — таблица Q–H, стр. 29; размеры/масса и данные двигателей — там же"
Caprari;K+ KCW;KCW080HM+001641N3;Vortex;80;80.0;1.6;1450;3~400 В;54.0;9.4;9;0;0;0;CatalogTable;"Caprari «K+ Electric submersible sewage pumps 50 Hz», cod. 996485X/09-24 — таблица Q–H, стр. 33; размеры/масса и данные двигателей — там же"
Caprari;K+ KCW;KCW080HN+006522N3;Vortex;80;80.0;6.5;2900;3~400 В;21.6;34.9;10;0;0;0;CatalogTable;"Caprari «K+ Electric submersible sewage pumps 50 Hz», cod. 996485X/09-24 — таблица Q–H, стр. 41; размеры/масса и данные двигателей — там же"
Caprari;K+ KCW;KCW080HN+009022N3;Vortex;80;80.0;9.0;2900;3~400 В;54.0;34.9;9;0;0;0;CatalogTable;"Caprari «K+ Electric submersible sewage pumps 50 Hz», cod. 996485X/09-24 — таблица Q–H, стр. 43; размеры/масса и данные двигателей — там же"
Caprari;K+ KCW;KCW080HP+001561N3;Vortex;80;80.0;1.5;960;3~400 В;36.0;3.1;13;0;0;0;CatalogTable;"Caprari «K+ Electric submersible sewage pumps 50 Hz», cod. 996485X/09-24 — таблица Q–H, стр. 29; размеры/масса и данные двигателей — там же"
Caprari;K+ KCW;KCW080HP+001641N3;Vortex;80;80.0;1.6;1450;3~400 В;36.0;6.9;8;0;0;0;CatalogTable;"Caprari «K+ Electric submersible sewage pumps 50 Hz», cod. 996485X/09-24 — таблица Q–H, стр. 33; размеры/масса и данные двигателей — там же"
Caprari;K+ KCW;KCW080HP+006522N3;Vortex;80;80.0;6.5;2900;3~400 В;36.0;28.8;14;0;0;0;CatalogTable;"Caprari «K+ Electric submersible sewage pumps 50 Hz», cod. 996485X/09-24 — таблица Q–H, стр. 41; размеры/масса и данные двигателей — там же"
Caprari;K+ KCW;KCW080HP+009022N3;Vortex;80;80.0;9.0;2900;3~400 В;108.0;28.7;12;0;0;0;CatalogTable;"Caprari «K+ Electric submersible sewage pumps 50 Hz», cod. 996485X/09-24 — таблица Q–H, стр. 43; размеры/масса и данные двигателей — там же"
Caprari;K+ KCW;KCW080HQ+006522N3;Vortex;80;80.0;6.5;2900;3~400 В;28.8;33.1;12;0;0;0;CatalogTable;"Caprari «K+ Electric submersible sewage pumps 50 Hz», cod. 996485X/09-24 — таблица Q–H, стр. 41; размеры/масса и данные двигателей — там же"
Caprari;K+ KCW;KCW080HQ+009022N3;Vortex;80;80.0;9.0;2900;3~400 В;90.0;33.0;11;0;0;0;CatalogTable;"Caprari «K+ Electric submersible sewage pumps 50 Hz», cod. 996485X/09-24 — таблица Q–H, стр. 43; размеры/масса и данные двигателей — там же"
Caprari;K+ KCW;KCW080HR+006522N3;Vortex;80;80.0;6.5;2900;3~400 В;36.0;30.9;14;0;0;0;CatalogTable;"Caprari «K+ Electric submersible sewage pumps 50 Hz», cod. 996485X/09-24 — таблица Q–H, стр. 41; размеры/масса и данные двигателей — там же"
Caprari;K+ KCW;KCW080HR+009022N3;Vortex;80;80.0;9.0;2900;3~400 В;108.0;30.7;12;0;0;0;CatalogTable;"Caprari «K+ Electric submersible sewage pumps 50 Hz», cod. 996485X/09-24 — таблица Q–H, стр. 43; размеры/масса и данные двигателей — там же"
Caprari;K+ KCW;KCW080HT+006522N3;Vortex;80;80.0;6.5;2900;3~400 В;54.0;26.7;15;0;0;0;CatalogTable;"Caprari «K+ Electric submersible sewage pumps 50 Hz», cod. 996485X/09-24 — таблица Q–H, стр. 41; размеры/масса и данные двигателей — там же"
Caprari;K+ KCW;KCW080HT+009022N3;Vortex;80;80.0;9.0;2900;3~400 В;108.0;26.6;12;0;0;0;CatalogTable;"Caprari «K+ Electric submersible sewage pumps 50 Hz», cod. 996485X/09-24 — таблица Q–H, стр. 43; размеры/масса и данные двигателей — там же"
Caprari;K+ KCW;KCW080HV+004821N3;Vortex;80;80.0;4.8;2900;3~400 В;36.0;19.5;14;0;0;0;CatalogTable;"Caprari «K+ Electric submersible sewage pumps 50 Hz», cod. 996485X/09-24 — таблица Q–H, стр. 41; размеры/масса и данные двигателей — там же"
Caprari;K+ KCW;KCW080HW+004821N3;Vortex;80;80.0;4.8;2900;3~400 В;32.4;25.1;13;0;0;0;CatalogTable;"Caprari «K+ Electric submersible sewage pumps 50 Hz», cod. 996485X/09-24 — таблица Q–H, стр. 41; размеры/масса и данные двигателей — там же"
Caprari;K+ KCW;KCW080HW+006522N3;Vortex;80;80.0;6.5;2900;3~400 В;75.6;25.6;17;0;0;0;CatalogTable;"Caprari «K+ Electric submersible sewage pumps 50 Hz», cod. 996485X/09-24 — таблица Q–H, стр. 41; размеры/масса и данные двигателей — там же"
Caprari;K+ KCW;KCW080HW+009022N3;Vortex;80;80.0;9.0;2900;3~400 В;133.2;25.5;14;0;0;0;CatalogTable;"Caprari «K+ Electric submersible sewage pumps 50 Hz», cod. 996485X/09-24 — таблица Q–H, стр. 43; размеры/масса и данные двигателей — там же"
Caprari;K+ KCW;KCW080HX+004821N3;Vortex;80;80.0;4.8;2900;3~400 В;54.0;17.0;15;0;0;0;CatalogTable;"Caprari «K+ Electric submersible sewage pumps 50 Hz», cod. 996485X/09-24 — таблица Q–H, стр. 41; размеры/масса и данные двигателей — там же"
Caprari;K+ KCW;KCW080HZ+004821N3;Vortex;80;80.0;4.8;2900;3~400 В;54.0;14.0;15;0;0;0;CatalogTable;"Caprari «K+ Electric submersible sewage pumps 50 Hz», cod. 996485X/09-24 — таблица Q–H, стр. 41; размеры/масса и данные двигателей — там же"
Caprari;K+ KCW;KCW080LA+016522N3;Vortex;80;80.0;16.5;2900;3~400 В;14.4;67.7;7;0;0;0;CatalogTable;"Caprari «K+ Electric submersible sewage pumps 50 Hz», cod. 996485X/09-24 — таблица Q–H, стр. 45; размеры/масса и данные двигателей — там же"
Caprari;K+ KCW;KCW080LD+016522N3;Vortex;80;80.0;16.5;2900;3~400 В;36.0;61.5;10;0;0;0;CatalogTable;"Caprari «K+ Electric submersible sewage pumps 50 Hz», cod. 996485X/09-24 — таблица Q–H, стр. 45; размеры/масса и данные двигателей — там же"
Caprari;K+ KCW;KCW080LG+016522N3;Vortex;80;80.0;16.5;2900;3~400 В;54.0;55.2;11;0;0;0;CatalogTable;"Caprari «K+ Electric submersible sewage pumps 50 Hz», cod. 996485X/09-24 — таблица Q–H, стр. 45; размеры/масса и данные двигателей — там же"
Caprari;K+ KCW;KCW080LL+016522N3;Vortex;80;80.0;16.5;2900;3~400 В;90.0;47.7;13;0;0;0;CatalogTable;"Caprari «K+ Electric submersible sewage pumps 50 Hz», cod. 996485X/09-24 — таблица Q–H, стр. 45; размеры/масса и данные двигателей — там же"
Caprari;K+ KCW;KCW080LP+016522N3;Vortex;80;80.0;16.5;2900;3~400 В;154.8;41.8;17;0;0;0;CatalogTable;"Caprari «K+ Electric submersible sewage pumps 50 Hz», cod. 996485X/09-24 — таблица Q–H, стр. 45; размеры/масса и данные двигателей — там же"
Caprari;K+ KCW;KCW080LR+012522N3;Vortex;80;80.0;12.5;2900;3~400 В;154.8;33.3;17;0;0;0;CatalogTable;"Caprari «K+ Electric submersible sewage pumps 50 Hz», cod. 996485X/09-24 — таблица Q–H, стр. 45; размеры/масса и данные двигателей — там же"
Caprari;K+ KCA;KCA100HA+005842N3;Open;100;128.3;5.8;1450;3~400 В;205.2;20.9;11;0;0;0;CatalogTable;"Caprari «K+ Electric submersible sewage pumps 50 Hz», cod. 996485X/09-24 — таблица Q–H, стр. 59; размеры/масса и данные двигателей — там же"
Caprari;K+ KCA;KCA100HD+004641N3;Open;100;118.8;4.6;1450;3~400 В;180.0;17.4;9;0;0;0;CatalogTable;"Caprari «K+ Electric submersible sewage pumps 50 Hz», cod. 996485X/09-24 — таблица Q–H, стр. 59; размеры/масса и данные двигателей — там же"
Caprari;K+ KCA;KCA100HG+003741N3;Open;100;118.3;3.7;1450;3~400 В;162.0;15.9;8;0;0;0;CatalogTable;"Caprari «K+ Electric submersible sewage pumps 50 Hz», cod. 996485X/09-24 — таблица Q–H, стр. 59; размеры/масса и данные двигателей — там же"
Caprari;K+ KCA;KCA100HL+002941N3;Open;100;103.7;2.9;1450;3~400 В;144.0;14.1;7;0;0;0;CatalogTable;"Caprari «K+ Electric submersible sewage pumps 50 Hz», cod. 996485X/09-24 — таблица Q–H, стр. 59; размеры/масса и данные двигателей — там же"
Caprari;K+ KCA;KCA100LA+012542N3;Open;100;186.3;12.5;1450;3~400 В;216.0;30.8;13;0;0;0;CatalogTable;"Caprari «K+ Electric submersible sewage pumps 50 Hz», cod. 996485X/09-24 — таблица Q–H, стр. 61; размеры/масса и данные двигателей — там же"
Caprari;K+ KCA;KCA100LD+012542N3;Open;100;185.9;12.5;1450;3~400 В;262.8;28.4;15;0;0;0;CatalogTable;"Caprari «K+ Electric submersible sewage pumps 50 Hz», cod. 996485X/09-24 — таблица Q–H, стр. 61; размеры/масса и данные двигателей — там же"
Caprari;K+ KCA;KCA100LG+010542N3;Open;100;185.4;10.5;1450;3~400 В;216.0;25.0;13;0;0;0;CatalogTable;"Caprari «K+ Electric submersible sewage pumps 50 Hz», cod. 996485X/09-24 — таблица Q–H, стр. 61; размеры/масса и данные двигателей — там же"
Caprari;K+ KCA;KCA100LL+007542N3;Open;100;161.7;7.5;1450;3~400 В;216.0;21.7;13;0;0;0;CatalogTable;"Caprari «K+ Electric submersible sewage pumps 50 Hz», cod. 996485X/09-24 — таблица Q–H, стр. 61; размеры/масса и данные двигателей — там же"
Caprari;K+ KCA;KCA100NA+026042N3;Open;100;373.5;26.0;1450;3~400 В;327.6;40.0;16;0;0;0;CatalogTable;"Caprari «K+ Electric submersible sewage pumps 50 Hz», cod. 996485X/09-24 — таблица Q–H, стр. 83; размеры/масса и данные двигателей — там же"
Caprari;K+ KCA;KCA100ND+021042N3;Open;100;397.1;21.0;1450;3~400 В;252.0;37.2;13;0;0;0;CatalogTable;"Caprari «K+ Electric submersible sewage pumps 50 Hz», cod. 996485X/09-24 — таблица Q–H, стр. 83; размеры/масса и данные двигателей — там же"
Caprari;K+ KCA;KCA100NG+019342N3;Open;100;364.6;19.3;1450;3~400 В;252.0;33.7;13;0;0;0;CatalogTable;"Caprari «K+ Electric submersible sewage pumps 50 Hz», cod. 996485X/09-24 — таблица Q–H, стр. 83; размеры/масса и данные двигателей — там же"
Caprari;K+ KCA;KCA100NL+016542N3;Open;100;342.0;16.5;1450;3~400 В;252.0;29.9;13;0;0;0;CatalogTable;"Caprari «K+ Electric submersible sewage pumps 50 Hz», cod. 996485X/09-24 — таблица Q–H, стр. 83; размеры/масса и данные двигателей — там же"
Caprari;K+ KCM;KCM100HA+001861N3;SingleChannel;100;80.0;1.8;960;3~400 В;136.8;9.5;18;0;0;0;CatalogTable;"Caprari «K+ Electric submersible sewage pumps 50 Hz», cod. 996485X/09-24 — таблица Q–H, стр. 51; размеры/масса и данные двигателей — там же"
Caprari;K+ KCM;KCM100HA+005842N3;SingleChannel;100;80.0;5.8;1450;3~400 В;223.2;21.2;14;0;0;0;CatalogTable;"Caprari «K+ Electric submersible sewage pumps 50 Hz», cod. 996485X/09-24 — таблица Q–H, стр. 57; размеры/масса и данные двигателей — там же"
Caprari;K+ KCM;KCM100HD+001861N3;SingleChannel;100;80.0;1.8;960;3~400 В;126.0;8.7;16;0;0;0;CatalogTable;"Caprari «K+ Electric submersible sewage pumps 50 Hz», cod. 996485X/09-24 — таблица Q–H, стр. 51; размеры/масса и данные двигателей — там же"
Caprari;K+ KCM;KCM100HD+004641N3;SingleChannel;100;80.0;4.6;1450;3~400 В;162.0;19.3;9;0;0;0;CatalogTable;"Caprari «K+ Electric submersible sewage pumps 50 Hz», cod. 996485X/09-24 — таблица Q–H, стр. 57; размеры/масса и данные двигателей — там же"
Caprari;K+ KCM;KCM100HG+001561N3;SingleChannel;100;80.0;1.5;960;3~400 В;108.0;7.2;14;0;0;0;CatalogTable;"Caprari «K+ Electric submersible sewage pumps 50 Hz», cod. 996485X/09-24 — таблица Q–H, стр. 51; размеры/масса и данные двигателей — там же"
Caprari;K+ KCM;KCM100HG+003741N3;SingleChannel;100;80.0;3.7;1450;3~400 В;144.0;16.9;9;0;0;0;CatalogTable;"Caprari «K+ Electric submersible sewage pumps 50 Hz», cod. 996485X/09-24 — таблица Q–H, стр. 57; размеры/масса и данные двигателей — там же"
Caprari;K+ KCM;KCM100HL+001561N3;SingleChannel;100;80.0;1.5;960;3~400 В;90.0;5.4;12;0;0;0;CatalogTable;"Caprari «K+ Electric submersible sewage pumps 50 Hz», cod. 996485X/09-24 — таблица Q–H, стр. 51; размеры/масса и данные двигателей — там же"
Caprari;K+ KCM;KCM100HL+002941N3;SingleChannel;100;80.0;2.9;1450;3~400 В;126.0;14.3;7;0;0;0;CatalogTable;"Caprari «K+ Electric submersible sewage pumps 50 Hz», cod. 996485X/09-24 — таблица Q–H, стр. 57; размеры/масса и данные двигателей — там же"
Caprari;K+ KCM;KCM100NA+023042N3;SingleChannel;100;100.0;23.0;1450;3~400 В;252.0;39.6;12;0;0;0;CatalogTable;"Caprari «K+ Electric submersible sewage pumps 50 Hz», cod. 996485X/09-24 — таблица Q–H, стр. 81; размеры/масса и данные двигателей — там же"
Caprari;K+ KCM;KCM100NA+035022N3;SingleChannel;100;80.0;35.0;2900;3~400 В;162.0;80.1;8;0;0;0;CatalogTable;"Caprari «K+ Electric submersible sewage pumps 50 Hz», cod. 996485X/09-24 — таблица Q–H, стр. 87; размеры/масса и данные двигателей — там же"
Caprari;K+ KCM;KCM100NB+035022N3;SingleChannel;100;80.0;35.0;2900;3~400 В;180.0;77.0;9;0;0;0;CatalogTable;"Caprari «K+ Electric submersible sewage pumps 50 Hz», cod. 996485X/09-24 — таблица Q–H, стр. 87; размеры/масса и данные двигателей — там же"
Caprari;K+ KCM;KCM100NC+026022N3;SingleChannel;100;80.0;26.0;2900;3~400 В;108.0;73.7;5;0;0;0;CatalogTable;"Caprari «K+ Electric submersible sewage pumps 50 Hz», cod. 996485X/09-24 — таблица Q–H, стр. 87; размеры/масса и данные двигателей — там же"
Caprari;K+ KCM;KCM100NC+035022N3;SingleChannel;100;80.0;35.0;2900;3~400 В;180.0;73.9;9;0;0;0;CatalogTable;"Caprari «K+ Electric submersible sewage pumps 50 Hz», cod. 996485X/09-24 — таблица Q–H, стр. 87; размеры/масса и данные двигателей — там же"
Caprari;K+ KCM;KCM100ND+019342N3;SingleChannel;100;100.0;19.3;1450;3~400 В;270.0;34.3;13;0;0;0;CatalogTable;"Caprari «K+ Electric submersible sewage pumps 50 Hz», cod. 996485X/09-24 — таблица Q–H, стр. 81; размеры/масса и данные двигателей — там же"
Caprari;K+ KCM;KCM100ND+026022N3;SingleChannel;100;80.0;26.0;2900;3~400 В;144.0;67.9;8;0;0;0;CatalogTable;"Caprari «K+ Electric submersible sewage pumps 50 Hz», cod. 996485X/09-24 — таблица Q–H, стр. 87; размеры/масса и данные двигателей — там же"
Caprari;K+ KCM;KCM100ND+035022N3;SingleChannel;100;80.0;35.0;2900;3~400 В;180.0;68.0;10;0;0;0;CatalogTable;"Caprari «K+ Electric submersible sewage pumps 50 Hz», cod. 996485X/09-24 — таблица Q–H, стр. 87; размеры/масса и данные двигателей — там же"
Caprari;K+ KCM;KCM100NE+026022N3;SingleChannel;100;80.0;26.0;2900;3~400 В;180.0;59.3;10;0;0;0;CatalogTable;"Caprari «K+ Electric submersible sewage pumps 50 Hz», cod. 996485X/09-24 — таблица Q–H, стр. 87; размеры/масса и данные двигателей — там же"
Caprari;K+ KCM;KCM100NF+026022N3;SingleChannel;100;80.0;26.0;2900;3~400 В;201.6;54.5;13;0;0;0;CatalogTable;"Caprari «K+ Electric submersible sewage pumps 50 Hz», cod. 996485X/09-24 — таблица Q–H, стр. 87; размеры/масса и данные двигателей — там же"
Caprari;K+ KCM;KCM100NG+019342N3;SingleChannel;100;100.0;19.3;1450;3~400 В;270.0;31.0;13;0;0;0;CatalogTable;"Caprari «K+ Electric submersible sewage pumps 50 Hz», cod. 996485X/09-24 — таблица Q–H, стр. 81; размеры/масса и данные двигателей — там же"
Caprari;K+ KCM;KCM100NG+026022N3;SingleChannel;100;80.0;26.0;2900;3~400 В;201.6;49.4;13;0;0;0;CatalogTable;"Caprari «K+ Electric submersible sewage pumps 50 Hz», cod. 996485X/09-24 — таблица Q–H, стр. 87; размеры/масса и данные двигателей — там же"
Caprari;K+ KCM;KCM100NL+016542N3;SingleChannel;100;100.0;16.5;1450;3~400 В;270.0;27.4;13;0;0;0;CatalogTable;"Caprari «K+ Electric submersible sewage pumps 50 Hz», cod. 996485X/09-24 — таблица Q–H, стр. 81; размеры/масса и данные двигателей — там же"
Caprari;K+ KCW;KCW100HA+005842N3;Vortex;100;100.0;5.8;1450;3~400 В;108.0;15.0;14;0;0;0;CatalogTable;"Caprari «K+ Electric submersible sewage pumps 50 Hz», cod. 996485X/09-24 — таблица Q–H, стр. 53; размеры/масса и данные двигателей — там же"
Caprari;K+ KCW;KCW100HF+004641N3;Vortex;100;100.0;4.6;1450;3~400 В;117.0;11.6;15;0;0;0;CatalogTable;"Caprari «K+ Electric submersible sewage pumps 50 Hz», cod. 996485X/09-24 — таблица Q–H, стр. 53; размеры/масса и данные двигателей — там же"
Caprari;K+ KCW;KCW100HL+003741N3;Vortex;100;100.0;3.7;1450;3~400 В;129.6;10.0;17;0;0;0;CatalogTable;"Caprari «K+ Electric submersible sewage pumps 50 Hz», cod. 996485X/09-24 — таблица Q–H, стр. 53; размеры/масса и данные двигателей — там же"
Caprari;K+ KCW;KCW100HN+002941N3;Vortex;100;100.0;2.9;1450;3~400 В;108.0;8.8;14;0;0;0;CatalogTable;"Caprari «K+ Electric submersible sewage pumps 50 Hz», cod. 996485X/09-24 — таблица Q–H, стр. 53; размеры/масса и данные двигателей — там же"
Caprari;K+ KCW;KCW100HR+002141N3;Vortex;100;100.0;2.1;1450;3~400 В;90.0;7.4;12;0;0;0;CatalogTable;"Caprari «K+ Electric submersible sewage pumps 50 Hz», cod. 996485X/09-24 — таблица Q–H, стр. 53; размеры/масса и данные двигателей — там же"
Caprari;K+ KCW;KCW100LA+004061N3;Vortex;100;100.0;4.0;960;3~400 В;158.4;10.1;13;0;0;0;CatalogTable;"Caprari «K+ Electric submersible sewage pumps 50 Hz», cod. 996485X/09-24 — таблица Q–H, стр. 49; размеры/масса и данные двигателей — там же"
Caprari;K+ KCW;KCW100LA+012542N3;Vortex;100;100.0;12.5;1450;3~400 В;241.2;23.0;14;0;0;0;CatalogTable;"Caprari «K+ Electric submersible sewage pumps 50 Hz», cod. 996485X/09-24 — таблица Q–H, стр. 55; размеры/масса и данные двигателей — там же"
Caprari;K+ KCW;KCW100LC+004061N3;Vortex;100;100.0;4.0;960;3~400 В;144.0;8.3;12;0;0;0;CatalogTable;"Caprari «K+ Electric submersible sewage pumps 50 Hz», cod. 996485X/09-24 — таблица Q–H, стр. 49; размеры/масса и данные двигателей — там же"
Caprari;K+ KCW;KCW100LC+010542N3;Vortex;100;100.0;10.5;1450;3~400 В;180.0;18.8;12;0;0;0;CatalogTable;"Caprari «K+ Electric submersible sewage pumps 50 Hz», cod. 996485X/09-24 — таблица Q–H, стр. 55; размеры/масса и данные двигателей — там же"
Caprari;K+ KCW;KCW100LE+004061N3;Vortex;100;100.0;4.0;960;3~400 В;108.0;7.3;10;0;0;0;CatalogTable;"Caprari «K+ Electric submersible sewage pumps 50 Hz», cod. 996485X/09-24 — таблица Q–H, стр. 49; размеры/масса и данные двигателей — там же"
Caprari;K+ KCW;KCW100LE+007542N3;Vortex;100;100.0;7.5;1450;3~400 В;162.0;16.6;11;0;0;0;CatalogTable;"Caprari «K+ Electric submersible sewage pumps 50 Hz», cod. 996485X/09-24 — таблица Q–H, стр. 55; размеры/масса и данные двигателей — там же"
Caprari;K+ KCW;KCW100ND+035022N3;Vortex;100;80.0;35.0;2900;3~400 В;108.0;56.3;10;0;0;0;CatalogTable;"Caprari «K+ Electric submersible sewage pumps 50 Hz», cod. 996485X/09-24 — таблица Q–H, стр. 85; размеры/масса и данные двигателей — там же"
Caprari;K+ KCW;KCW100NE+035022N3;Vortex;100;80.0;35.0;2900;3~400 В;126.0;53.4;11;0;0;0;CatalogTable;"Caprari «K+ Electric submersible sewage pumps 50 Hz», cod. 996485X/09-24 — таблица Q–H, стр. 85; размеры/масса и данные двигателей — там же"
Caprari;K+ KCW;KCW100NF+035022N3;Vortex;100;80.0;35.0;2900;3~400 В;144.0;49.7;12;0;0;0;CatalogTable;"Caprari «K+ Electric submersible sewage pumps 50 Hz», cod. 996485X/09-24 — таблица Q–H, стр. 85; размеры/масса и данные двигателей — там же"
Caprari;K+ KCW;KCW100NG+035022N3;Vortex;100;80.0;35.0;2900;3~400 В;180.0;45.5;14;0;0;0;CatalogTable;"Caprari «K+ Electric submersible sewage pumps 50 Hz», cod. 996485X/09-24 — таблица Q–H, стр. 85; размеры/масса и данные двигателей — там же"
Caprari;K+ KCW;KCW100NH+035022N3;Vortex;100;80.0;35.0;2900;3~400 В;216.0;40.6;16;0;0;0;CatalogTable;"Caprari «K+ Electric submersible sewage pumps 50 Hz», cod. 996485X/09-24 — таблица Q–H, стр. 85; размеры/масса и данные двигателей — там же"
Caprari;K+ KCW;KCW100NI+026022N3;Vortex;100;80.0;26.0;2900;3~400 В;180.0;35.4;14;0;0;0;CatalogTable;"Caprari «K+ Electric submersible sewage pumps 50 Hz», cod. 996485X/09-24 — таблица Q–H, стр. 85; размеры/масса и данные двигателей — там же"
Caprari;K+ KCW;KCW100NL+026022N3;Vortex;100;80.0;26.0;2900;3~400 В;198.0;29.2;15;0;0;0;CatalogTable;"Caprari «K+ Electric submersible sewage pumps 50 Hz», cod. 996485X/09-24 — таблица Q–H, стр. 85; размеры/масса и данные двигателей — там же"
Caprari;K+ KCA;KCA150HA+005842N3;Open;150;151.9;5.8;1450;3~400 В;277.2;16.8;12;0;0;0;CatalogTable;"Caprari «K+ Electric submersible sewage pumps 50 Hz», cod. 996485X/09-24 — таблица Q–H, стр. 69; размеры/масса и данные двигателей — там же"
Caprari;K+ KCA;KCA150HD+004641N3;Open;150;142.5;4.6;1450;3~400 В;216.0;15.1;10;0;0;0;CatalogTable;"Caprari «K+ Electric submersible sewage pumps 50 Hz», cod. 996485X/09-24 — таблица Q–H, стр. 69; размеры/масса и данные двигателей — там же"
Caprari;K+ KCA;KCA150HG+003741N3;Open;150;141.9;3.7;1450;3~400 В;180.0;12.9;10;0;0;0;CatalogTable;"Caprari «K+ Electric submersible sewage pumps 50 Hz», cod. 996485X/09-24 — таблица Q–H, стр. 69; размеры/масса и данные двигателей — там же"
Caprari;K+ KCA;KCA150HL+002941N3;Open;150;141.7;2.9;1450;3~400 В;180.0;11.4;10;0;0;0;CatalogTable;"Caprari «K+ Electric submersible sewage pumps 50 Hz», cod. 996485X/09-24 — таблица Q–H, стр. 69; размеры/масса и данные двигателей — там же"
Caprari;K+ KCA;KCA150HP+002141N3;Open;150;126.6;2.1;1450;3~400 В;162.0;9.6;10;0;0;0;CatalogTable;"Caprari «K+ Electric submersible sewage pumps 50 Hz», cod. 996485X/09-24 — таблица Q–H, стр. 69; размеры/масса и данные двигателей — там же"
Caprari;K+ KCA;KCA150NA+026042N3;Open;150;382.4;26.0;1450;3~400 В;471.6;36.9;18;0;0;0;CatalogTable;"Caprari «K+ Electric submersible sewage pumps 50 Hz», cod. 996485X/09-24 — таблица Q–H, стр. 91; размеры/масса и данные двигателей — там же"
Caprari;K+ KCA;KCA150ND+021042N3;Open;150;409.2;21.0;1450;3~400 В;450.0;32.7;17;0;0;0;CatalogTable;"Caprari «K+ Electric submersible sewage pumps 50 Hz», cod. 996485X/09-24 — таблица Q–H, стр. 91; размеры/масса и данные двигателей — там же"
Caprari;K+ KCA;KCA150NG+019342N3;Open;150;376.8;19.3;1450;3~400 В;471.6;30.1;18;0;0;0;CatalogTable;"Caprari «K+ Electric submersible sewage pumps 50 Hz», cod. 996485X/09-24 — таблица Q–H, стр. 91; размеры/масса и данные двигателей — там же"
Caprari;K+ KCA;KCA150NL+016542N3;Open;150;354.3;16.5;1450;3~400 В;471.6;26.2;18;0;0;0;CatalogTable;"Caprari «K+ Electric submersible sewage pumps 50 Hz», cod. 996485X/09-24 — таблица Q–H, стр. 91; размеры/масса и данные двигателей — там же"
Caprari;K+ KCM;KCM150HA+005842N3;SingleChannel;150;80.0;5.8;1450;3~400 В;270.0;18.1;14;0;0;0;CatalogTable;"Caprari «K+ Electric submersible sewage pumps 50 Hz», cod. 996485X/09-24 — таблица Q–H, стр. 65; размеры/масса и данные двигателей — там же"
Caprari;K+ KCM;KCM150HD+004641N3;SingleChannel;150;80.0;4.6;1450;3~400 В;216.0;12.1;11;0;0;0;CatalogTable;"Caprari «K+ Electric submersible sewage pumps 50 Hz», cod. 996485X/09-24 — таблица Q–H, стр. 65; размеры/масса и данные двигателей — там же"
Caprari;K+ KCM;KCM150LA+004061N3;SingleChannel;150;100.0;4.0;960;3~400 В;223.2;12.4;13;0;0;0;CatalogTable;"Caprari «K+ Electric submersible sewage pumps 50 Hz», cod. 996485X/09-24 — таблица Q–H, стр. 63; размеры/масса и данные двигателей — там же"
Caprari;K+ KCM;KCM150LD+004061N3;SingleChannel;150;100.0;4.0;960;3~400 В;180.0;10.9;14;0;0;0;CatalogTable;"Caprari «K+ Electric submersible sewage pumps 50 Hz», cod. 996485X/09-24 — таблица Q–H, стр. 63; размеры/масса и данные двигателей — там же"
Caprari;K+ KCM;KCM150LG+004061N3;SingleChannel;150;100.0;4.0;960;3~400 В;162.0;9.3;9;0;0;0;CatalogTable;"Caprari «K+ Electric submersible sewage pumps 50 Hz», cod. 996485X/09-24 — таблица Q–H, стр. 63; размеры/масса и данные двигателей — там же"
Caprari;K+ KCM;KCM150NA+026042N3;SingleChannel;150;115.0;26.0;1450;3~400 В;478.8;39.9;15;0;0;0;CatalogTable;"Caprari «K+ Electric submersible sewage pumps 50 Hz», cod. 996485X/09-24 — таблица Q–H, стр. 89; размеры/масса и данные двигателей — там же"
Caprari;K+ KCM;KCM150ND+021042N3;SingleChannel;150;115.0;21.0;1450;3~400 В;360.0;34.9;13;0;0;0;CatalogTable;"Caprari «K+ Electric submersible sewage pumps 50 Hz», cod. 996485X/09-24 — таблица Q–H, стр. 89; размеры/масса и данные двигателей — там же"
Caprari;K+ KCM;KCM150NG+019342N3;SingleChannel;150;115.0;19.3;1450;3~400 В;360.0;32.0;13;0;0;0;CatalogTable;"Caprari «K+ Electric submersible sewage pumps 50 Hz», cod. 996485X/09-24 — таблица Q–H, стр. 89; размеры/масса и данные двигателей — там же"
Caprari;K+ KCM;KCM150NL+016542N3;SingleChannel;150;115.0;16.5;1450;3~400 В;360.0;27.6;13;0;0;0;CatalogTable;"Caprari «K+ Electric submersible sewage pumps 50 Hz», cod. 996485X/09-24 — таблица Q–H, стр. 89; размеры/масса и данные двигателей — там же"
Caprari;K+ KCM;KCM150RB+055042X1;SingleChannel;150;102.0;55.0;1450;3~400 В;648.0;62.1;15;0;0;0;CatalogTable;"Caprari «K+ Electric submersible sewage pumps 50 Hz», cod. 996485X/09-24 — таблица Q–H, стр. 133; размеры/масса и данные двигателей — там же"
Caprari;K+ KCM;KCM150RE+045042X1;SingleChannel;150;102.0;45.0;1450;3~400 В;648.0;54.2;15;0;0;0;CatalogTable;"Caprari «K+ Electric submersible sewage pumps 50 Hz», cod. 996485X/09-24 — таблица Q–H, стр. 133; размеры/масса и данные двигателей — там же"
Caprari;K+ KCM;KCM150RH+037042X1;SingleChannel;150;102.0;37.0;1450;3~400 В;648.0;47.6;15;0;0;0;CatalogTable;"Caprari «K+ Electric submersible sewage pumps 50 Hz», cod. 996485X/09-24 — таблица Q–H, стр. 133; размеры/масса и данные двигателей — там же"
Caprari;K+ KCM;KCM150RM+030042X1;SingleChannel;150;102.0;30.0;1450;3~400 В;540.0;42.4;13;0;0;0;CatalogTable;"Caprari «K+ Electric submersible sewage pumps 50 Hz», cod. 996485X/09-24 — таблица Q–H, стр. 133; размеры/масса и данные двигателей — там же"
Caprari;K+ KCD;KCD200NA+007562N3;MultiChannel;200;100.0;7.5;960;3~400 В;583.2;10.4;11;0;0;0;CatalogTable;"Caprari «K+ Electric submersible sewage pumps 50 Hz», cod. 996485X/09-24 — таблица Q–H, стр. 71; размеры/масса и данные двигателей — там же"
Caprari;K+ KCD;KCD200NA+011062N3;MultiChannel;200;100.0;11.0;960;3~400 В;583.2;11.6;11;0;0;0;CatalogTable;"Caprari «K+ Electric submersible sewage pumps 50 Hz», cod. 996485X/09-24 — таблица Q–H, стр. 95; размеры/масса и данные двигателей — там же"
Caprari;K+ KCD;KCD200NA+026042N3;MultiChannel;200;100.0;26.0;1450;3~400 В;972.0;24.9;13;0;0;0;CatalogTable;"Caprari «K+ Electric submersible sewage pumps 50 Hz», cod. 996485X/09-24 — таблица Q–H, стр. 97; размеры/масса и данные двигателей — там же"
Caprari;K+ KCD;KCD200ND+021042N3;MultiChannel;200;100.0;21.0;1450;3~400 В;810.0;20.1;10;0;0;0;CatalogTable;"Caprari «K+ Electric submersible sewage pumps 50 Hz», cod. 996485X/09-24 — таблица Q–H, стр. 97; размеры/масса и данные двигателей — там же"
Caprari;K+ KCD;KCD200NG+007562N3;MultiChannel;200;100.0;7.5;960;3~400 В;450.0;7.7;11;0;0;0;CatalogTable;"Caprari «K+ Electric submersible sewage pumps 50 Hz», cod. 996485X/09-24 — таблица Q–H, стр. 71; размеры/масса и данные двигателей — там же"
Caprari;K+ KCD;KCD200NG+011062N3;MultiChannel;200;100.0;11.0;960;3~400 В;450.0;8.1;10;0;0;0;CatalogTable;"Caprari «K+ Electric submersible sewage pumps 50 Hz», cod. 996485X/09-24 — таблица Q–H, стр. 95; размеры/масса и данные двигателей — там же"
Caprari;K+ KCD;KCD200NG+019342N3;MultiChannel;200;100.0;19.3;1450;3~400 В;810.0;18.0;11;0;0;0;CatalogTable;"Caprari «K+ Electric submersible sewage pumps 50 Hz», cod. 996485X/09-24 — таблица Q–H, стр. 97; размеры/масса и данные двигателей — там же"
Caprari;K+ KCD;KCD200NL+007562N3;MultiChannel;200;100.0;7.5;960;3~400 В;360.0;5.9;10;0;0;0;CatalogTable;"Caprari «K+ Electric submersible sewage pumps 50 Hz», cod. 996485X/09-24 — таблица Q–H, стр. 71; размеры/масса и данные двигателей — там же"
Caprari;K+ KCD;KCD200NL+011062N3;MultiChannel;200;100.0;11.0;960;3~400 В;360.0;5.9;11;0;0;0;CatalogTable;"Caprari «K+ Electric submersible sewage pumps 50 Hz», cod. 996485X/09-24 — таблица Q–H, стр. 95; размеры/масса и данные двигателей — там же"
Caprari;K+ KCD;KCD200NL+016542N3;MultiChannel;200;100.0;16.5;1450;3~400 В;630.0;12.9;9;0;0;0;CatalogTable;"Caprari «K+ Electric submersible sewage pumps 50 Hz», cod. 996485X/09-24 — таблица Q–H, стр. 97; размеры/масса и данные двигателей — там же"
Caprari;K+ KCM;KCM200PA+019562N3;SingleChannel;200;135.0;19.5;960;3~400 В;619.2;23.2;15;0;0;0;CatalogTable;"Caprari «K+ Electric submersible sewage pumps 50 Hz», cod. 996485X/09-24 — таблица Q–H, стр. 93; размеры/масса и данные двигателей — там же"
Caprari;K+ KCM;KCM200PD+015062N3;SingleChannel;200;135.0;15.0;960;3~400 В;540.0;20.3;14;0;0;0;CatalogTable;"Caprari «K+ Electric submersible sewage pumps 50 Hz», cod. 996485X/09-24 — таблица Q–H, стр. 93; размеры/масса и данные двигателей — там же"
Caprari;K+ KCM;KCM200PG+011062N3;SingleChannel;200;135.0;11.0;960;3~400 В;450.0;13.0;12;0;0;0;CatalogTable;"Caprari «K+ Electric submersible sewage pumps 50 Hz», cod. 996485X/09-24 — таблица Q–H, стр. 93; размеры/масса и данные двигателей — там же"
Caprari;K+ KCD;KCD250PA+019562N3;MultiChannel;250;115.0;19.5;960;3~400 В;1098.0;15.0;14;0;0;0;CatalogTable;"Caprari «K+ Electric submersible sewage pumps 50 Hz», cod. 996485X/09-24 — таблица Q–H, стр. 99; размеры/масса и данные двигателей — там же"
Caprari;K+ KCD;KCD250PD+015062N3;MultiChannel;250;115.0;15.0;960;3~400 В;900.0;11.4;11;0;0;0;CatalogTable;"Caprari «K+ Electric submersible sewage pumps 50 Hz», cod. 996485X/09-24 — таблица Q–H, стр. 99; размеры/масса и данные двигателей — там же"
Caprari;K+ KCD;KCD250PI+011062N3;MultiChannel;250;115.0;11.0;960;3~400 В;720.0;8.4;9;0;0;0;CatalogTable;"Caprari «K+ Electric submersible sewage pumps 50 Hz», cod. 996485X/09-24 — таблица Q–H, стр. 99; размеры/масса и данные двигателей — там же"
Caprari;K+ KCM;KCM250RB+045062X1;SingleChannel;250;163.0;45.0;960;3~400 В;1098.0;33.5;14;0;0;0;CatalogTable;"Caprari «K+ Electric submersible sewage pumps 50 Hz», cod. 996485X/09-24 — таблица Q–H, стр. 137; размеры/масса и данные двигателей — там же"
Caprari;K+ KCM;KCM250RE+037062X1;SingleChannel;250;163.0;37.0;960;3~400 В;990.0;29.8;12;0;0;0;CatalogTable;"Caprari «K+ Electric submersible sewage pumps 50 Hz», cod. 996485X/09-24 — таблица Q–H, стр. 137; размеры/масса и данные двигателей — там же"
Caprari;K+ KCM;KCM250RH+030062X1;SingleChannel;250;163.0;30.0;960;3~400 В;990.0;26.9;12;0;0;0;CatalogTable;"Caprari «K+ Electric submersible sewage pumps 50 Hz», cod. 996485X/09-24 — таблица Q–H, стр. 137; размеры/масса и данные двигателей — там же"
Caprari;K+ KCM;KCM250RM+022062X1;SingleChannel;250;163.0;22.0;960;3~400 В;900.0;20.8;11;0;0;0;CatalogTable;"Caprari «K+ Electric submersible sewage pumps 50 Hz», cod. 996485X/09-24 — таблица Q–H, стр. 137; размеры/масса и данные двигателей — там же"
Caprari;K+ KCM;KCM250RM+082042N3;SingleChannel;250;163.0;82.0;1450;3~400 В;1252.8;45.0;15;0;0;0;CatalogTable;"Caprari «K+ Electric submersible sewage pumps 50 Hz», cod. 996485X/09-24 — таблица Q–H, стр. 115; размеры/масса и данные двигателей — там же"
Caprari;K+ KCM;KCM250TA+180042N1;SingleChannel;250;163.0;180.0;1450;3~400 В;1170.0;78.1;12;0;0;0;CatalogTable;"Caprari «K+ Electric submersible sewage pumps 50 Hz», cod. 996485X/09-24 — таблица Q–H, стр. 151; размеры/масса и данные двигателей — там же"
Caprari;K+ KCM;KCM250TB+145042N1;SingleChannel;250;163.0;145.0;1450;3~400 В;1170.0;74.1;13;0;0;0;CatalogTable;"Caprari «K+ Electric submersible sewage pumps 50 Hz», cod. 996485X/09-24 — таблица Q–H, стр. 151; размеры/масса и данные двигателей — там же"
Caprari;K+ KCM;KCM250TD+145042N1;SingleChannel;250;163.0;145.0;1450;3~400 В;1170.0;70.8;14;0;0;0;CatalogTable;"Caprari «K+ Electric submersible sewage pumps 50 Hz», cod. 996485X/09-24 — таблица Q–H, стр. 151; размеры/масса и данные двигателей — там же"
Caprari;K+ KCM;KCM250TE+145042N1;SingleChannel;250;163.0;145.0;1450;3~400 В;1242.0;65.9;15;0;0;0;CatalogTable;"Caprari «K+ Electric submersible sewage pumps 50 Hz», cod. 996485X/09-24 — таблица Q–H, стр. 151; размеры/масса и данные двигателей — там же"
Caprari;K+ KCM;KCM250TG+120042N1;SingleChannel;250;163.0;120.0;1450;3~400 В;1170.0;62.4;14;0;0;0;CatalogTable;"Caprari «K+ Electric submersible sewage pumps 50 Hz», cod. 996485X/09-24 — таблица Q–H, стр. 151; размеры/масса и данные двигателей — там же"
Caprari;K+ KCM;KCM250TH+100042N1;SingleChannel;250;163.0;100.0;1450;3~400 В;1170.0;59.3;13;0;0;0;CatalogTable;"Caprari «K+ Electric submersible sewage pumps 50 Hz», cod. 996485X/09-24 — таблица Q–H, стр. 151; размеры/масса и данные двигателей — там же"
Caprari;K+ KCM;KCM250TL+100042N1;SingleChannel;250;163.0;100.0;1450;3~400 В;1170.0;55.3;13;0;0;0;CatalogTable;"Caprari «K+ Electric submersible sewage pumps 50 Hz», cod. 996485X/09-24 — таблица Q–H, стр. 151; размеры/масса и данные двигателей — там же"
Caprari;K+ KCM;KCM250ZA+021082N1;SingleChannel;250;163.0;21.0;725;3~400 В;918.0;19.7;18;0;0;0;CatalogTable;"Caprari «K+ Electric submersible sewage pumps 50 Hz», cod. 996485X/09-24 — таблица Q–H, стр. 111; размеры/масса и данные двигателей — там же"
Caprari;K+ KCM;KCM250ZD+018582X1;SingleChannel;250;163.0;18.5;725;3~400 В;882.0;18.7;14;0;0;0;CatalogTable;"Caprari «K+ Electric submersible sewage pumps 50 Hz», cod. 996485X/09-24 — таблица Q–H, стр. 135; размеры/масса и данные двигателей — там же"
Dreno Pompe;Compatta;Compatta 1 M;Vortex;32;30.0;0.28;2850;1~230 В;9.0;;5;0;0;0;CatalogTable;Dreno Pompe «Catalogo – Catalogue 50Hz 2022 rev.0», серия Compatta, стр. 17 (печатн. 16)
Dreno Pompe;Compatta;Compatta 1.5 M/T;Vortex;32;30.0;0.37;2850;1~230 В / 3~400 В;10.8;;6;0;0;0;CatalogTable;Dreno Pompe «Catalogo – Catalogue 50Hz 2022 rev.0», серия Compatta, стр. 17 (печатн. 16)
Dreno Pompe;Compatta;Compatta 2 M/T;Vortex;40;35.0;0.56;2850;1~230 В / 3~400 В;14.4;;8;0;0;0;CatalogTable;Dreno Pompe «Catalogo – Catalogue 50Hz 2022 rev.0», серия Compatta, стр. 17 (печатн. 16)
Dreno Pompe;Compatta;Compatta 3 M/T;Vortex;40;35.0;0.75;2850;1~230 В / 3~400 В;16.2;;9;0;0;0;CatalogTable;Dreno Pompe «Catalogo – Catalogue 50Hz 2022 rev.0», серия Compatta, стр. 17 (печатн. 16)
Dreno Pompe;Compatta;Compatta 22 M/T;Vortex;50;40.0;0.56;2850;1~230 В / 3~400 В;25.2;;7;0;0;0;CatalogTable;Dreno Pompe «Catalogo – Catalogue 50Hz 2022 rev.0», серия Compatta, стр. 19 (печатн. 18)
Dreno Pompe;Compatta;Compatta 32 M/T;Vortex;50;40.0;0.75;2850;1~230 В / 3~400 В;28.8;;8;0;0;0;CatalogTable;Dreno Pompe «Catalogo – Catalogue 50Hz 2022 rev.0», серия Compatta, стр. 19 (печатн. 18)
Dreno Pompe;Compatta;Compatta 4 M/T;Vortex;50;50.0;1.1;2850;1~230 В / 3~400 В;28.8;;8;0;0;0;CatalogTable;Dreno Pompe «Catalogo – Catalogue 50Hz 2022 rev.0», серия Compatta, стр. 19 (печатн. 18)
Dreno Pompe;Compatta;Compatta 55 M/T;Vortex;50;50.0;1.5;2850;1~230 В / 3~400 В;32.4;;9;0;0;0;CatalogTable;Dreno Pompe «Catalogo – Catalogue 50Hz 2022 rev.0», серия Compatta, стр. 19 (печатн. 18)
Dreno Pompe;Compatta PRO;Compatta PRO 50-2/060 M/T;Vortex;50;50.0;0.6;2850;1~230 В / 3~400 В;25.2;;7;0;0;0;CatalogTable;Dreno Pompe «Catalogo – Catalogue 50Hz 2022 rev.0», серия Compatta PRO, стр. 25 (печатн. 24)
Dreno Pompe;Compatta PRO;Compatta PRO 50-2/080 M/T;Vortex;50;50.0;0.8;2850;1~230 В / 3~400 В;28.8;;8;0;0;0;CatalogTable;Dreno Pompe «Catalogo – Catalogue 50Hz 2022 rev.0», серия Compatta PRO, стр. 25 (печатн. 24)
Dreno Pompe;Compatta PRO;Compatta PRO 50-2/110 M/T;Vortex;50;50.0;1.1;2850;1~230 В / 3~400 В;28.8;;8;0;0;0;CatalogTable;Dreno Pompe «Catalogo – Catalogue 50Hz 2022 rev.0», серия Compatta PRO, стр. 25 (печатн. 24)
Dreno Pompe;Compatta PRO;Compatta PRO 50-2/150 M/T;Vortex;50;50.0;1.5;2850;1~230 В / 3~400 В;36.0;;9;0;0;0;CatalogTable;Dreno Pompe «Catalogo – Catalogue 50Hz 2022 rev.0», серия Compatta PRO, стр. 25 (печатн. 24)
Dreno Pompe;Compatta PRO;Compatta PRO 50-2/220 T;Vortex;50;50.0;2.2;2850;3~400 В;39.6;;10;0;0;0;CatalogTable;Dreno Pompe «Catalogo – Catalogue 50Hz 2022 rev.0», серия Compatta PRO, стр. 25 (печатн. 24)
Dreno Pompe;Alpha V;Alpha V 2 M/T;Vortex;40;35.0;0.56;2850;1~230 В / 3~400 В;18.0;;10;0;0;0;CatalogTable;Dreno Pompe «Catalogo – Catalogue 50Hz 2022 rev.0», серия Alpha V, стр. 31 (печатн. 30)
Dreno Pompe;Alpha V;Alpha V 3 M/T;Vortex;40;35.0;0.75;2850;1~230 В / 3~400 В;21.6;;12;0;0;0;CatalogTable;Dreno Pompe «Catalogo – Catalogue 50Hz 2022 rev.0», серия Alpha V, стр. 31 (печатн. 30)
Dreno Pompe;Alpha V;Alpha V 22 M/T;Vortex;50;40.0;0.56;2850;1~230 В / 3~400 В;25.2;;8;0;0;0;CatalogTable;Dreno Pompe «Catalogo – Catalogue 50Hz 2022 rev.0», серия Alpha V, стр. 33 (печатн. 32)
Dreno Pompe;Alpha V;Alpha V 32 M/T;Vortex;50;40.0;0.75;2850;1~230 В / 3~400 В;28.8;;9;0;0;0;CatalogTable;Dreno Pompe «Catalogo – Catalogue 50Hz 2022 rev.0», серия Alpha V, стр. 33 (печатн. 32)
Dreno Pompe;Alpha V;Alpha V 4 M/T;Vortex;50;45.0;1.1;2850;1~230 В / 3~400 В;28.8;;9;0;0;0;CatalogTable;Dreno Pompe «Catalogo – Catalogue 50Hz 2022 rev.0», серия Alpha V, стр. 33 (печатн. 32)
Dreno Pompe;Alpha V;Alpha V 55 M/T;Vortex;50;45.0;1.5;2850;1~230 В / 3~400 В;32.4;;10;0;0;0;CatalogTable;Dreno Pompe «Catalogo – Catalogue 50Hz 2022 rev.0», серия Alpha V, стр. 33 (печатн. 32)
Dreno Pompe;Alpha V PRO;Alpha V PRO 50-2/060 M/T;Vortex;50;50.0;0.6;2850;1~230 В / 3~400 В;25.2;;7;0;0;0;CatalogTable;Dreno Pompe «Catalogo – Catalogue 50Hz 2022 rev.0», серия Alpha V PRO, стр. 39 (печатн. 38)
Dreno Pompe;Alpha V PRO;Alpha V PRO 50-2/080 M/T;Vortex;50;50.0;0.8;2850;1~230 В / 3~400 В;28.8;;8;0;0;0;CatalogTable;Dreno Pompe «Catalogo – Catalogue 50Hz 2022 rev.0», серия Alpha V PRO, стр. 39 (печатн. 38)
Dreno Pompe;Alpha V PRO;Alpha V PRO 50-2/110 M/T;Vortex;50;50.0;1.1;2850;1~230 В / 3~400 В;28.8;;8;0;0;0;CatalogTable;Dreno Pompe «Catalogo – Catalogue 50Hz 2022 rev.0», серия Alpha V PRO, стр. 39 (печатн. 38)
Dreno Pompe;Alpha V PRO;Alpha V PRO 50-2/150 M/T;Vortex;50;50.0;1.5;2850;1~230 В / 3~400 В;36.0;;9;0;0;0;CatalogTable;Dreno Pompe «Catalogo – Catalogue 50Hz 2022 rev.0», серия Alpha V PRO, стр. 39 (печатн. 38)
Dreno Pompe;Alpha V PRO;Alpha V PRO 50-2/220 T;Vortex;50;50.0;2.2;2850;3~400 В;39.6;;10;0;0;0;CatalogTable;Dreno Pompe «Catalogo – Catalogue 50Hz 2022 rev.0», серия Alpha V PRO, стр. 39 (печатн. 38)
Dreno Pompe;DNA;DNA 50-2/056 M/T;Vortex;50;45.0;0.56;2850;1~230 В / 3~400 В;25.2;;7;0;0;0;CatalogTable;Dreno Pompe «Catalogo – Catalogue 50Hz 2022 rev.0», серия DNA, стр. 45 (печатн. 44)
Dreno Pompe;DNA;DNA 50-2/075 M/T;Vortex;50;45.0;0.75;2850;1~230 В / 3~400 В;28.8;;8;0;0;0;CatalogTable;Dreno Pompe «Catalogo – Catalogue 50Hz 2022 rev.0», серия DNA, стр. 45 (печатн. 44)
Dreno Pompe;DNA;DNA 50-2/110 M/T;Vortex;50;50.0;1.1;2850;1~230 В / 3~400 В;28.8;;9;0;0;0;CatalogTable;Dreno Pompe «Catalogo – Catalogue 50Hz 2022 rev.0», серия DNA, стр. 47 (печатн. 46)
Dreno Pompe;DNA;DNA 50-2/150 M/T;Vortex;50;50.0;1.5;2850;1~230 В / 3~400 В;32.4;;10;0;0;0;CatalogTable;Dreno Pompe «Catalogo – Catalogue 50Hz 2022 rev.0», серия DNA, стр. 47 (печатн. 46)
Dreno Pompe;DNA;DNA 50-2/220 T;Vortex;50;50.0;2.2;2850;3~400 В;36.0;;11;0;0;0;CatalogTable;Dreno Pompe «Catalogo – Catalogue 50Hz 2022 rev.0», серия DNA, стр. 47 (печатн. 46)
Dreno Pompe;DNA;DNA 50-2/220-1 T;Vortex;50;50.0;2.2;2850;3~400 В;18.0;;6;0;0;0;CatalogTable;Dreno Pompe «Catalogo – Catalogue 50Hz 2022 rev.0», серия DNA, стр. 47 (печатн. 46)
Dreno Pompe;DNA;DNA 50-4/090 M/T;Vortex;50;50.0;0.9;1450;1~230 В / 3~400 В;27.0;;9;0;0;0;CatalogTable;Dreno Pompe «Catalogo – Catalogue 50Hz 2022 rev.0», серия DNA, стр. 49 (печатн. 48)
Dreno Pompe;DNA;DNA 65-2/110 M/T;Vortex;65;65.0;1.1;2850;1~230 В / 3~400 В;28.8;;5;0;0;0;CatalogTable;Dreno Pompe «Catalogo – Catalogue 50Hz 2022 rev.0», серия DNA, стр. 51 (печатн. 50)
Dreno Pompe;DNA;DNA 65-2/150 M/T;Vortex;65;65.0;1.5;2850;1~230 В / 3~400 В;39.6;;7;0;0;0;CatalogTable;Dreno Pompe «Catalogo – Catalogue 50Hz 2022 rev.0», серия DNA, стр. 51 (печатн. 50)
Dreno Pompe;DNA;DNA 65-2/220 T;Vortex;65;65.0;2.2;2850;3~400 В;50.4;;9;0;0;0;CatalogTable;Dreno Pompe «Catalogo – Catalogue 50Hz 2022 rev.0», серия DNA, стр. 51 (печатн. 50)
Dreno Pompe;DNA;DNA 80-2/110 M/T;Vortex;80;80.0;1.1;2850;1~230 В / 3~400 В;43.2;;7;0;0;0;CatalogTable;Dreno Pompe «Catalogo – Catalogue 50Hz 2022 rev.0», серия DNA, стр. 53 (печатн. 52)
Dreno Pompe;DNA;DNA 80-2/150 M/T;Vortex;80;80.0;1.5;2850;1~230 В / 3~400 В;50.4;;8;0;0;0;CatalogTable;Dreno Pompe «Catalogo – Catalogue 50Hz 2022 rev.0», серия DNA, стр. 53 (печатн. 52)
Dreno Pompe;DNA;DNA 80-2/220 T;Vortex;80;80.0;2.2;2850;3~400 В;57.6;;9;0;0;0;CatalogTable;Dreno Pompe «Catalogo – Catalogue 50Hz 2022 rev.0», серия DNA, стр. 53 (печатн. 52)
Dreno Pompe;DNA;DNA 80-4/090 M/T;Vortex;80;75.0;0.9;1450;1~230 В / 3~400 В;43.2;;7;0;0;0;CatalogTable;Dreno Pompe «Catalogo – Catalogue 50Hz 2022 rev.0», серия DNA, стр. 53 (печатн. 52)
Dreno Pompe;V2;VM-VT 65/2/125 C.336;Vortex;65;50.0;1.5;2850;1~230 В / 3~400 В;43.2;;7;0;0;0;CatalogTable;Dreno Pompe «Catalogo – Catalogue 50Hz 2022 rev.0», серия V2, стр. 59 (печатн. 58)
Dreno Pompe;V2;VT 65/2/125 C.337;Vortex;65;50.0;2.2;2850;3~400 В;50.4;;8;0;0;0;CatalogTable;Dreno Pompe «Catalogo – Catalogue 50Hz 2022 rev.0», серия V2, стр. 59 (печатн. 58)
Dreno Pompe;V2;VT 65/2/152 C.346;Vortex;65;55.0;3.2;2850;3~400 В;57.6;;9;0;0;0;CatalogTable;Dreno Pompe «Catalogo – Catalogue 50Hz 2022 rev.0», серия V2, стр. 59 (печатн. 58)
Dreno Pompe;V2;VT 65/2/152 C.347;Vortex;65;55.0;4.2;2850;3~400 В;68.4;;10;0;0;0;CatalogTable;Dreno Pompe «Catalogo – Catalogue 50Hz 2022 rev.0», серия V2, стр. 59 (печатн. 58)
Dreno Pompe;V2;VT 80/2/152 C.346;Vortex;80;50.0;3.2;2850;3~400 В;72.0;;8;0;0;0;CatalogTable;Dreno Pompe «Catalogo – Catalogue 50Hz 2022 rev.0», серия V2, стр. 61 (печатн. 60)
Dreno Pompe;V2;VT 80/2/152 C.347;Vortex;80;50.0;4.2;2850;3~400 В;86.4;;10;0;0;0;CatalogTable;Dreno Pompe «Catalogo – Catalogue 50Hz 2022 rev.0», серия V2, стр. 61 (печатн. 60)
Dreno Pompe;V2;VT 80/2/173 C.354;Vortex;80;70.0;5.2;2850;3~400 В;115.2;;9;0;0;0;CatalogTable;Dreno Pompe «Catalogo – Catalogue 50Hz 2022 rev.0», серия V2, стр. 63 (печатн. 62)
Dreno Pompe;V2;VT 80/2/173 C.357;Vortex;80;70.0;7.5;2850;3~400 В;129.6;;10;0;0;0;CatalogTable;Dreno Pompe «Catalogo – Catalogue 50Hz 2022 rev.0», серия V2, стр. 63 (печатн. 62)
Dreno Pompe;V2;VT 80/2/173 C.359;Vortex;80;70.0;9.2;2850;3~400 В;144.0;;11;0;0;0;CatalogTable;Dreno Pompe «Catalogo – Catalogue 50Hz 2022 rev.0», серия V2, стр. 63 (печатн. 62)
Dreno Pompe;VTH;VTH 80-2/120;Vortex;80;70.0;12.0;2850;3~400 В;108.0;;7;0;0;0;CatalogTable;Dreno Pompe «Catalogo – Catalogue 50Hz 2022 rev.0», серия VTH, стр. 69 (печатн. 68)
Dreno Pompe;VTH;VTH 80-2/150;Vortex;80;70.0;15.0;2850;3~400 В;144.0;;9;0;0;0;CatalogTable;Dreno Pompe «Catalogo – Catalogue 50Hz 2022 rev.0», серия VTH, стр. 69 (печатн. 68)
Dreno Pompe;VTH;VTH 80-2/200;Vortex;80;70.0;20.0;2850;3~400 В;144.0;;9;0;0;0;CatalogTable;Dreno Pompe «Catalogo – Catalogue 50Hz 2022 rev.0», серия VTH, стр. 69 (печатн. 68)
Dreno Pompe;VTH;VTH 80-2/250;Vortex;80;70.0;25.0;2850;3~400 В;151.2;;10;0;0;0;CatalogTable;Dreno Pompe «Catalogo – Catalogue 50Hz 2022 rev.0», серия VTH, стр. 69 (печатн. 68)
Dreno Pompe;VTH;VTH 100-2/150;Vortex;100;100.0;15.0;2850;3~400 В;144.0;;9;0;0;0;CatalogTable;Dreno Pompe «Catalogo – Catalogue 50Hz 2022 rev.0», серия VTH, стр. 71 (печатн. 70)
Dreno Pompe;VTH;VTH 100-2/200;Vortex;100;100.0;20.0;2850;3~400 В;151.2;;10;0;0;0;CatalogTable;Dreno Pompe «Catalogo – Catalogue 50Hz 2022 rev.0», серия VTH, стр. 71 (печатн. 70)
Dreno Pompe;VTH;VTH 100-2/250;Vortex;100;100.0;25.0;2850;3~400 В;151.2;;10;0;0;0;CatalogTable;Dreno Pompe «Catalogo – Catalogue 50Hz 2022 rev.0», серия VTH, стр. 71 (печатн. 70)
Dreno Pompe;VTH;VTH 100-2/300;Vortex;100;100.0;30.0;2850;3~400 В;151.2;;10;0;0;0;CatalogTable;Dreno Pompe «Catalogo – Catalogue 50Hz 2022 rev.0», серия VTH, стр. 71 (печатн. 70)
Dreno Pompe;VTH;VTH 100-2/350;Vortex;100;100.0;35.0;2850;3~400 В;151.2;;10;0;0;0;CatalogTable;Dreno Pompe «Catalogo – Catalogue 50Hz 2022 rev.0», серия VTH, стр. 71 (печатн. 70)
Dreno Pompe;VTH;VTH 100-2/400;Vortex;100;100.0;40.0;2850;3~400 В;151.2;;10;0;0;0;CatalogTable;Dreno Pompe «Catalogo – Catalogue 50Hz 2022 rev.0», серия VTH, стр. 71 (печатн. 70)
Dreno Pompe;VTH;VTH 100-2/400-1;Vortex;100;100.0;40.0;2850;3~400 В;122.4;;8;0;0;0;CatalogTable;Dreno Pompe «Catalogo – Catalogue 50Hz 2022 rev.0», серия VTH, стр. 71 (печатн. 70)
Dreno Pompe;VTH;VTH 100-2/400-2;Vortex;100;100.0;40.0;2850;3~400 В;86.4;;6;0;0;0;CatalogTable;Dreno Pompe «Catalogo – Catalogue 50Hz 2022 rev.0», серия VTH, стр. 71 (печатн. 70)
Dreno Pompe;V4;VT 65/4/125 C.341;Vortex;65;65.0;1.1;1450;3~400 В;43.2;;6;0;0;0;CatalogTable;Dreno Pompe «Catalogo – Catalogue 50Hz 2022 rev.0», серия V4, стр. 77 (печатн. 76)
Dreno Pompe;V4;VT 65/4/125 C.342;Vortex;65;65.0;1.25;1450;3~400 В;43.2;;6;0;0;0;CatalogTable;Dreno Pompe «Catalogo – Catalogue 50Hz 2022 rev.0», серия V4, стр. 77 (печатн. 76)
Dreno Pompe;V4;VT 65/4/152 C.344;Vortex;65;65.0;2.2;1450;3~400 В;57.6;;8;0;0;0;CatalogTable;Dreno Pompe «Catalogo – Catalogue 50Hz 2022 rev.0», серия V4, стр. 77 (печатн. 76)
Dreno Pompe;V4;VT 65/4/152 C.345;Vortex;65;65.0;3.0;1450;3~400 В;72.0;;10;0;0;0;CatalogTable;Dreno Pompe «Catalogo – Catalogue 50Hz 2022 rev.0», серия V4, стр. 77 (печатн. 76)
Dreno Pompe;V4;VM-VT 80/4/125 C.341;Vortex;80;75.0;1.1;1450;1~230 В / 3~400 В;57.6;;6;0;0;0;CatalogTable;Dreno Pompe «Catalogo – Catalogue 50Hz 2022 rev.0», серия V4, стр. 79 (печатн. 78)
Dreno Pompe;V4;VM-VT 80/4/125 C.342;Vortex;80;75.0;1.25;1450;1~230 В / 3~400 В;72.0;;7;0;0;0;CatalogTable;Dreno Pompe «Catalogo – Catalogue 50Hz 2022 rev.0», серия V4, стр. 79 (печатн. 78)
Dreno Pompe;V4;VT 80/4/152 C.344;Vortex;80;80.0;2.2;1450;3~400 В;100.8;;9;0;0;0;CatalogTable;Dreno Pompe «Catalogo – Catalogue 50Hz 2022 rev.0», серия V4, стр. 79 (печатн. 78)
Dreno Pompe;V4;VT 80/4/152 C.345;Vortex;80;80.0;3.0;1450;3~400 В;115.2;;10;0;0;0;CatalogTable;Dreno Pompe «Catalogo – Catalogue 50Hz 2022 rev.0», серия V4, стр. 79 (печатн. 78)
Dreno Pompe;V4;VT 100/4/152 C.348;Vortex;100;100.0;1.7;1450;3~400 В;72.0;;5;0;0;0;CatalogTable;Dreno Pompe «Catalogo – Catalogue 50Hz 2022 rev.0», серия V4, стр. 81 (печатн. 80)
Dreno Pompe;V4;VT 100/4/152 C.349;Vortex;100;100.0;2.2;1450;3~400 В;86.4;;6;0;0;0;CatalogTable;Dreno Pompe «Catalogo – Catalogue 50Hz 2022 rev.0», серия V4, стр. 81 (печатн. 80)
Dreno Pompe;V4;VT 100/4/152 C.350;Vortex;100;100.0;3.0;1450;3~400 В;115.2;;7;0;0;0;CatalogTable;Dreno Pompe «Catalogo – Catalogue 50Hz 2022 rev.0», серия V4, стр. 81 (печатн. 80)
Dreno Pompe;V4;VT 100/4/173 C.355;Vortex;100;90.0;4.0;1450;3~400 В;129.6;;8;0;0;0;CatalogTable;Dreno Pompe «Catalogo – Catalogue 50Hz 2022 rev.0», серия V4, стр. 81 (печатн. 80)
Dreno Pompe;V4;VT 100/4/173 C.356;Vortex;100;90.0;6.0;1450;3~400 В;144.0;;9;0;0;0;CatalogTable;Dreno Pompe «Catalogo – Catalogue 50Hz 2022 rev.0», серия V4, стр. 81 (печатн. 80)
Dreno Pompe;V4;VT 100/4/173 C.358;Vortex;100;90.0;7.5;1450;3~400 В;165.6;;10;0;0;0;CatalogTable;Dreno Pompe «Catalogo – Catalogue 50Hz 2022 rev.0», серия V4, стр. 81 (печатн. 80)
Dreno Pompe;V4;VT 100/4/200 C.362;Vortex;100;90.0;11.5;1450;3~400 В;144.0;;8;0;0;0;CatalogTable;Dreno Pompe «Catalogo – Catalogue 50Hz 2022 rev.0», серия V4, стр. 85 (печатн. 84)
Dreno Pompe;V4;VT 100/4/200 C.363;Vortex;100;90.0;15.0;1450;3~400 В;194.4;;10;0;0;0;CatalogTable;Dreno Pompe «Catalogo – Catalogue 50Hz 2022 rev.0», серия V4, стр. 85 (печатн. 84)
Dreno Pompe;V4;VT 100/4/240 C.370;Vortex;100;90.0;18.0;1450;3~400 В;144.0;;8;0;0;0;CatalogTable;Dreno Pompe «Catalogo – Catalogue 50Hz 2022 rev.0», серия V4, стр. 85 (печатн. 84)
Dreno Pompe;V4;VT 100/4/240 C.375;Vortex;100;90.0;20.0;1450;3~400 В;144.0;;8;0;0;0;CatalogTable;Dreno Pompe «Catalogo – Catalogue 50Hz 2022 rev.0», серия V4, стр. 85 (печатн. 84)
Dreno Pompe;V4;VT 100/4/240 C.380;Vortex;100;90.0;25.0;1450;3~400 В;194.4;;10;0;0;0;CatalogTable;Dreno Pompe «Catalogo – Catalogue 50Hz 2022 rev.0», серия V4, стр. 85 (печатн. 84)
Dreno Pompe;V4;VT 150/4/340 C.385;Vortex;150;130.0;37.0;1450;3~400 В;396.0;;9;0;0;0;CatalogTable;Dreno Pompe «Catalogo – Catalogue 50Hz 2022 rev.0», серия V4, стр. 87 (печатн. 86)
Dreno Pompe;V4;VT 150/4/340 C.390;Vortex;150;130.0;45.0;1450;3~400 В;432.0;;10;0;0;0;CatalogTable;Dreno Pompe «Catalogo – Catalogue 50Hz 2022 rev.0», серия V4, стр. 87 (печатн. 86)
Dreno Pompe;V4;VT 150/4/340 C.395;Vortex;150;130.0;54.5;1450;3~400 В;432.0;;10;0;0;0;CatalogTable;Dreno Pompe «Catalogo – Catalogue 50Hz 2022 rev.0», серия V4, стр. 87 (печатн. 86)
Dreno Pompe;DNB;DNB 65-2/080 M/T;MultiChannel;65;50.0;0.8;2850;1~230 В / 3~400 В;36.0;;6;0;0;0;CatalogTable;Dreno Pompe «Catalogo – Catalogue 50Hz 2022 rev.0», серия DNB, стр. 93 (печатн. 92)
Dreno Pompe;DNB;DNB 65-2/110 M/T;MultiChannel;65;50.0;1.1;2850;1~230 В / 3~400 В;39.6;;7;0;0;0;CatalogTable;Dreno Pompe «Catalogo – Catalogue 50Hz 2022 rev.0», серия DNB, стр. 93 (печатн. 92)
Dreno Pompe;DNB;DNB 65-2/150 M/ T;MultiChannel;65;50.0;1.5;2850;1~230 В / 3~400 В;50.4;;9;0;0;0;CatalogTable;Dreno Pompe «Catalogo – Catalogue 50Hz 2022 rev.0», серия DNB, стр. 93 (печатн. 92)
Dreno Pompe;DNB;DNB 65-2/220 T;MultiChannel;65;50.0;2.2;2850;3~400 В;57.6;;10;0;0;0;CatalogTable;Dreno Pompe «Catalogo – Catalogue 50Hz 2022 rev.0», серия DNB, стр. 95 (печатн. 94)
Dreno Pompe;DNB;DNB 65-2/220-1 T;MultiChannel;65;50.0;2.2;2850;3~400 В;36.0;;7;0;0;0;CatalogTable;Dreno Pompe «Catalogo – Catalogue 50Hz 2022 rev.0», серия DNB, стр. 95 (печатн. 94)
Dreno Pompe;DNB;DNB 65-2/220-2 T;MultiChannel;65;50.0;2.2;2850;3~400 В;28.8;;6;0;0;0;CatalogTable;Dreno Pompe «Catalogo – Catalogue 50Hz 2022 rev.0», серия DNB, стр. 95 (печатн. 94)
Dreno Pompe;DNB;DNB 80-2/150 M/T;MultiChannel;80;70.0;1.5;2850;1~230 В / 3~400 В;64.8;;9;0;0;0;CatalogTable;Dreno Pompe «Catalogo – Catalogue 50Hz 2022 rev.0», серия DNB, стр. 97 (печатн. 96)
Dreno Pompe;DNB;DNB 80-2/220 T;MultiChannel;80;70.0;2.2;2850;3~400 В;90.0;;13;0;0;0;CatalogTable;Dreno Pompe «Catalogo – Catalogue 50Hz 2022 rev.0», серия DNB, стр. 97 (печатн. 96)
Dreno Pompe;DNB;DNB 80-2/220-1 T;MultiChannel;80;70.0;2.2;2850;3~400 В;57.6;;8;0;0;0;CatalogTable;Dreno Pompe «Catalogo – Catalogue 50Hz 2022 rev.0», серия DNB, стр. 97 (печатн. 96)
Dreno Pompe;DNB;DNB 80-4/110 M/T;MultiChannel;80;70.0;1.1;1450;1~230 В / 3~400 В;79.2;;12;0;0;0;CatalogTable;Dreno Pompe «Catalogo – Catalogue 50Hz 2022 rev.0», серия DNB, стр. 99 (печатн. 98)
Dreno Pompe;A2;AM-AT 65/2/125 C.236;SingleChannel;65;40.0;1.5;2850;1~230 В / 3~400 В;50.4;;8;0;0;0;CatalogTable;Dreno Pompe «Catalogo – Catalogue 50Hz 2022 rev.0», серия A2, стр. 105 (печатн. 104)
Dreno Pompe;A2;AT 65/2/125 C.237;SingleChannel;65;40.0;2.2;2850;3~400 В;57.6;;9;0;0;0;CatalogTable;Dreno Pompe «Catalogo – Catalogue 50Hz 2022 rev.0», серия A2, стр. 105 (печатн. 104)
Dreno Pompe;A2;AT 65/2/152 C. 246;SingleChannel;65;45.0;3.2;2850;3~400 В;64.8;;9;0;0;0;CatalogTable;Dreno Pompe «Catalogo – Catalogue 50Hz 2022 rev.0», серия A2, стр. 107 (печатн. 106)
Dreno Pompe;A2;AT 65/2/152 C. 247;SingleChannel;65;45.0;4.2;2850;3~400 В;79.2;;10;0;0;0;CatalogTable;Dreno Pompe «Catalogo – Catalogue 50Hz 2022 rev.0», серия A2, стр. 107 (печатн. 106)
Dreno Pompe;A2;AT 80/2/152 C.246;SingleChannel;80;45.0;3.2;2850;3~400 В;86.4;;6;0;0;0;CatalogTable;Dreno Pompe «Catalogo – Catalogue 50Hz 2022 rev.0», серия A2, стр. 109 (печатн. 108)
Dreno Pompe;A2;AT 80/2/152 C.247;SingleChannel;80;45.0;4.2;2850;3~400 В;100.8;;7;0;0;0;CatalogTable;Dreno Pompe «Catalogo – Catalogue 50Hz 2022 rev.0», серия A2, стр. 109 (печатн. 108)
Dreno Pompe;A2;AT 80/2/173 C.254;SingleChannel;80;60.0;5.5;2850;3~400 В;115.2;;8;0;0;0;CatalogTable;Dreno Pompe «Catalogo – Catalogue 50Hz 2022 rev.0», серия A2, стр. 109 (печатн. 108)
Dreno Pompe;A2;AT 80/2/173 C.257;SingleChannel;80;60.0;7.5;2850;3~400 В;129.6;;9;0;0;0;CatalogTable;Dreno Pompe «Catalogo – Catalogue 50Hz 2022 rev.0», серия A2, стр. 109 (печатн. 108)
Dreno Pompe;A2;AT 80/2/173 C.259;SingleChannel;80;65.0;9.1;2850;3~400 В;158.4;;10;0;0;0;CatalogTable;Dreno Pompe «Catalogo – Catalogue 50Hz 2022 rev.0», серия A2, стр. 109 (печатн. 108)
Dreno Pompe;A4;AM-AT 80/4/125 C.242;SingleChannel;80;75.0;1.5;1450;1~230 В / 3~400 В;90.0;;8;0;0;0;CatalogTable;Dreno Pompe «Catalogo – Catalogue 50Hz 2022 rev.0», серия A4, стр. 115 (печатн. 114)
Dreno Pompe;A4;AT 80/4/152 C.244;SingleChannel;80;75.0;2.2;1450;3~400 В;108.0;;9;0;0;0;CatalogTable;Dreno Pompe «Catalogo – Catalogue 50Hz 2022 rev.0», серия A4, стр. 115 (печатн. 114)
Dreno Pompe;A4;AT 80/4/152 C.245;SingleChannel;80;75.0;3.0;1450;3~400 В;126.0;;10;0;0;0;CatalogTable;Dreno Pompe «Catalogo – Catalogue 50Hz 2022 rev.0», серия A4, стр. 115 (печатн. 114)
Dreno Pompe;A4;AT 100/4/152 C.243;SingleChannel;100;75.0;1.7;1450;3~400 В;93.6;;6;0;0;0;CatalogTable;Dreno Pompe «Catalogo – Catalogue 50Hz 2022 rev.0», серия A4, стр. 117 (печатн. 116)
Dreno Pompe;A4;AT 100/4/152 C.244;SingleChannel;100;75.0;2.2;1450;3~400 В;108.0;;7;0;0;0;CatalogTable;Dreno Pompe «Catalogo – Catalogue 50Hz 2022 rev.0», серия A4, стр. 117 (печатн. 116)
Dreno Pompe;A4;AT 100/4/152 C.245;SingleChannel;100;75.0;3.0;1450;3~400 В;129.6;;8;0;0;0;CatalogTable;Dreno Pompe «Catalogo – Catalogue 50Hz 2022 rev.0», серия A4, стр. 117 (печатн. 116)
Dreno Pompe;A4;AT 100/4/173 C.255;SingleChannel;100;90.0;4.0;1450;3~400 В;144.0;;9;0;0;0;CatalogTable;Dreno Pompe «Catalogo – Catalogue 50Hz 2022 rev.0», серия A4, стр. 117 (печатн. 116)
Dreno Pompe;A4;AT 100/4/173 C.256;SingleChannel;100;90.0;5.5;1450;3~400 В;165.6;;10;0;0;0;CatalogTable;Dreno Pompe «Catalogo – Catalogue 50Hz 2022 rev.0», серия A4, стр. 117 (печатн. 116)
Dreno Pompe;A4;AT 150/4/173 C.256;SingleChannel;150;100.0;5.8;1450;3~400 В;216.0;;8;0;0;0;CatalogTable;Dreno Pompe «Catalogo – Catalogue 50Hz 2022 rev.0», серия A4, стр. 119 (печатн. 118)
Dreno Pompe;A4;AT 150/4/173 C.258;SingleChannel;150;100.0;7.5;1450;3~400 В;280.8;;10;0;0;0;CatalogTable;Dreno Pompe «Catalogo – Catalogue 50Hz 2022 rev.0», серия A4, стр. 119 (печатн. 118)
Dreno Pompe;A4;AT 150/4/200 C.260;SingleChannel;150;80.0;10.0;1450;3~400 В;216.0;;9;0;0;0;CatalogTable;Dreno Pompe «Catalogo – Catalogue 50Hz 2022 rev.0», серия A4, стр. 123 (печатн. 122)
Dreno Pompe;A4;AT 150/4/200 C.263;SingleChannel;150;80.0;16.0;1450;3~400 В;252.0;;10;0;0;0;CatalogTable;Dreno Pompe «Catalogo – Catalogue 50Hz 2022 rev.0», серия A4, стр. 123 (печатн. 122)
Dreno Pompe;A4;AT 150/4/200 C.264;SingleChannel;150;110.0;11.0;1450;3~400 В;324.0;;9;0;0;0;CatalogTable;Dreno Pompe «Catalogo – Catalogue 50Hz 2022 rev.0», серия A4, стр. 125 (печатн. 124)
Dreno Pompe;A4;AT 150/4/200 C.265;SingleChannel;150;110.0;15.0;1450;3~400 В;324.0;;9;0;0;0;CatalogTable;Dreno Pompe «Catalogo – Catalogue 50Hz 2022 rev.0», серия A4, стр. 125 (печатн. 124)
Dreno Pompe;A4;AT 150/4/240 C.275;SingleChannel;150;120.0;18.0;1450;3~400 В;396.0;;10;0;0;0;CatalogTable;Dreno Pompe «Catalogo – Catalogue 50Hz 2022 rev.0», серия A4, стр. 125 (печатн. 124)
Dreno Pompe;A4;AT 150/4/240 C.280;SingleChannel;150;120.0;23.0;1450;3~400 В;396.0;;10;0;0;0;CatalogTable;Dreno Pompe «Catalogo – Catalogue 50Hz 2022 rev.0», серия A4, стр. 125 (печатн. 124)
Dreno Pompe;A4;AT 150/4/340 C.285;SingleChannel;150;110.0;30.0;1450;3~400 В;504.0;;10;0;0;0;CatalogTable;Dreno Pompe «Catalogo – Catalogue 50Hz 2022 rev.0», серия A4, стр. 127 (печатн. 126)
Dreno Pompe;A4;AT 150/4/340 C.290;SingleChannel;150;120.0;40.0;1450;3~400 В;504.0;;10;0;0;0;CatalogTable;Dreno Pompe «Catalogo – Catalogue 50Hz 2022 rev.0», серия A4, стр. 127 (печатн. 126)
Dreno Pompe;A4;AT 150/4/340 C.295;SingleChannel;150;130.0;51.0;1450;3~400 В;504.0;;10;0;0;0;CatalogTable;Dreno Pompe «Catalogo – Catalogue 50Hz 2022 rev.0», серия A4, стр. 127 (печатн. 126)
Dreno Pompe;A4;AT 150/4/340 C.300;SingleChannel;150;140.0;60.0;1450;3~400 В;288.0;;7;0;0;0;CatalogTable;Dreno Pompe «Catalogo – Catalogue 50Hz 2022 rev.0», серия A4, стр. 127 (печатн. 126)
Dreno Pompe;A4;AT 200/4/200 C.265;SingleChannel;200;110.0;15.0;1450;3~400 В;504.0;;7;0;0;0;CatalogTable;Dreno Pompe «Catalogo – Catalogue 50Hz 2022 rev.0», серия A4, стр. 129 (печатн. 128)
Dreno Pompe;A4;AT 200/4/240 C.270;SingleChannel;200;110.0;17.0;1450;3~400 В;576.0;;8;0;0;0;CatalogTable;Dreno Pompe «Catalogo – Catalogue 50Hz 2022 rev.0», серия A4, стр. 129 (печатн. 128)
Dreno Pompe;A4;AT 200/4/240 C.275;SingleChannel;200;110.0;20.0;1450;3~400 В;648.0;;9;0;0;0;CatalogTable;Dreno Pompe «Catalogo – Catalogue 50Hz 2022 rev.0», серия A4, стр. 129 (печатн. 128)
Dreno Pompe;A4;AT 200/4/240 C.280;SingleChannel;200;110.0;26.0;1450;3~400 В;720.0;;10;0;0;0;CatalogTable;Dreno Pompe «Catalogo – Catalogue 50Hz 2022 rev.0», серия A4, стр. 129 (печатн. 128)
Dreno Pompe;ATH;ATH 80-2/120;MultiChannel;80;33.0;12.0;2850;3~400 В;194.4;;8;0;0;0;CatalogTable;Dreno Pompe «Catalogo – Catalogue 50Hz 2022 rev.0», серия ATH, стр. 135 (печатн. 134)
Dreno Pompe;ATH;ATH 80-2/150;MultiChannel;80;33.0;15.0;2850;3~400 В;223.2;;10;0;0;0;CatalogTable;Dreno Pompe «Catalogo – Catalogue 50Hz 2022 rev.0», серия ATH, стр. 135 (печатн. 134)
Dreno Pompe;ATH;ATH 80-2/200;MultiChannel;80;40.0;20.0;2850;3~400 В;194.4;;8;0;0;0;CatalogTable;Dreno Pompe «Catalogo – Catalogue 50Hz 2022 rev.0», серия ATH, стр. 135 (печатн. 134)
Dreno Pompe;ATH;ATH 80-2/250;MultiChannel;80;40.0;25.0;2850;3~400 В;216.0;;9;0;0;0;CatalogTable;Dreno Pompe «Catalogo – Catalogue 50Hz 2022 rev.0», серия ATH, стр. 135 (печатн. 134)
Dreno Pompe;ATH;ATH 80-2/300;MultiChannel;80;40.0;30.0;2850;3~400 В;223.2;;10;0;0;0;CatalogTable;Dreno Pompe «Catalogo – Catalogue 50Hz 2022 rev.0», серия ATH, стр. 135 (печатн. 134)
Dreno Pompe;ATH;ATH 100-2/120;MultiChannel;100;33.0;12.0;2850;3~400 В;194.4;;8;0;0;0;CatalogTable;Dreno Pompe «Catalogo – Catalogue 50Hz 2022 rev.0», серия ATH, стр. 137 (печатн. 136)
Dreno Pompe;ATH;ATH 100-2/150;MultiChannel;100;33.0;15.0;2850;3~400 В;223.2;;10;0;0;0;CatalogTable;Dreno Pompe «Catalogo – Catalogue 50Hz 2022 rev.0», серия ATH, стр. 137 (печатн. 136)
Dreno Pompe;ATH;ATH 100-2/200;MultiChannel;100;40.0;20.0;2850;3~400 В;194.4;;8;0;0;0;CatalogTable;Dreno Pompe «Catalogo – Catalogue 50Hz 2022 rev.0», серия ATH, стр. 137 (печатн. 136)
Dreno Pompe;ATH;ATH 100-2/250;MultiChannel;100;40.0;25.0;2850;3~400 В;223.2;;10;0;0;0;CatalogTable;Dreno Pompe «Catalogo – Catalogue 50Hz 2022 rev.0», серия ATH, стр. 137 (печатн. 136)
Dreno Pompe;ATH;ATH 100-2/350;MultiChannel;100;45.0;35.0;2900;3~400 В;216.0;;10;0;0;0;CatalogTable;Dreno Pompe «Catalogo – Catalogue 50Hz 2022 rev.0», серия ATH, стр. 139 (печатн. 138)
Dreno Pompe;ATH;ATH 100-2/400;MultiChannel;100;45.0;40.0;2900;3~400 В;216.0;;10;0;0;0;CatalogTable;Dreno Pompe «Catalogo – Catalogue 50Hz 2022 rev.0», серия ATH, стр. 139 (печатн. 138)
Dreno Pompe;ATH;ATH 100-2/420;MultiChannel;100;45.0;42.0;2900;3~400 В;194.4;;9;0;0;0;CatalogTable;Dreno Pompe «Catalogo – Catalogue 50Hz 2022 rev.0», серия ATH, стр. 139 (печатн. 138)
Dreno Pompe;Grinder;Grix 32-2/090 M/T;Grinder;32;0;0.9;2850;1~230 В / 3~400 В;9.9;;9;0;0;0;CatalogTable;Dreno Pompe «Catalogo – Catalogue 50Hz 2022 rev.0», серия Grinder, стр. 145 (печатн. 144)
Dreno Pompe;Grinder;Grix 32-2/110 M/T;Grinder;32;0;1.1;2850;1~230 В / 3~400 В;10.8;;10;0;0;0;CatalogTable;Dreno Pompe «Catalogo – Catalogue 50Hz 2022 rev.0», серия Grinder, стр. 145 (печатн. 144)
Dreno Pompe;Grinder;Grix 32-2/140 M/T;Grinder;32;0;1.4;2850;1~230 В / 3~400 В;10.8;;10;0;0;0;CatalogTable;Dreno Pompe «Catalogo – Catalogue 50Hz 2022 rev.0», серия Grinder, стр. 145 (печатн. 144)
Dreno Pompe;Grinder;GX 50-2/090 M/T;Grinder;32;0;0.9;2850;1~230 В / 3~400 В;12.6;;7;0;0;0;CatalogTable;Dreno Pompe «Catalogo – Catalogue 50Hz 2022 rev.0», серия Grinder, стр. 149 (печатн. 148)
Dreno Pompe;Grinder;GX 50-2/110 M/T;Grinder;32;0;1.1;2850;1~230 В / 3~400 В;14.4;;8;0;0;0;CatalogTable;Dreno Pompe «Catalogo – Catalogue 50Hz 2022 rev.0», серия Grinder, стр. 149 (печатн. 148)
Dreno Pompe;Grinder;GX 50-2/150 M/T;Grinder;32;0;1.5;2850;1~230 В / 3~400 В;18.0;;10;0;0;0;CatalogTable;Dreno Pompe «Catalogo – Catalogue 50Hz 2022 rev.0», серия Grinder, стр. 149 (печатн. 148)
Dreno Pompe;Grinder;GX 50-2/220 T;Grinder;32;0;2.2;2850;3~400 В;21.6;;12;0;0;0;CatalogTable;Dreno Pompe «Catalogo – Catalogue 50Hz 2022 rev.0», серия Grinder, стр. 149 (печатн. 148)
Dreno Pompe;Grinder;GM-GT 50/2/125 C.155;Grinder;32;0;1.6;2850;1~230 В / 3~400 В;14.4;;8;0;0;0;CatalogTable;Dreno Pompe «Catalogo – Catalogue 50Hz 2022 rev.0», серия Grinder, стр. 153 (печатн. 152)
Dreno Pompe;Grinder;GM-GT 50/2/125 C.160;Grinder;32;0;2.3;2850;1~230 В / 3~400 В;14.4;;8;0;0;0;CatalogTable;Dreno Pompe «Catalogo – Catalogue 50Hz 2022 rev.0», серия Grinder, стр. 153 (печатн. 152)
Dreno Pompe;Grinder;GT 50/2/152 C.165;Grinder;50;0;3.2;2850;3~400 В;18.0;;9;0;0;0;CatalogTable;Dreno Pompe «Catalogo – Catalogue 50Hz 2022 rev.0», серия Grinder, стр. 153 (печатн. 152)
Dreno Pompe;Grinder;GT 50/2/152 C.170;Grinder;50;0;4.2;2850;3~400 В;21.6;;10;0;0;0;CatalogTable;Dreno Pompe «Catalogo – Catalogue 50Hz 2022 rev.0», серия Grinder, стр. 153 (печатн. 152)
Dreno Pompe;Grinder;GT 50/2/173 C.175;Grinder;50;0;6.2;2850;3~400 В;28.8;;10;0;0;0;CatalogTable;Dreno Pompe «Catalogo – Catalogue 50Hz 2022 rev.0», серия Grinder, стр. 155 (печатн. 154)
Dreno Pompe;Grinder;GT 50/2/173 C.180;Grinder;50;0;7.8;2850;3~400 В;28.8;;10;0;0;0;CatalogTable;Dreno Pompe «Catalogo – Catalogue 50Hz 2022 rev.0», серия Grinder, стр. 155 (печатн. 154)
Dreno Pompe;Grinder;GT 50/2/173 C.185;Grinder;50;0;9.5;2850;3~400 В;28.8;;10;0;0;0;CatalogTable;Dreno Pompe «Catalogo – Catalogue 50Hz 2022 rev.0», серия Grinder, стр. 155 (печатн. 154)
Dreno Pompe;BIC / BIC PRO;BIC 32-2/028 M;MultiChannel;32;8.0;0.28;2850;1~230 В;10.8;;8;0;0;0;CatalogTable;Dreno Pompe «Catalogo – Catalogue 50Hz 2022 rev.0», серия BIC / BIC PRO, стр. 161 (печатн. 160)
Dreno Pompe;BIC / BIC PRO;BIC 32-2/037 M/T;MultiChannel;32;8.0;0.37;2850;1~230 В / 3~400 В;12.6;;9;0;0;0;CatalogTable;Dreno Pompe «Catalogo – Catalogue 50Hz 2022 rev.0», серия BIC / BIC PRO, стр. 161 (печатн. 160)
Dreno Pompe;BIC / BIC PRO;BIC 40-2/056 M/T;MultiChannel;40;10.0;0.56;2850;1~230 В / 3~400 В;21.6;;6;0;0;0;CatalogTable;Dreno Pompe «Catalogo – Catalogue 50Hz 2022 rev.0», серия BIC / BIC PRO, стр. 163 (печатн. 162)
Dreno Pompe;BIC / BIC PRO;BIC 40-2/075 M/T;MultiChannel;40;10.0;0.75;2850;1~230 В / 3~400 В;25.2;;7;0;0;0;CatalogTable;Dreno Pompe «Catalogo – Catalogue 50Hz 2022 rev.0», серия BIC / BIC PRO, стр. 163 (печатн. 162)
Dreno Pompe;BIC / BIC PRO;BIC 50-2/110 M/T;MultiChannel;50;10.0;1.1;2850;1~230 В / 3~400 В;28.8;;8;0;0;0;CatalogTable;Dreno Pompe «Catalogo – Catalogue 50Hz 2022 rev.0», серия BIC / BIC PRO, стр. 163 (печатн. 162)
Dreno Pompe;BIC / BIC PRO;BIC 50-2/150 M/T;MultiChannel;50;10.0;1.5;2850;1~230 В / 3~400 В;36.0;;10;0;0;0;CatalogTable;Dreno Pompe «Catalogo – Catalogue 50Hz 2022 rev.0», серия BIC / BIC PRO, стр. 163 (печатн. 162)
Dreno Pompe;BIC / BIC PRO;BIC PRO 50-2/150 M/T;MultiChannel;50;10.0;1.5;2850;1~230 В / 3~400 В;36.0;;7;0;0;0;CatalogTable;Dreno Pompe «Catalogo – Catalogue 50Hz 2022 rev.0», серия BIC / BIC PRO, стр. 165 (печатн. 164)
Dreno Pompe;BIC / BIC PRO;BIC PRO 50-2/220 T;MultiChannel;50;10.0;2.2;2850;3~400 В;46.8;;10;0;0;0;CatalogTable;Dreno Pompe «Catalogo – Catalogue 50Hz 2022 rev.0», серия BIC / BIC PRO, стр. 165 (печатн. 164)
Dreno Pompe;BIC / BIC PRO;AM-AT 40/2/110 C.218;MultiChannel;40;10.0;0.55;2850;1~230 В / 3~400 В;18.0;;6;0;0;0;CatalogTable;Dreno Pompe «Catalogo – Catalogue 50Hz 2022 rev.0», серия BIC / BIC PRO, стр. 167 (печатн. 166)
Dreno Pompe;BIC / BIC PRO;AM-AT 40/2/110 C.219;MultiChannel;40;10.0;0.75;2850;1~230 В / 3~400 В;21.6;;7;0;0;0;CatalogTable;Dreno Pompe «Catalogo – Catalogue 50Hz 2022 rev.0», серия BIC / BIC PRO, стр. 167 (печатн. 166)
Dreno Pompe;BIC / BIC PRO;AM-AT 50/2/110 C.225;MultiChannel;50;10.0;1.1;2850;1~230 В / 3~400 В;28.8;;9;0;0;0;CatalogTable;Dreno Pompe «Catalogo – Catalogue 50Hz 2022 rev.0», серия BIC / BIC PRO, стр. 167 (печатн. 166)
Dreno Pompe;BIC / BIC PRO;AM-AT 50/2/110 C.226;MultiChannel;50;10.0;1.5;2850;1~230 В / 3~400 В;36.0;;11;0;0;0;CatalogTable;Dreno Pompe «Catalogo – Catalogue 50Hz 2022 rev.0», серия BIC / BIC PRO, стр. 167 (печатн. 166)
Dreno Pompe;APX;APX 32-2/090 M/T;MultiChannel;32;10.0;0.9;2850;1~230 В / 3~400 В;12.6;;7;0;0;0;CatalogTable;Dreno Pompe «Catalogo – Catalogue 50Hz 2022 rev.0», серия APX, стр. 173 (печатн. 172)
Dreno Pompe;APX;APX 32-2/110 M/T;MultiChannel;32;10.0;1.1;2850;1~230 В / 3~400 В;18.0;;10;0;0;0;CatalogTable;Dreno Pompe «Catalogo – Catalogue 50Hz 2022 rev.0», серия APX, стр. 173 (печатн. 172)
Dreno Pompe;APX;APX 32-2/150 M/T;MultiChannel;32;10.0;1.5;2850;1~230 В / 3~400 В;18.0;;10;0;0;0;CatalogTable;Dreno Pompe «Catalogo – Catalogue 50Hz 2022 rev.0», серия APX, стр. 173 (печатн. 172)
Dreno Pompe;H2;HM-HT 50/2/125 C.500;MultiChannel;50;17.0;1.5;2850;1~230 В / 3~400 В;28.8;;9;0;0;0;CatalogTable;Dreno Pompe «Catalogo – Catalogue 50Hz 2022 rev.0», серия H2, стр. 185 (печатн. 184)
Dreno Pompe;H2;HT 50/2/125 C.501;MultiChannel;50;17.0;2.2;2850;3~400 В;32.4;;10;0;0;0;CatalogTable;Dreno Pompe «Catalogo – Catalogue 50Hz 2022 rev.0», серия H2, стр. 185 (печатн. 184)
Dreno Pompe;H2;HT 65/2/152 C.502;MultiChannel;65;10.0;3.2;2850;3~400 В;28.8;;5;0;0;0;CatalogTable;Dreno Pompe «Catalogo – Catalogue 50Hz 2022 rev.0», серия H2, стр. 187 (печатн. 186)
Dreno Pompe;H2;HT 65/2/152 C.503;MultiChannel;65;10.0;4.2;2850;3~400 В;36.0;;6;0;0;0;CatalogTable;Dreno Pompe «Catalogo – Catalogue 50Hz 2022 rev.0», серия H2, стр. 187 (печатн. 186)
Dreno Pompe;H2;HT 65/2/173 C.504;MultiChannel;65;10.0;5.5;2850;3~400 В;50.4;;8;0;0;0;CatalogTable;Dreno Pompe «Catalogo – Catalogue 50Hz 2022 rev.0», серия H2, стр. 187 (печатн. 186)
Dreno Pompe;H2;HT 65/2/173 C.505;MultiChannel;65;10.0;7.5;2850;3~400 В;64.8;;10;0;0;0;CatalogTable;Dreno Pompe «Catalogo – Catalogue 50Hz 2022 rev.0», серия H2, стр. 187 (печатн. 186)
Dreno Pompe;Perfecta;Perfecta®;Unknown;32;6.35;0.25;2850;1~230 В;8.1;;8;0;0;0;CatalogTable;Dreno Pompe «Catalogo – Catalogue 50Hz 2022 rev.0», серия Perfecta, стр. 201 (печатн. 200)
Dreno Pompe;APX PRO;APX PRO 50-2/110 M/T;MultiChannel;32;0;1.1;2850;1~230 В / 3~400 В;19.8;;11;0;0;0;CatalogTable;Dreno Pompe «Catalogo – Catalogue 50Hz 2022 rev.0», серия APX PRO, стр. 179 (печатн. 178)
Dreno Pompe;APX PRO;APX PRO 50-2/150 M/T;MultiChannel;32;0;1.5;2850;1~230 В / 3~400 В;25.2;;13;0;0;0;CatalogTable;Dreno Pompe «Catalogo – Catalogue 50Hz 2022 rev.0», серия APX PRO, стр. 179 (печатн. 178)
Dreno Pompe;APX PRO;APX PRO 50-2/220 T;MultiChannel;32;0;2.2;2850;3~400 В;28.8;;14;0;0;0;CatalogTable;Dreno Pompe «Catalogo – Catalogue 50Hz 2022 rev.0», серия APX PRO, стр. 179 (печатн. 178)
Dreno Pompe;Kappa;K075.2.50 N;Open;50;8;0.75;2900;1~230 В / 3~400 В;19.06;15.6;14;0;0;0;CatalogTable;Dreno Pompe «KAPPA — contractor pumps», каталог 2024, стр. 8
Dreno Pompe;Kappa;K040.2.50 N;Open;50;8;0.4;2900;1~230 В / 3~400 В;13.9;10.76;14;0;0;0;CatalogTable;Dreno Pompe «KAPPA — contractor pumps», каталог 2024, стр. 8
Dreno Pompe;Kappa;K150.2.50 N;Open;50;8;1.5;2900;1~230 В / 3~400 В;39.41;18.76;14;0;0;0;CatalogTable;Dreno Pompe «KAPPA — contractor pumps», каталог 2024, стр. 8
Dreno Pompe;Kappa;K120.2.50 H;Open;50;8;1.2;2900;1~230 В / 3~400 В;28.97;19.65;14;0;0;0;CatalogTable;Dreno Pompe «KAPPA — contractor pumps», каталог 2024, стр. 8
Dreno Pompe;Kappa;K220.2.80 N;Open;80;8;2.2;2900;1~230 В / 3~400 В;77.85;17.78;14;0;0;0;CatalogTable;Dreno Pompe «KAPPA — contractor pumps», каталог 2024, стр. 8
Dreno Pompe;Kappa;K220.2.80 H;Open;80;8;2.2;2900;1~230 В / 3~400 В;52.87;23.92;14;0;0;0;CatalogTable;Dreno Pompe «KAPPA — contractor pumps», каталог 2024, стр. 8
Dreno Pompe;Kappa;K420.2.80 N;Open;80;8;4.2;2900;1~230 В / 3~400 В;88.01;28.75;14;0;0;0;CatalogTable;Dreno Pompe «KAPPA — contractor pumps», каталог 2024, стр. 9
Dreno Pompe;Kappa;K420.2.80 C;Open;80;8;4.2;2900;1~230 В / 3~400 В;125.87;20.54;14;0;0;0;CatalogTable;Dreno Pompe «KAPPA — contractor pumps», каталог 2024, стр. 9
Dreno Pompe;Kappa;K560.2.100 N;Open;100;8;5.6;2900;1~230 В / 3~400 В;109.45;25.85;14;0;0;0;CatalogTable;Dreno Pompe «KAPPA — contractor pumps», каталог 2024, стр. 9
Dreno Pompe;Kappa;K560.2.100 C;Open;100;8;5.6;2900;1~230 В / 3~400 В;149.57;17.9;14;0;0;0;CatalogTable;Dreno Pompe «KAPPA — contractor pumps», каталог 2024, стр. 9
Dreno Pompe;Kappa;K920.2.100 N;Open;100;8;9.2;2900;1~230 В / 3~400 В;118.37;42.21;14;0;0;0;CatalogTable;Dreno Pompe «KAPPA — contractor pumps», каталог 2024, стр. 9
Dreno Pompe;Kappa;K920.2.100 C;Open;100;8;9.2;2900;1~230 В / 3~400 В;169.06;25.81;14;0;0;0;CatalogTable;Dreno Pompe «KAPPA — contractor pumps», каталог 2024, стр. 9
MASDAF;Enduro;Enduro 50-160 D Ø160;MultiChannel;50;10;4.0;2900;3~400 В;43.02;26.63;16;12;0;0;CatalogTable;"MASDAF (Mas Grup) «Enduro serisi dalgıç kanalizasyon ve atıksu pompaları — Teknik doküman», rev. 03, 06.2018, стр. 20 (архивная копия; актуальная техдокументация на сайте не опубликована)"
MASDAF;Enduro;Enduro 50-160 D Ø146;MultiChannel;50;10;3.0;2900;3~400 В;40.21;23.3;16;12;0;0;CatalogTable;"MASDAF (Mas Grup) «Enduro serisi dalgıç kanalizasyon ve atıksu pompaları — Teknik doküman», rev. 03, 06.2018, стр. 20 (архивная копия; актуальная техдокументация на сайте не опубликована)"
MASDAF;Enduro;Enduro 50-160 D Ø135;MultiChannel;50;10;2.2;2900;3~400 В;35.28;18.56;16;12;0;0;CatalogTable;"MASDAF (Mas Grup) «Enduro serisi dalgıç kanalizasyon ve atıksu pompaları — Teknik doküman», rev. 03, 06.2018, стр. 20 (архивная копия; актуальная техдокументация на сайте не опубликована)"
MASDAF;Enduro;Enduro 50-160 D Ø120;MultiChannel;50;10;1.5;2900;3~400 В;31.68;13.76;16;12;0;0;CatalogTable;"MASDAF (Mas Grup) «Enduro serisi dalgıç kanalizasyon ve atıksu pompaları — Teknik doküman», rev. 03, 06.2018, стр. 20 (архивная копия; актуальная техдокументация на сайте не опубликована)"
MASDAF;Enduro;Enduro 50-160 X Ø160;Vortex;50;12;5.5;2900;3~400 В;32.87;;16;12;0;0;CatalogTable;"MASDAF (Mas Grup) «Enduro serisi dalgıç kanalizasyon ve atıksu pompaları — Teknik doküman», rev. 03, 06.2018, стр. 21 (архивная копия; актуальная техдокументация на сайте не опубликована)"
MASDAF;Enduro;Enduro 50-160 X Ø148;Vortex;50;12;4.0;2900;3~400 В;29.76;;16;12;0;0;CatalogTable;"MASDAF (Mas Grup) «Enduro serisi dalgıç kanalizasyon ve atıksu pompaları — Teknik doküman», rev. 03, 06.2018, стр. 21 (архивная копия; актуальная техдокументация на сайте не опубликована)"
MASDAF;Enduro;Enduro 50-160 X Ø134;Vortex;50;12;3.0;2900;3~400 В;26.59;;16;12;0;0;CatalogTable;"MASDAF (Mas Grup) «Enduro serisi dalgıç kanalizasyon ve atıksu pompaları — Teknik doküman», rev. 03, 06.2018, стр. 21 (архивная копия; актуальная техдокументация на сайте не опубликована)"
MASDAF;Enduro;Enduro 50-160 X Ø122;Vortex;50;12;2.2;2900;3~400 В;25.91;;16;12;0;0;CatalogTable;"MASDAF (Mas Grup) «Enduro serisi dalgıç kanalizasyon ve atıksu pompaları — Teknik doküman», rev. 03, 06.2018, стр. 21 (архивная копия; актуальная техдокументация на сайте не опубликована)"
MASDAF;Enduro;Enduro 50-160 X Ø110;Vortex;50;12;1.5;2900;3~400 В;22.0;;16;12;0;0;CatalogTable;"MASDAF (Mas Grup) «Enduro serisi dalgıç kanalizasyon ve atıksu pompaları — Teknik doküman», rev. 03, 06.2018, стр. 21 (архивная копия; актуальная техдокументация на сайте не опубликована)"
MASDAF;Enduro;Enduro 50-160 PB Ø153;Cutter;50;10;3.0;2900;3~400 В;31.89;28.16;16;12;0;0;CatalogTable;"MASDAF (Mas Grup) «Enduro serisi dalgıç kanalizasyon ve atıksu pompaları — Teknik doküman», rev. 03, 06.2018, стр. 22 (архивная копия; актуальная техдокументация на сайте не опубликована)"
MASDAF;Enduro;Enduro 50-160 PB Ø145;Cutter;50;10;2.2;2900;3~400 В;28.57;21.05;16;12;0;0;CatalogTable;"MASDAF (Mas Grup) «Enduro serisi dalgıç kanalizasyon ve atıksu pompaları — Teknik doküman», rev. 03, 06.2018, стр. 22 (архивная копия; актуальная техдокументация на сайте не опубликована)"
MASDAF;Enduro;Enduro 50-160 PB Ø125;Cutter;50;10;1.5;2900;3~400 В;22.85;14.01;16;12;0;0;CatalogTable;"MASDAF (Mas Grup) «Enduro serisi dalgıç kanalizasyon ve atıksu pompaları — Teknik doküman», rev. 03, 06.2018, стр. 22 (архивная копия; актуальная техдокументация на сайте не опубликована)"
MASDAF;Enduro;Enduro 50-200 D Ø195;MultiChannel;50;18;11.0;2900;3~400 В;59.37;49.7;16;12;0;0;CatalogTable;"MASDAF (Mas Grup) «Enduro serisi dalgıç kanalizasyon ve atıksu pompaları — Teknik doküman», rev. 03, 06.2018, стр. 23 (архивная копия; актуальная техдокументация на сайте не опубликована)"
MASDAF;Enduro;Enduro 50-200 D Ø170;MultiChannel;50;18;7.5;2900;3~400 В;57.51;39.74;16;12;0;0;CatalogTable;"MASDAF (Mas Grup) «Enduro serisi dalgıç kanalizasyon ve atıksu pompaları — Teknik doküman», rev. 03, 06.2018, стр. 23 (архивная копия; актуальная техдокументация на сайте не опубликована)"
MASDAF;Enduro;Enduro 50-200 D Ø157;MultiChannel;50;18;5.5;2900;3~400 В;54.41;32.29;16;12;0;0;CatalogTable;"MASDAF (Mas Grup) «Enduro serisi dalgıç kanalizasyon ve atıksu pompaları — Teknik doküman», rev. 03, 06.2018, стр. 23 (архивная копия; актуальная техдокументация на сайте не опубликована)"
MASDAF;Enduro;Enduro 50-200 D Ø145;MultiChannel;50;18;4.0;2900;3~400 В;49.46;26.24;16;12;0;0;CatalogTable;"MASDAF (Mas Grup) «Enduro serisi dalgıç kanalizasyon ve atıksu pompaları — Teknik doküman», rev. 03, 06.2018, стр. 23 (архивная копия; актуальная техдокументация на сайте не опубликована)"
MASDAF;Enduro;Enduro 50-200 D Ø135;MultiChannel;50;18;3.0;2900;3~400 В;36.32;18.5;16;12;0;0;CatalogTable;"MASDAF (Mas Grup) «Enduro serisi dalgıç kanalizasyon ve atıksu pompaları — Teknik doküman», rev. 03, 06.2018, стр. 23 (архивная копия; актуальная техдокументация на сайте не опубликована)"
MASDAF;Enduro;Enduro 50-200 PB Ø200;Cutter;50;18;11.0;2900;3~400 В;28.97;54.69;16;12;0;0;CatalogTable;"MASDAF (Mas Grup) «Enduro serisi dalgıç kanalizasyon ve atıksu pompaları — Teknik doküman», rev. 03, 06.2018, стр. 24 (архивная копия; актуальная техдокументация на сайте не опубликована)"
MASDAF;Enduro;Enduro 50-200 PB Ø180;Cutter;50;18;7.5;2900;3~400 В;29.52;44.12;16;12;0;0;CatalogTable;"MASDAF (Mas Grup) «Enduro serisi dalgıç kanalizasyon ve atıksu pompaları — Teknik doküman», rev. 03, 06.2018, стр. 24 (архивная копия; актуальная техдокументация на сайте не опубликована)"
MASDAF;Enduro;Enduro 50-200 PB Ø160;Cutter;50;18;5.5;2900;3~400 В;28.55;34.9;16;12;0;0;CatalogTable;"MASDAF (Mas Grup) «Enduro serisi dalgıç kanalizasyon ve atıksu pompaları — Teknik doküman», rev. 03, 06.2018, стр. 24 (архивная копия; актуальная техдокументация на сайте не опубликована)"
MASDAF;Enduro;Enduro 50-200 PB Ø140;Cutter;50;18;4.0;2900;3~400 В;27.4;28.76;16;12;0;0;CatalogTable;"MASDAF (Mas Grup) «Enduro serisi dalgıç kanalizasyon ve atıksu pompaları — Teknik doküman», rev. 03, 06.2018, стр. 24 (архивная копия; актуальная техдокументация на сайте не опубликована)"
MASDAF;Enduro;Enduro 80-190 D Ø172;MultiChannel;80;64;2.2;1450;3~400 В;93.19;;16;12;0;0;CatalogTable;"MASDAF (Mas Grup) «Enduro serisi dalgıç kanalizasyon ve atıksu pompaları — Teknik doküman», rev. 03, 06.2018, стр. 25 (архивная копия; актуальная техдокументация на сайте не опубликована)"
MASDAF;Enduro;Enduro 80-190 D Ø138;MultiChannel;80;32;4.0;2900;3~400 В;82.22;23.15;16;12;0;0;CatalogTable;"MASDAF (Mas Grup) «Enduro serisi dalgıç kanalizasyon ve atıksu pompaları — Teknik doküman», rev. 03, 06.2018, стр. 26 (архивная копия; актуальная техдокументация на сайте не опубликована)"
MASDAF;Enduro;Enduro 80-190 D Ø127;MultiChannel;80;32;3.0;2900;3~400 В;68.27;;16;12;0;0;CatalogTable;"MASDAF (Mas Grup) «Enduro serisi dalgıç kanalizasyon ve atıksu pompaları — Teknik doküman», rev. 03, 06.2018, стр. 26 (архивная копия; актуальная техдокументация на сайте не опубликована)"
MASDAF;Enduro;Enduro 80-250 D Ø268;MultiChannel;80;42;11.0;1450;3~400 В;154.72;26.66;16;12;0;0;CatalogTable;"MASDAF (Mas Grup) «Enduro serisi dalgıç kanalizasyon ve atıksu pompaları — Teknik doküman», rev. 03, 06.2018, стр. 27 (архивная копия; актуальная техдокументация на сайте не опубликована)"
MASDAF;Enduro;Enduro 80-250 D Ø245;MultiChannel;80;42;7.5;1450;3~400 В;139.9;21.78;16;12;0;0;CatalogTable;"MASDAF (Mas Grup) «Enduro serisi dalgıç kanalizasyon ve atıksu pompaları — Teknik doküman», rev. 03, 06.2018, стр. 27 (архивная копия; актуальная техдокументация на сайте не опубликована)"
MASDAF;Enduro;Enduro 80-250 D Ø185;MultiChannel;80;42;18.5;2900;3~400 В;149.55;;16;12;0;0;CatalogTable;"MASDAF (Mas Grup) «Enduro serisi dalgıç kanalizasyon ve atıksu pompaları — Teknik doküman», rev. 03, 06.2018, стр. 28 (архивная копия; актуальная техдокументация на сайте не опубликована)"
MASDAF;Enduro;Enduro 80-250 D Ø170;MultiChannel;80;42;15.0;2900;3~400 В;141.26;;16;12;0;0;CatalogTable;"MASDAF (Mas Grup) «Enduro serisi dalgıç kanalizasyon ve atıksu pompaları — Teknik doküman», rev. 03, 06.2018, стр. 28 (архивная копия; актуальная техдокументация на сайте не опубликована)"
MASDAF;Enduro;Enduro 80-250 D Ø154;MultiChannel;80;42;11.0;2900;3~400 В;130.42;24.79;16;12;0;0;CatalogTable;"MASDAF (Mas Grup) «Enduro serisi dalgıç kanalizasyon ve atıksu pompaları — Teknik doküman», rev. 03, 06.2018, стр. 28 (архивная копия; актуальная техдокументация на сайте не опубликована)"
MASDAF;Enduro;Enduro 80-250 D Ø139;MultiChannel;80;42;7.5;2900;3~400 В;122.46;18.49;16;12;0;0;CatalogTable;"MASDAF (Mas Grup) «Enduro serisi dalgıç kanalizasyon ve atıksu pompaları — Teknik doküman», rev. 03, 06.2018, стр. 28 (архивная копия; актуальная техдокументация на сайте не опубликована)"
MASDAF;Enduro;Enduro 80-250 X Ø268;Vortex;80;43;18.5;1450;3~400 В;169.76;29.97;16;12;0;0;CatalogTable;"MASDAF (Mas Grup) «Enduro serisi dalgıç kanalizasyon ve atıksu pompaları — Teknik doküman», rev. 03, 06.2018, стр. 29 (архивная копия; актуальная техдокументация на сайте не опубликована)"
MASDAF;Enduro;Enduro 80-250 X Ø252;Vortex;80;43;15.0;1450;3~400 В;167.29;26.07;16;12;0;0;CatalogTable;"MASDAF (Mas Grup) «Enduro serisi dalgıç kanalizasyon ve atıksu pompaları — Teknik doküman», rev. 03, 06.2018, стр. 29 (архивная копия; актуальная техдокументация на сайте не опубликована)"
MASDAF;Enduro;Enduro 80-250 X Ø230;Vortex;80;43;11.0;1450;3~400 В;163.04;21.64;16;12;0;0;CatalogTable;"MASDAF (Mas Grup) «Enduro serisi dalgıç kanalizasyon ve atıksu pompaları — Teknik doküman», rev. 03, 06.2018, стр. 29 (архивная копия; актуальная техдокументация на сайте не опубликована)"
MASDAF;Enduro;Enduro 80-250 X Ø193;Vortex;80;43;7.5;1450;3~400 В;132.28;15.74;16;12;0;0;CatalogTable;"MASDAF (Mas Grup) «Enduro serisi dalgıç kanalizasyon ve atıksu pompaları — Teknik doküman», rev. 03, 06.2018, стр. 29 (архивная копия; актуальная техдокументация на сайте не опубликована)"
MASDAF;Enduro;Enduro 100-240 D Ø225;MultiChannel;100;50;0;1450;3~400 В;147.22;20.27;16;0;0;0;CatalogTable;"MASDAF (Mas Grup) «Enduro serisi dalgıç kanalizasyon ve atıksu pompaları — Teknik doküman», rev. 03, 06.2018, стр. 30 (архивная копия; актуальная техдокументация на сайте не опубликована)"
MASDAF;Enduro;Enduro 100-240 D Ø204;MultiChannel;100;50;0;1450;3~400 В;116.76;15.19;16;0;0;0;CatalogTable;"MASDAF (Mas Grup) «Enduro serisi dalgıç kanalizasyon ve atıksu pompaları — Teknik doküman», rev. 03, 06.2018, стр. 30 (архивная копия; актуальная техдокументация на сайте не опубликована)"
MASDAF;Enduro;Enduro 100-240 D Ø188;MultiChannel;100;50;0;1450;3~400 В;103.78;;16;0;0;0;CatalogTable;"MASDAF (Mas Grup) «Enduro serisi dalgıç kanalizasyon ve atıksu pompaları — Teknik doküman», rev. 03, 06.2018, стр. 30 (архивная копия; актуальная техдокументация на сайте не опубликована)"
MASDAF;Enduro;Enduro 100-240 X Ø200;Vortex;100;55;0;1450;3~400 В;147.99;;16;0;0;0;CatalogTable;"MASDAF (Mas Grup) «Enduro serisi dalgıç kanalizasyon ve atıksu pompaları — Teknik doküman», rev. 03, 06.2018, стр. 31 (архивная копия; актуальная техдокументация на сайте не опубликована)"
MASDAF;Enduro;Enduro 100-240 X Ø180;Vortex;100;55;0;1450;3~400 В;125.38;12.92;16;0;0;0;CatalogTable;"MASDAF (Mas Grup) «Enduro serisi dalgıç kanalizasyon ve atıksu pompaları — Teknik doküman», rev. 03, 06.2018, стр. 31 (архивная копия; актуальная техдокументация на сайте не опубликована)"
MASDAF;Enduro;Enduro 100-250 D Ø255;MultiChannel;100;68;0;1450;3~400 В;142.22;;16;0;0;0;CatalogTable;"MASDAF (Mas Grup) «Enduro serisi dalgıç kanalizasyon ve atıksu pompaları — Teknik doküman», rev. 03, 06.2018, стр. 32 (архивная копия; актуальная техдокументация на сайте не опубликована)"
MASDAF;Enduro;Enduro 100-250 D Ø230;MultiChannel;100;68;0;1450;3~400 В;205.62;17.76;16;0;0;0;CatalogTable;"MASDAF (Mas Grup) «Enduro serisi dalgıç kanalizasyon ve atıksu pompaları — Teknik doküman», rev. 03, 06.2018, стр. 32 (архивная копия; актуальная техдокументация на сайте не опубликована)"
MASDAF;Enduro;Enduro 100-250 D Ø205;MultiChannel;100;68;0;1450;3~400 В;162.16;;16;0;0;0;CatalogTable;"MASDAF (Mas Grup) «Enduro serisi dalgıç kanalizasyon ve atıksu pompaları — Teknik doküman», rev. 03, 06.2018, стр. 32 (архивная копия; актуальная техдокументация на сайте не опубликована)"
MASDAF;Enduro;Enduro 100-250 X Ø235;Vortex;100;65;18.5;1450;3~400 В;271.62;21.75;16;12;0;0;CatalogTable;"MASDAF (Mas Grup) «Enduro serisi dalgıç kanalizasyon ve atıksu pompaları — Teknik doküman», rev. 03, 06.2018, стр. 33 (архивная копия; актуальная техдокументация на сайте не опубликована)"
MASDAF;Enduro;Enduro 100-250 X Ø220;Vortex;100;65;15.0;1450;3~400 В;253.78;19.14;16;12;0;0;CatalogTable;"MASDAF (Mas Grup) «Enduro serisi dalgıç kanalizasyon ve atıksu pompaları — Teknik doküman», rev. 03, 06.2018, стр. 33 (архивная копия; актуальная техдокументация на сайте не опубликована)"
MASDAF;Enduro;Enduro 100-250 X Ø200;Vortex;100;65;11.0;1450;3~400 В;224.64;15.65;16;12;0;0;CatalogTable;"MASDAF (Mas Grup) «Enduro serisi dalgıç kanalizasyon ve atıksu pompaları — Teknik doküman», rev. 03, 06.2018, стр. 33 (архивная копия; актуальная техдокументация на сайте не опубликована)"
MASDAF;Enduro;Enduro 100-315 D Ø278;MultiChannel;100;68;18.5;1450;3~400 В;307.75;28.35;16;12;0;0;CatalogTable;"MASDAF (Mas Grup) «Enduro serisi dalgıç kanalizasyon ve atıksu pompaları — Teknik doküman», rev. 03, 06.2018, стр. 34 (архивная копия; актуальная техдокументация на сайте не опубликована)"
MASDAF;Enduro;Enduro 100-315 D Ø260;MultiChannel;100;68;15.0;1450;3~400 В;295.2;;16;12;0;0;CatalogTable;"MASDAF (Mas Grup) «Enduro serisi dalgıç kanalizasyon ve atıksu pompaları — Teknik doküman», rev. 03, 06.2018, стр. 34 (архивная копия; актуальная техдокументация на сайте не опубликована)"
MASDAF;Enduro;Enduro 100-315 D Ø243;MultiChannel;100;68;11.0;1450;3~400 В;279.34;;16;12;0;0;CatalogTable;"MASDAF (Mas Grup) «Enduro serisi dalgıç kanalizasyon ve atıksu pompaları — Teknik doküman», rev. 03, 06.2018, стр. 34 (архивная копия; актуальная техдокументация на сайте не опубликована)"
MASDAF;Enduro;Enduro 150-315 D Ø328;MultiChannel;150;78;37.0;1450;3~400 В;398.01;34.68;16;12;0;0;CatalogTable;"MASDAF (Mas Grup) «Enduro serisi dalgıç kanalizasyon ve atıksu pompaları — Teknik doküman», rev. 03, 06.2018, стр. 35 (архивная копия; актуальная техдокументация на сайте не опубликована)"
MASDAF;Enduro;Enduro 150-315 D Ø320;MultiChannel;150;78;30.0;1450;3~400 В;383.83;31.62;16;12;0;0;CatalogTable;"MASDAF (Mas Grup) «Enduro serisi dalgıç kanalizasyon ve atıksu pompaları — Teknik doküman», rev. 03, 06.2018, стр. 35 (архивная копия; актуальная техдокументация на сайте не опубликована)"
MASDAF;Enduro;Enduro 150-315 D Ø272;MultiChannel;150;78;15.0;1450;3~400 В;292.92;20.91;16;12;0;0;CatalogTable;"MASDAF (Mas Grup) «Enduro serisi dalgıç kanalizasyon ve atıksu pompaları — Teknik doküman», rev. 03, 06.2018, стр. 35 (архивная копия; актуальная техдокументация на сайте не опубликована)"
MASDAF;Enduro;Enduro 150-315 X Ø242;Vortex;150;70;37.0;1450;3~400 В;513.15;19.8;16;12;0;0;CatalogTable;"MASDAF (Mas Grup) «Enduro serisi dalgıç kanalizasyon ve atıksu pompaları — Teknik doküman», rev. 03, 06.2018, стр. 36 (архивная копия; актуальная техдокументация на сайте не опубликована)"
MASDAF;Enduro;Enduro 150-315 X Ø220;Vortex;150;70;30.0;1450;3~400 В;513.15;19.8;16;12;0;0;CatalogTable;"MASDAF (Mas Grup) «Enduro serisi dalgıç kanalizasyon ve atıksu pompaları — Teknik doküman», rev. 03, 06.2018, стр. 36 (архивная копия; актуальная техдокументация на сайте не опубликована)"
MASDAF;Enduro;Enduro 150-315 X Ø195;Vortex;150;70;18.5;1450;3~400 В;402.28;14.43;16;12;0;0;CatalogTable;"MASDAF (Mas Grup) «Enduro serisi dalgıç kanalizasyon ve atıksu pompaları — Teknik doküman», rev. 03, 06.2018, стр. 36 (архивная копия; актуальная техдокументация на сайте не опубликована)"
MASDAF;Enduro;Enduro 150-315 X Ø185;Vortex;150;70;15.0;1450;3~400 В;374.82;14.43;16;12;0;0;CatalogTable;"MASDAF (Mas Grup) «Enduro serisi dalgıç kanalizasyon ve atıksu pompaları — Teknik doküman», rev. 03, 06.2018, стр. 36 (архивная копия; актуальная техдокументация на сайте не опубликована)"
Tsunami;AS-WQ;100ASWQ100-18-11-4;Cutter;100;0;11.0;1450;3~380 В;176.0;28.0;15;0;0;0;CatalogTable;Сайт производителя tsunami-pump.ru, карточка модели, вкладка «Графики производительности», серия AS-WQ
Tsunami;AS-WQ;100ASWQ100-24-15-4;Cutter;100;0;15.0;1450;3~380 В;195.6;34.6;15;0;0;0;CatalogTable;Сайт производителя tsunami-pump.ru, карточка модели, вкладка «Графики производительности», серия AS-WQ
Tsunami;AS-WQ;100ASWQ100-28-18.5-4;Cutter;100;0;18.5;1450;3~380 В;205.8;39.1;15;0;0;0;CatalogTable;Сайт производителя tsunami-pump.ru, карточка модели, вкладка «Графики производительности», серия AS-WQ
Tsunami;AS-WQ;100ASWQ100-54-45-4;Cutter;100;0;45.0;1450;3~380 В;304.2;59.7;15;0;0;0;CatalogTable;Сайт производителя tsunami-pump.ru, карточка модели, вкладка «Графики производительности», серия AS-WQ
Tsunami;AS-WQ;100ASWQ100-65-55-4;Cutter;100;0;55.0;1450;3~380 В;315.8;72.0;15;0;0;0;CatalogTable;Сайт производителя tsunami-pump.ru, карточка модели, вкладка «Графики производительности», серия AS-WQ
Tsunami;AS-WQ;100ASWQ120-35-22-2;Cutter;100;0;22.0;2900;3~380 В;200.7;;15;0;0;0;CatalogTable;Сайт производителя tsunami-pump.ru, карточка модели, вкладка «Графики производительности», серия AS-WQ
Tsunami;AS-WQ;100ASWQ120-38-30-4;Cutter;100;0;30.0;1450;3~380 В;252.6;47.1;15;0;0;0;CatalogTable;Сайт производителя tsunami-pump.ru, карточка модели, вкладка «Графики производительности», серия AS-WQ
Tsunami;AS-WQ;100ASWQ120-44-37-4;Cutter;100;0;37.0;1450;3~380 В;272.1;52.1;15;0;0;0;CatalogTable;Сайт производителя tsunami-pump.ru, карточка модели, вкладка «Графики производительности», серия AS-WQ
Tsunami;AS-WQ;100ASWQ80-27-11-2;Cutter;100;0;11.0;2900;3~380 В;170.9;;15;0;0;0;CatalogTable;Сайт производителя tsunami-pump.ru, карточка модели, вкладка «Графики производительности», серия AS-WQ
Tsunami;AS-WQ;100ASWQ80-36-18.5-2;Cutter;100;0;18.5;2900;3~380 В;202.9;;15;0;0;0;CatalogTable;Сайт производителя tsunami-pump.ru, карточка модели, вкладка «Графики производительности», серия AS-WQ
Tsunami;AS-WQ;100ASWQ80-43-22-4;Cutter;100;0;22.0;1450;3~380 В;200.7;;15;0;0;0;CatalogTable;Сайт производителя tsunami-pump.ru, карточка модели, вкладка «Графики производительности», серия AS-WQ
Tsunami;AS-WQ;100ASWQ90-10-5.5-4;Cutter;100;0;5.5;1450;3~380 В;140.2;16.8;15;0;0;0;CatalogTable;Сайт производителя tsunami-pump.ru, карточка модели, вкладка «Графики производительности», серия AS-WQ
Tsunami;AS-WQ;100ASWQ90-12-7.5-4;Cutter;100;0;7.5;1450;3~380 В;152.7;19.2;15;0;0;0;CatalogTable;Сайт производителя tsunami-pump.ru, карточка модели, вкладка «Графики производительности», серия AS-WQ
Tsunami;AS-WQ;100ASWQ92-30-15-2;Cutter;100;0;15.0;2900;3~380 В;161.7;;15;0;0;0;CatalogTable;Сайт производителя tsunami-pump.ru, карточка модели, вкладка «Графики производительности», серия AS-WQ
Tsunami;AS-WQ;150ASWQ100-20-11-2;Cutter;150;0;11.0;2900;3~380 В;205.7;32.6;15;0;0;0;CatalogTable;Сайт производителя tsunami-pump.ru, карточка модели, вкладка «Графики производительности», серия AS-WQ
Tsunami;AS-WQ;150ASWQ100-26-15-2;Cutter;150;0;15.0;2900;3~380 В;205.8;39.1;15;0;0;0;CatalogTable;Сайт производителя tsunami-pump.ru, карточка модели, вкладка «Графики производительности», серия AS-WQ
Tsunami;AS-WQ;150ASWQ120-17-11-2;Cutter;150;0;11.0;2900;3~380 В;205.7;32.6;15;0;0;0;CatalogTable;Сайт производителя tsunami-pump.ru, карточка модели, вкладка «Графики производительности», серия AS-WQ
Tsunami;AS-WQ;150ASWQ120-25-15-2;Cutter;150;0;15.0;2900;3~380 В;205.8;39.1;15;0;0;0;CatalogTable;Сайт производителя tsunami-pump.ru, карточка модели, вкладка «Графики производительности», серия AS-WQ
Tsunami;AS-WQ;150ASWQ140-27-22-2;Cutter;150;0;22.0;2900;3~380 В;210.0;45.7;15;0;0;0;CatalogTable;Сайт производителя tsunami-pump.ru, карточка модели, вкладка «Графики производительности», серия AS-WQ
Tsunami;AS-WQ;150ASWQ140-30-18.5-2;Cutter;150;0;18.5;2900;3~380 В;224.4;45.5;15;0;0;0;CatalogTable;Сайт производителя tsunami-pump.ru, карточка модели, вкладка «Графики производительности», серия AS-WQ
Tsunami;AS-WQ;150ASWQ150-20-18.5-4;Cutter;150;0;18.5;1450;3~380 В;348.4;;15;0;0;0;CatalogTable;Сайт производителя tsunami-pump.ru, карточка модели, вкладка «Графики производительности», серия AS-WQ
Tsunami;AS-WQ;150ASWQ150-7-5.5-4;Cutter;150;0;5.5;1450;3~380 В;234.2;13.6;15;0;0;0;CatalogTable;Сайт производителя tsunami-pump.ru, карточка модели, вкладка «Графики производительности», серия AS-WQ
Tsunami;AS-WQ;150ASWQ160-8-7.5-4;Cutter;150;0;7.5;1450;3~380 В;242.1;15.5;15;0;0;0;CatalogTable;Сайт производителя tsunami-pump.ru, карточка модели, вкладка «Графики производительности», серия AS-WQ
Tsunami;AS-WQ;150ASWQ180-11-11-4;Cutter;150;0;11.0;1450;3~380 В;297.4;21.4;15;0;0;0;CatalogTable;Сайт производителя tsunami-pump.ru, карточка модели, вкладка «Графики производительности», серия AS-WQ
Tsunami;AS-WQ;150ASWQ180-25-30-4;Cutter;150;0;30.0;1450;3~380 В;419.7;;15;0;0;0;CatalogTable;Сайт производителя tsunami-pump.ru, карточка модели, вкладка «Графики производительности», серия AS-WQ
Tsunami;AS-WQ;150ASWQ200-15-15-4;Cutter;150;0;15.0;1450;3~380 В;324.4;25.0;15;0;0;0;CatalogTable;Сайт производителя tsunami-pump.ru, карточка модели, вкладка «Графики производительности», серия AS-WQ
Tsunami;AS-WQ;150ASWQ200-20-22-4;Cutter;150;0;22.0;1450;3~380 В;396.3;;15;0;0;0;CatalogTable;Сайт производителя tsunami-pump.ru, карточка модели, вкладка «Графики производительности», серия AS-WQ
Tsunami;AS-WQ;150ASWQ200-40-45-4;Cutter;150;0;45.0;1450;3~380 В;507.7;45.9;15;0;0;0;CatalogTable;Сайт производителя tsunami-pump.ru, карточка модели, вкладка «Графики производительности», серия AS-WQ
Tsunami;AS-WQ;200ASWQ140-15-11-2;Cutter;200;0;11.0;2900;3~380 В;214.5;32.2;15;0;0;0;CatalogTable;Сайт производителя tsunami-pump.ru, карточка модели, вкладка «Графики производительности», серия AS-WQ
Tsunami;AS-WQ;200ASWQ180-15-15-2;Cutter;200;0;15.0;2900;3~380 В;205.8;39.1;15;0;0;0;CatalogTable;Сайт производителя tsunami-pump.ru, карточка модели, вкладка «Графики производительности», серия AS-WQ
Tsunami;AS-WQ;200ASWQ180-30-22-2;Cutter;200;0;22.0;2900;3~380 В;252.6;47.1;15;0;0;0;CatalogTable;Сайт производителя tsunami-pump.ru, карточка модели, вкладка «Графики производительности», серия AS-WQ
Tsunami;AS-WQ;200ASWQ250-6-7.5-4;Cutter;200;0;7.5;1450;3~380 В;338.8;;15;0;0;0;CatalogTable;Сайт производителя tsunami-pump.ru, карточка модели, вкладка «Графики производительности», серия AS-WQ
Tsunami;AS-WQ;200ASWQ300-30-45-4;Cutter;200;0;45.0;1450;3~380 В;556.1;39.9;15;0;0;0;CatalogTable;Сайт производителя tsunami-pump.ru, карточка модели, вкладка «Графики производительности», серия AS-WQ
Tsunami;AS-WQ;200ASWQ300-33-55-4;Cutter;200;0;55.0;1450;3~380 В;603.5;;15;0;0;0;CatalogTable;Сайт производителя tsunami-pump.ru, карточка модели, вкладка «Графики производительности», серия AS-WQ
Tsunami;AS-WQ;200ASWQ300-6-11-4;Cutter;200;0;11.0;1450;3~380 В;349.8;;15;0;0;0;CatalogTable;Сайт производителя tsunami-pump.ru, карточка модели, вкладка «Графики производительности», серия AS-WQ
Tsunami;AS-WQ;200ASWQ400-23-45-4;Cutter;200;0;45.0;1450;3~380 В;556.1;39.9;15;0;0;0;CatalogTable;Сайт производителя tsunami-pump.ru, карточка модели, вкладка «Графики производительности», серия AS-WQ
Tsunami;AS-WQ;200ASWQ400-28-55-4;Cutter;200;0;55.0;1450;3~380 В;603.5;;15;0;0;0;CatalogTable;Сайт производителя tsunami-pump.ru, карточка модели, вкладка «Графики производительности», серия AS-WQ
Tsunami;AS-WQ;250ASWQ500-8-22-4;Cutter;250;0;22.0;1450;3~380 В;737.2;20.8;15;0;0;0;CatalogTable;Сайт производителя tsunami-pump.ru, карточка модели, вкладка «Графики производительности», серия AS-WQ
Tsunami;AS-WQ;250ASWQ600-14-45-4;Cutter;250;0;45.0;1450;3~380 В;1008.3;29.9;15;0;0;0;CatalogTable;Сайт производителя tsunami-pump.ru, карточка модели, вкладка «Графики производительности», серия AS-WQ
Tsunami;AS-WQ;250ASWQ600-20-55-4;Cutter;250;0;55.0;1450;3~380 В;1008.7;;15;0;0;0;CatalogTable;Сайт производителя tsunami-pump.ru, карточка модели, вкладка «Графики производительности», серия AS-WQ
Tsunami;AS-WQ;250ASWQ600-25-75-4;Cutter;250;0;75.0;1450;3~380 В;1038.0;;15;0;0;0;CatalogTable;Сайт производителя tsunami-pump.ru, карточка модели, вкладка «Графики производительности», серия AS-WQ
Tsunami;AS-WQ;250ASWQ600-28-90-4;Cutter;250;0;90.0;1450;3~380 В;1038.0;;15;0;0;0;CatalogTable;Сайт производителя tsunami-pump.ru, карточка модели, вкладка «Графики производительности», серия AS-WQ
Tsunami;AS-WQ;300ASWQ800-15-55-4;Cutter;300;0;55.0;1450;3~380 В;1098.5;33.2;15;0;0;0;CatalogTable;Сайт производителя tsunami-pump.ru, карточка модели, вкладка «Графики производительности», серия AS-WQ
Tsunami;AS-WQ;300ASWQ800-20-75-4;Cutter;300;0;75.0;1450;3~380 В;1040.6;;15;0;0;0;CatalogTable;Сайт производителя tsunami-pump.ru, карточка модели, вкладка «Графики производительности», серия AS-WQ
Tsunami;AS-WQ;80ASWQ100-16-11-4;Cutter;80;0;11.0;1450;3~380 В;120.0;29.1;15;0;0;0;CatalogTable;Сайт производителя tsunami-pump.ru, карточка модели, вкладка «Графики производительности», серия AS-WQ
Tsunami;AS-WQ;80ASWQ100-24-18.5-4;Cutter;80;0;18.5;1450;3~380 В;133.3;37.5;15;0;0;0;CatalogTable;Сайт производителя tsunami-pump.ru, карточка модели, вкладка «Графики производительности», серия AS-WQ
Tsunami;AS-WQ;80ASWQ100-30-22-2;Cutter;80;0;22.0;2900;3~380 В;144.0;54.0;15;0;0;0;CatalogTable;Сайт производителя tsunami-pump.ru, карточка модели, вкладка «Графики производительности», серия AS-WQ
Tsunami;AS-WQ;80ASWQ60-13-5.5-4;Cutter;80;0;5.5;1450;3~380 В;95.1;19.4;15;0;0;0;CatalogTable;Сайт производителя tsunami-pump.ru, карточка модели, вкладка «Графики производительности», серия AS-WQ
Tsunami;AS-WQ;80ASWQ60-26-15-4;Cutter;80;0;15.0;1450;3~380 В;126.2;31.7;15;0;0;0;CatalogTable;Сайт производителя tsunami-pump.ru, карточка модели, вкладка «Графики производительности», серия AS-WQ
Tsunami;AS-WQ;80ASWQ60-30-11-2;Cutter;80;0;11.0;2900;3~380 В;122.8;;15;0;0;0;CatalogTable;Сайт производителя tsunami-pump.ru, карточка модели, вкладка «Графики производительности», серия AS-WQ
Tsunami;AS-WQ;80ASWQ60-43-22-4;Cutter;80;0;22.0;1450;3~380 В;144.0;54.0;15;0;0;0;CatalogTable;Сайт производителя tsunami-pump.ru, карточка модели, вкладка «Графики производительности», серия AS-WQ
Tsunami;AS-WQ;80ASWQ70-14-7.5-4;Cutter;80;0;7.5;1450;3~380 В;103.0;22.5;15;0;0;0;CatalogTable;Сайт производителя tsunami-pump.ru, карточка модели, вкладка «Графики производительности», серия AS-WQ
Tsunami;AS-WQ;80ASWQ80-36-15-2;Cutter;80;0;15.0;2900;3~380 В;136.0;48.9;15;0;0;0;CatalogTable;Сайт производителя tsunami-pump.ru, карточка модели, вкладка «Графики производительности», серия AS-WQ
Tsunami;AS-WQ;80ASWQ90-30-18.5-2;Cutter;80;0;18.5;2900;3~380 В;142.0;53.4;15;0;0;0;CatalogTable;Сайт производителя tsunami-pump.ru, карточка модели, вкладка «Графики производительности», серия AS-WQ
Tsunami;B;100B211;SingleChannel;100;35.0;11.0;0;3~380 В;123.7;47.8;15;0;0;0;CatalogTable;Сайт производителя tsunami-pump.ru, карточка модели, вкладка «Графики производительности», серия B
Tsunami;B;100B23.0;SingleChannel;100;30.0;3.0;0;3~380 В;91.5;19.5;15;0;0;0;CatalogTable;Сайт производителя tsunami-pump.ru, карточка модели, вкладка «Графики производительности», серия B
Tsunami;B;100B24.0;SingleChannel;100;30.0;4.0;0;3~380 В;92.0;23.8;15;0;0;0;CatalogTable;Сайт производителя tsunami-pump.ru, карточка модели, вкладка «Графики производительности», серия B
Tsunami;B;100B25.5;SingleChannel;100;30.0;5.5;0;3~380 В;109.9;25.0;15;0;0;0;CatalogTable;Сайт производителя tsunami-pump.ru, карточка модели, вкладка «Графики производительности», серия B
Tsunami;B;100B27.5;SingleChannel;100;40.0;7.5;0;3~380 В;113.7;33.8;15;0;0;0;CatalogTable;Сайт производителя tsunami-pump.ru, карточка модели, вкладка «Графики производительности», серия B
Tsunami;B;100B411;SingleChannel;100;50.0;11.0;0;3~380 В;189.8;31.1;15;0;0;0;CatalogTable;Сайт производителя tsunami-pump.ru, карточка модели, вкладка «Графики производительности», серия B
Tsunami;B;100B415;SingleChannel;100;50.0;15.0;0;3~380 В;209.8;35.1;15;0;0;0;CatalogTable;Сайт производителя tsunami-pump.ru, карточка модели, вкладка «Графики производительности», серия B
Tsunami;B;100B419;SingleChannel;100;50.0;19.0;0;3~380 В;199.8;38.8;15;0;0;0;CatalogTable;Сайт производителя tsunami-pump.ru, карточка модели, вкладка «Графики производительности», серия B
Tsunami;B;100B42.2;SingleChannel;100;50.0;2.2;0;3~380 В;100.0;11.7;15;0;0;0;CatalogTable;Сайт производителя tsunami-pump.ru, карточка модели, вкладка «Графики производительности», серия B
Tsunami;B;100B422;SingleChannel;100;50.0;22.0;0;3~380 В;219.8;44.5;15;0;0;0;CatalogTable;Сайт производителя tsunami-pump.ru, карточка модели, вкладка «Графики производительности», серия B
Tsunami;B;100B43.7;SingleChannel;100;50.0;3.7;0;3~380 В;130.0;16.8;15;0;0;0;CatalogTable;Сайт производителя tsunami-pump.ru, карточка модели, вкладка «Графики производительности», серия B
Tsunami;B;100B45.5;SingleChannel;100;50.0;5.5;0;3~380 В;150.0;19.2;15;0;0;0;CatalogTable;Сайт производителя tsunami-pump.ru, карточка модели, вкладка «Графики производительности», серия B
Tsunami;B;100B47.5;SingleChannel;100;50.0;7.5;0;3~380 В;170.0;23.6;15;0;0;0;CatalogTable;Сайт производителя tsunami-pump.ru, карточка модели, вкладка «Графики производительности», серия B
Tsunami;B;150B211;SingleChannel;150;40.0;11.0;0;3~380 В;197.6;29.0;15;0;0;0;CatalogTable;Сайт производителя tsunami-pump.ru, карточка модели, вкладка «Графики производительности», серия B
Tsunami;B;150B27.5;SingleChannel;150;35.0;7.5;0;3~380 В;160.1;20.0;15;0;0;0;CatalogTable;Сайт производителя tsunami-pump.ru, карточка модели, вкладка «Графики производительности», серия B
Tsunami;B;150B411;SingleChannel;150;65.0;11.0;0;3~380 В;260.7;24.0;15;0;0;0;CatalogTable;Сайт производителя tsunami-pump.ru, карточка модели, вкладка «Графики производительности», серия B
Tsunami;B;150B415;SingleChannel;150;65.0;15.0;0;3~380 В;289.1;29.5;15;0;0;0;CatalogTable;Сайт производителя tsunami-pump.ru, карточка модели, вкладка «Графики производительности», серия B
Tsunami;B;150B419;SingleChannel;150;60.0;19.0;0;3~380 В;300.9;32.4;15;0;0;0;CatalogTable;Сайт производителя tsunami-pump.ru, карточка модели, вкладка «Графики производительности», серия B
Tsunami;B;150B422;SingleChannel;150;60.0;22.0;0;3~380 В;332.7;39.2;15;0;0;0;CatalogTable;Сайт производителя tsunami-pump.ru, карточка модели, вкладка «Графики производительности», серия B
Tsunami;B;150B430;SingleChannel;150;55.0;30.0;0;3~380 В;310.4;;15;0;0;0;CatalogTable;Сайт производителя tsunami-pump.ru, карточка модели, вкладка «Графики производительности», серия B
Tsunami;B;150B437;SingleChannel;150;55.0;37.0;0;3~380 В;330.3;;15;0;0;0;CatalogTable;Сайт производителя tsunami-pump.ru, карточка модели, вкладка «Графики производительности», серия B
Tsunami;B;150B445;SingleChannel;150;55.0;45.0;0;3~380 В;355.4;;15;0;0;0;CatalogTable;Сайт производителя tsunami-pump.ru, карточка модели, вкладка «Графики производительности», серия B
Tsunami;B;150B45.5;SingleChannel;150;55.0;5.5;0;3~380 В;199.8;;15;0;0;0;CatalogTable;Сайт производителя tsunami-pump.ru, карточка модели, вкладка «Графики производительности», серия B
Tsunami;B;150B47.5;SingleChannel;150;75.0;7.5;0;3~380 В;221.9;;15;0;0;0;CatalogTable;Сайт производителя tsunami-pump.ru, карточка модели, вкладка «Графики производительности», серия B
Tsunami;B;200B411;SingleChannel;200;70.0;11.0;0;3~380 В;451.2;17.1;15;0;0;0;CatalogTable;Сайт производителя tsunami-pump.ru, карточка модели, вкладка «Графики производительности», серия B
Tsunami;B;200B415;SingleChannel;200;70.0;15.0;0;3~380 В;501.3;20.7;15;0;0;0;CatalogTable;Сайт производителя tsunami-pump.ru, карточка модели, вкладка «Графики производительности», серия B
Tsunami;B;200B419;SingleChannel;200;70.0;19.0;0;3~380 В;529.1;24.6;15;0;0;0;CatalogTable;Сайт производителя tsunami-pump.ru, карточка модели, вкладка «Графики производительности», серия B
Tsunami;B;200B422;SingleChannel;200;70.0;22.0;0;3~380 В;553.1;27.1;15;0;0;0;CatalogTable;Сайт производителя tsunami-pump.ru, карточка модели, вкладка «Графики производительности», серия B
Tsunami;B;200B430;SingleChannel;200;80.0;30.0;0;3~380 В;569.0;33.5;15;0;0;0;CatalogTable;Сайт производителя tsunami-pump.ru, карточка модели, вкладка «Графики производительности», серия B
Tsunami;B;200B437;SingleChannel;200;90.0;37.0;0;3~380 В;618.1;39.1;15;0;0;0;CatalogTable;Сайт производителя tsunami-pump.ru, карточка модели, вкладка «Графики производительности», серия B
Tsunami;B;200B445;SingleChannel;200;90.0;45.0;0;3~380 В;658.9;43.6;15;0;0;0;CatalogTable;Сайт производителя tsunami-pump.ru, карточка модели, вкладка «Графики производительности», серия B
Tsunami;B;200B455;SingleChannel;200;80.0;55.0;0;3~380 В;630.5;51.8;15;0;0;0;CatalogTable;Сайт производителя tsunami-pump.ru, карточка модели, вкладка «Графики производительности», серия B
Tsunami;B;200B47.5;SingleChannel;200;80.0;7.5;0;3~380 В;393.8;;15;0;0;0;CatalogTable;Сайт производителя tsunami-pump.ru, карточка модели, вкладка «Графики производительности», серия B
Tsunami;B;200B475;SingleChannel;200;80.0;75.0;0;3~380 В;653.4;61.6;15;0;0;0;CatalogTable;Сайт производителя tsunami-pump.ru, карточка модели, вкладка «Графики производительности», серия B
Tsunami;B;250B422;SingleChannel;250;90.0;22.0;0;3~380 В;802.4;22.3;15;0;0;0;CatalogTable;Сайт производителя tsunami-pump.ru, карточка модели, вкладка «Графики производительности», серия B
Tsunami;B;250B430;SingleChannel;250;90.0;30.0;0;3~380 В;859.1;;15;0;0;0;CatalogTable;Сайт производителя tsunami-pump.ru, карточка модели, вкладка «Графики производительности», серия B
Tsunami;B;250B437;SingleChannel;250;90.0;37.0;0;3~380 В;927.2;;15;0;0;0;CatalogTable;Сайт производителя tsunami-pump.ru, карточка модели, вкладка «Графики производительности», серия B
Tsunami;B;250B445;SingleChannel;250;90.0;45.0;0;3~380 В;950.8;;15;0;0;0;CatalogTable;Сайт производителя tsunami-pump.ru, карточка модели, вкладка «Графики производительности», серия B
Tsunami;B;250B455;SingleChannel;250;90.0;55.0;0;3~380 В;972.1;42.7;15;0;0;0;CatalogTable;Сайт производителя tsunami-pump.ru, карточка модели, вкладка «Графики производительности», серия B
Tsunami;B;250B475;SingleChannel;250;90.0;75.0;0;3~380 В;1052.8;49.9;15;0;0;0;CatalogTable;Сайт производителя tsunami-pump.ru, карточка модели, вкладка «Графики производительности», серия B
Tsunami;B;300B430;SingleChannel;300;90.0;30.0;0;3~380 В;1030.8;;15;0;0;0;CatalogTable;Сайт производителя tsunami-pump.ru, карточка модели, вкладка «Графики производительности», серия B
Tsunami;B;300B437;SingleChannel;300;90.0;37.0;0;3~380 В;1065.9;;15;0;0;0;CatalogTable;Сайт производителя tsunami-pump.ru, карточка модели, вкладка «Графики производительности», серия B
Tsunami;B;300B445;SingleChannel;300;90.0;45.0;0;3~380 В;1090.2;;15;0;0;0;CatalogTable;Сайт производителя tsunami-pump.ru, карточка модели, вкладка «Графики производительности», серия B
Tsunami;B;300B455;SingleChannel;300;90.0;55.0;0;3~380 В;1214.6;;15;0;0;0;CatalogTable;Сайт производителя tsunami-pump.ru, карточка модели, вкладка «Графики производительности», серия B
Tsunami;B;300B475;SingleChannel;300;90.0;75.0;0;3~380 В;1249.4;;15;0;0;0;CatalogTable;Сайт производителя tsunami-pump.ru, карточка модели, вкладка «Графики производительности», серия B
Tsunami;B;400B645;SingleChannel;400;120.0;45.0;0;3~380 В;1707.8;;15;0;0;0;CatalogTable;Сайт производителя tsunami-pump.ru, карточка модели, вкладка «Графики производительности», серия B
Tsunami;B;400B655;SingleChannel;400;120.0;55.0;0;3~380 В;1892.7;;15;0;0;0;CatalogTable;Сайт производителя tsunami-pump.ru, карточка модели, вкладка «Графики производительности», серия B
Tsunami;B;50B2.75;SingleChannel;50;25.0;0.75;0;3~380 В;25.2;11.9;15;0;0;0;CatalogTable;Сайт производителя tsunami-pump.ru, карточка модели, вкладка «Графики производительности», серия B
Tsunami;B;50B2.75A;SingleChannel;50;25.0;0.75;0;3~380 В;26.3;11.9;15;0;0;0;CatalogTable;Сайт производителя tsunami-pump.ru, карточка модели, вкладка «Графики производительности», серия B
Tsunami;B;50B2.75S;SingleChannel;50;25.0;0.75;0;3~220 В;25.2;11.9;15;0;0;0;CatalogTable;Сайт производителя tsunami-pump.ru, карточка модели, вкладка «Графики производительности», серия B
Tsunami;B;50B2.75SA;SingleChannel;50;25.0;0.75;0;3~220 В;26.3;11.9;15;0;0;0;CatalogTable;Сайт производителя tsunami-pump.ru, карточка модели, вкладка «Графики производительности», серия B
Tsunami;B;50B21.1;SingleChannel;50;20.0;1.1;0;3~380 В;27.4;17.6;15;0;0;0;CatalogTable;Сайт производителя tsunami-pump.ru, карточка модели, вкладка «Графики производительности», серия B
Tsunami;B;50B21.1A;SingleChannel;50;20.0;1.1;0;3~380 В;29.1;17.8;15;0;0;0;CatalogTable;Сайт производителя tsunami-pump.ru, карточка модели, вкладка «Графики производительности», серия B
Tsunami;B;50B21.1S;SingleChannel;50;20.0;1.1;0;3~220 В;27.4;17.6;15;0;0;0;CatalogTable;Сайт производителя tsunami-pump.ru, карточка модели, вкладка «Графики производительности», серия B
Tsunami;B;50B21.1SA;SingleChannel;50;20.0;1.1;0;3~220 В;29.1;17.8;15;0;0;0;CatalogTable;Сайт производителя tsunami-pump.ru, карточка модели, вкладка «Графики производительности», серия B
Tsunami;B;50B21.5;SingleChannel;50;20.0;1.5;0;3~380 В;31.3;20.7;15;0;0;0;CatalogTable;Сайт производителя tsunami-pump.ru, карточка модели, вкладка «Графики производительности», серия B
Tsunami;B;50B21.5A;SingleChannel;50;20.0;1.5;0;3~380 В;32.7;21.1;15;0;0;0;CatalogTable;Сайт производителя tsunami-pump.ru, карточка модели, вкладка «Графики производительности», серия B
Tsunami;B;50B21.5S;SingleChannel;50;20.0;1.5;0;3~220 В;31.3;20.7;15;0;0;0;CatalogTable;Сайт производителя tsunami-pump.ru, карточка модели, вкладка «Графики производительности», серия B
Tsunami;B;50B21.5SA;SingleChannel;50;20.0;1.5;0;3~220 В;32.7;21.1;15;0;0;0;CatalogTable;Сайт производителя tsunami-pump.ru, карточка модели, вкладка «Графики производительности», серия B
Tsunami;B;50B22.2;SingleChannel;50;20.0;2.2;0;3~380 В;40.0;21.7;15;0;0;0;CatalogTable;Сайт производителя tsunami-pump.ru, карточка модели, вкладка «Графики производительности», серия B
Tsunami;B;50B23.0;SingleChannel;50;20.0;3.0;0;3~380 В;45.7;28.3;15;0;0;0;CatalogTable;Сайт производителя tsunami-pump.ru, карточка модели, вкладка «Графики производительности», серия B
Tsunami;B;50B25.5;SingleChannel;50;20.0;5.5;0;3~380 В;49.9;42.4;15;0;0;0;CatalogTable;Сайт производителя tsunami-pump.ru, карточка модели, вкладка «Графики производительности», серия B
Tsunami;B;50B27.5;SingleChannel;50;25.0;7.5;0;3~380 В;37.0;52.4;15;0;0;0;CatalogTable;Сайт производителя tsunami-pump.ru, карточка модели, вкладка «Графики производительности», серия B
Tsunami;B;65B21.1;SingleChannel;65;25.0;1.1;0;3~380 В;31.6;14.8;15;0;0;0;CatalogTable;Сайт производителя tsunami-pump.ru, карточка модели, вкладка «Графики производительности», серия B
Tsunami;B;65B21.1A;SingleChannel;65;25.0;1.1;0;3~380 В;33.0;14.8;15;0;0;0;CatalogTable;Сайт производителя tsunami-pump.ru, карточка модели, вкладка «Графики производительности», серия B
Tsunami;B;65B21.1S;SingleChannel;65;25.0;1.1;0;3~220 В;31.6;14.8;15;0;0;0;CatalogTable;Сайт производителя tsunami-pump.ru, карточка модели, вкладка «Графики производительности», серия B
Tsunami;B;65B21.1SA;SingleChannel;65;25.0;1.1;0;3~220 В;33.0;14.8;15;0;0;0;CatalogTable;Сайт производителя tsunami-pump.ru, карточка модели, вкладка «Графики производительности», серия B
Tsunami;B;65B21.5;SingleChannel;65;25.0;1.5;0;3~380 В;35.1;19.8;15;0;0;0;CatalogTable;Сайт производителя tsunami-pump.ru, карточка модели, вкладка «Графики производительности», серия B
Tsunami;B;65B21.5A;SingleChannel;65;25.0;1.5;0;3~380 В;37.0;19.8;15;0;0;0;CatalogTable;Сайт производителя tsunami-pump.ru, карточка модели, вкладка «Графики производительности», серия B
Tsunami;B;65B21.5S;SingleChannel;65;25.0;1.5;0;3~220 В;35.1;19.8;15;0;0;0;CatalogTable;Сайт производителя tsunami-pump.ru, карточка модели, вкладка «Графики производительности», серия B
Tsunami;B;65B21.5SA;SingleChannel;65;25.0;1.5;0;3~220 В;37.0;19.8;15;0;0;0;CatalogTable;Сайт производителя tsunami-pump.ru, карточка модели, вкладка «Графики производительности», серия B
Tsunami;B;65B22.2;SingleChannel;65;20.0;2.2;0;3~380 В;42.1;21.8;15;0;0;0;CatalogTable;Сайт производителя tsunami-pump.ru, карточка модели, вкладка «Графики производительности», серия B
Tsunami;B;65B23.0;SingleChannel;65;20.0;3.0;0;3~380 В;51.9;26.3;15;0;0;0;CatalogTable;Сайт производителя tsunami-pump.ru, карточка модели, вкладка «Графики производительности», серия B
Tsunami;B;65B24.0;SingleChannel;65;20.0;4.0;0;3~380 В;57.5;33.1;15;0;0;0;CatalogTable;Сайт производителя tsunami-pump.ru, карточка модели, вкладка «Графики производительности», серия B
Tsunami;B;80B211;SingleChannel;80;35.0;11.0;0;3~380 В;110.0;47.7;15;0;0;0;CatalogTable;Сайт производителя tsunami-pump.ru, карточка модели, вкладка «Графики производительности», серия B
Tsunami;B;80B22.2;SingleChannel;80;30.0;2.2;0;3~380 В;64.2;;15;0;0;0;CatalogTable;Сайт производителя tsunami-pump.ru, карточка модели, вкладка «Графики производительности», серия B
Tsunami;B;80B23.0;SingleChannel;80;30.0;3.0;0;3~380 В;75.1;;15;0;0;0;CatalogTable;Сайт производителя tsunami-pump.ru, карточка модели, вкладка «Графики производительности», серия B
Tsunami;B;80B24.0;SingleChannel;80;30.0;4.0;0;3~380 В;81.6;;15;0;0;0;CatalogTable;Сайт производителя tsunami-pump.ru, карточка модели, вкладка «Графики производительности», серия B
Tsunami;B;80B25.5;SingleChannel;80;25.0;5.5;0;3~380 В;47.6;;15;0;0;0;CatalogTable;Сайт производителя tsunami-pump.ru, карточка модели, вкладка «Графики производительности», серия B
Tsunami;B;80B27.5;SingleChannel;80;30.0;7.5;0;3~380 В;80.0;40.1;15;0;0;0;CatalogTable;Сайт производителя tsunami-pump.ru, карточка модели, вкладка «Графики производительности», серия B
Tsunami;B;80B42.2;SingleChannel;80;50.0;2.2;0;3~380 В;73.2;11.5;15;0;0;0;CatalogTable;Сайт производителя tsunami-pump.ru, карточка модели, вкладка «Графики производительности», серия B
Tsunami;B;80B43.7;SingleChannel;80;50.0;3.7;0;3~380 В;90.0;16.4;15;0;0;0;CatalogTable;Сайт производителя tsunami-pump.ru, карточка модели, вкладка «Графики производительности», серия B
Tsunami;CPNSC;4CPNSC10S4A;Unknown;100;40.0;7.5;1450;3~380 В;166.0;;8;0;0;0;CatalogTable;Сайт производителя tsunami-pump.ru, карточка модели, вкладка «Графики производительности», серия CPNSC
Tsunami;CPNSC;4CPNSC15S4A;Unknown;100;40.0;11.0;1450;3~380 В;213.0;;10;0;0;0;CatalogTable;Сайт производителя tsunami-pump.ru, карточка модели, вкладка «Графики производительности», серия CPNSC
Tsunami;CPNSC;4CPNSC25S4A;Unknown;100;40.0;18.5;1450;3~380 В;231.0;;11;0;0;0;CatalogTable;Сайт производителя tsunami-pump.ru, карточка модели, вкладка «Графики производительности», серия CPNSC
Tsunami;CPNSC;4CPNSC25S6B;Unknown;150;40.0;18.5;1450;3~380 В;320.0;;9;0;0;0;CatalogTable;Сайт производителя tsunami-pump.ru, карточка модели, вкладка «Графики производительности», серия CPNSC
Tsunami;CPNSC;4CPNSC40S4A;Unknown;100;40.0;30.0;1450;3~380 В;234.0;;13;0;0;0;CatalogTable;Сайт производителя tsunami-pump.ru, карточка модели, вкладка «Графики производительности», серия CPNSC
Tsunami;CPNSC;4CPNSC40S6B;Unknown;150;40.0;30.0;1450;3~380 В;396.0;;11;0;0;0;CatalogTable;Сайт производителя tsunami-pump.ru, карточка модели, вкладка «Графики производительности», серия CPNSC
Tsunami;CPNSC;4CPNSC50S4A;Unknown;100;40.0;37.0;1450;3~380 В;235.0;;14;0;0;0;CatalogTable;Сайт производителя tsunami-pump.ru, карточка модели, вкладка «Графики производительности», серия CPNSC
Tsunami;CPNSC;4CPNSC50S6B;Unknown;150;40.0;37.0;1450;3~380 В;428.0;;11;0;0;0;CatalogTable;Сайт производителя tsunami-pump.ru, карточка модели, вкладка «Графики производительности», серия CPNSC
Tsunami;CPNSC;4CPNSC5S4A;Unknown;100;40.0;3.7;1450;3~380 В;110.0;;6;0;0;0;CatalogTable;Сайт производителя tsunami-pump.ru, карточка модели, вкладка «Графики производительности», серия CPNSC
Tsunami;CPNSC;4CPNSC60S4A;Unknown;100;40.0;45.0;1450;3~380 В;255.0;;15;0;0;0;CatalogTable;Сайт производителя tsunami-pump.ru, карточка модели, вкладка «Графики производительности», серия CPNSC
Tsunami;CPNSC;4CPNSC60S6B;Unknown;150;40.0;45.0;1450;3~380 В;456.0;;14;0;0;0;CatalogTable;Сайт производителя tsunami-pump.ru, карточка модели, вкладка «Графики производительности», серия CPNSC
Tsunami;CPNSC;4CPNSC7.5S4A;Unknown;100;40.0;5.5;1450;3~380 В;137.0;;7;0;0;0;CatalogTable;Сайт производителя tsunami-pump.ru, карточка модели, вкладка «Графики производительности», серия CPNSC
Tsunami;DCAL;2DCAL10C3H;Unknown;75;0;7.5;2900;3~380 В;65.0;;30;0;0;0;CatalogTable;Сайт производителя tsunami-pump.ru, карточка модели, вкладка «Графики производительности», серия DCAL
Tsunami;DCAL;2DCAL10C4M;Unknown;100;0;7.5;2900;3~380 В;198.0;;13;0;0;0;CatalogTable;Сайт производителя tsunami-pump.ru, карточка модели, вкладка «Графики производительности», серия DCAL
Tsunami;DCAL;2DCAL15C3HH;Unknown;75;0;11.2;2900;3~380 В;72.0;;31;0;0;0;CatalogTable;Сайт производителя tsunami-pump.ru, карточка модели, вкладка «Графики производительности», серия DCAL
Tsunami;DCAL;2DCAL15C4H;Unknown;100;0;11.2;2900;3~380 В;126.0;;25;0;0;0;CatalogTable;Сайт производителя tsunami-pump.ru, карточка модели, вкладка «Графики производительности», серия DCAL
Tsunami;DCAL;2DCAL15C6M;Unknown;150;0;11.2;2900;3~380 В;198.0;;18;0;0;0;CatalogTable;Сайт производителя tsunami-pump.ru, карточка модели, вкладка «Графики производительности», серия DCAL
Tsunami;DCAL;2DCAL1C2H;Unknown;50;0;0.75;2900;3~380 В;24.0;;4;0;0;0;CatalogTable;Сайт производителя tsunami-pump.ru, карточка модели, вкладка «Графики производительности», серия DCAL
Tsunami;DCAL;2DCAL25C4H;Unknown;100;0;18.6;2900;3~380 В;160.1;64.1;15;0;0;0;CatalogTable;Сайт производителя tsunami-pump.ru, карточка модели, вкладка «Графики производительности», серия DCAL
Tsunami;DCAL;2DCAL25C6M;Unknown;150;0;18.6;2900;3~380 В;320.0;40.0;15;0;0;0;CatalogTable;Сайт производителя tsunami-pump.ru, карточка модели, вкладка «Графики производительности», серия DCAL
Tsunami;DCAL;2DCAL2C3H;Unknown;75;0;1.5;2900;3~380 В;30.0;;15;0;0;0;CatalogTable;Сайт производителя tsunami-pump.ru, карточка модели, вкладка «Графики производительности», серия DCAL
Tsunami;DCAL;2DCAL3C3H;Unknown;75;0;2.2;2900;3~380 В;50.0;;15;0;0;0;CatalogTable;Сайт производителя tsunami-pump.ru, карточка модели, вкладка «Графики производительности», серия DCAL
Tsunami;DCAL;2DCAL50C4H;Unknown;100;0;37.0;2900;3~380 В;216.0;;36;0;0;0;CatalogTable;Сайт производителя tsunami-pump.ru, карточка модели, вкладка «Графики производительности», серия DCAL
Tsunami;DCAL;2DCAL50C8M;Unknown;200;0;37.0;2900;3~380 В;576.0;;20;0;0;0;CatalogTable;Сайт производителя tsunami-pump.ru, карточка модели, вкладка «Графики производительности», серия DCAL
Tsunami;DCAL;2DCAL5C3H;Unknown;75;0;3.7;2900;3~380 В;50.1;;15;0;0;0;CatalogTable;Сайт производителя tsunami-pump.ru, карточка модели, вкладка «Графики производительности», серия DCAL
Tsunami;DCAL;2DCAL5C4M;Unknown;100;0;3.7;2900;3~380 В;120.0;;15;0;0;0;CatalogTable;Сайт производителя tsunami-pump.ru, карточка модели, вкладка «Графики производительности», серия DCAL
Tsunami;DCAL;2DCAL7.5C3H;Unknown;75;0;5.5;2900;3~380 В;70.0;;15;0;0;0;CatalogTable;Сайт производителя tsunami-pump.ru, карточка модели, вкладка «Графики производительности», серия DCAL
Tsunami;DCAL;2DCAL7.5C4M;Unknown;100;0;5.5;2900;3~380 В;139.9;;15;0;0;0;CatalogTable;Сайт производителя tsunami-pump.ru, карточка модели, вкладка «Графики производительности», серия DCAL
Tsunami;DCAL;2DCAL85C6H;Unknown;150;0;63.0;2900;3~380 В;216.0;;22;0;0;0;CatalogTable;Сайт производителя tsunami-pump.ru, карточка модели, вкладка «Графики производительности», серия DCAL
Tsunami;DCAL;2DCAL85C8M;Unknown;200;0;63.0;2900;3~380 В;342.0;;28;0;0;0;CatalogTable;Сайт производителя tsunami-pump.ru, карточка модели, вкладка «Графики производительности», серия DCAL
Tsunami;DCAL;4DCAL40C8L;Unknown;200;0;30.0;1450;3~380 В;810.0;;10;0;0;0;CatalogTable;Сайт производителя tsunami-pump.ru, карточка модели, вкладка «Графики производительности», серия DCAL
Tsunami;DCAL;4DCAL85C8L;Unknown;200;0;63.0;1450;3~380 В;936.0;;14;0;0;0;CatalogTable;Сайт производителя tsunami-pump.ru, карточка модели, вкладка «Графики производительности», серия DCAL
Tsunami;GCO;GCOm200/100;Unknown;0;0;1.0;0;3~220 В;18.0;14.0;4;0;0;0;CatalogTable;Сайт производителя tsunami-pump.ru, карточка модели, вкладка «Графики производительности», серия GCO
Tsunami;GCO;GCOm300/150;Unknown;0;0;1.5;0;3~220 В;30.0;15.0;6;0;0;0;CatalogTable;Сайт производителя tsunami-pump.ru, карточка модели, вкладка «Графики производительности», серия GCO
Tsunami;GCO;GCOm500/220;Unknown;0;0;2.2;0;3~220 В;42.0;17.0;9;0;0;0;CatalogTable;Сайт производителя tsunami-pump.ru, карточка модели, вкладка «Графики производительности», серия GCO
Tsunami;GEM;GEM 100-100F 450;Unknown;100;0;0;0;3~220 В;68.4;;15;0;0;0;CatalogTable;Сайт производителя tsunami-pump.ru, карточка модели, вкладка «Графики производительности», серия GEM
Tsunami;GEM;GEM 100-120F 450;Unknown;100;0;0;0;3~220 В;73.1;11.98;15;0;0;0;CatalogTable;Сайт производителя tsunami-pump.ru, карточка модели, вкладка «Графики производительности», серия GEM
Tsunami;GEM;GEM 100-40F 450;Unknown;100;0;0;0;3~220 В;44.2;4.4;15;0;0;0;CatalogTable;Сайт производителя tsunami-pump.ru, карточка модели, вкладка «Графики производительности», серия GEM
Tsunami;GEM;GEM 100-60F 450;Unknown;100;0;0;0;3~220 В;55.5;;15;0;0;0;CatalogTable;Сайт производителя tsunami-pump.ru, карточка модели, вкладка «Графики производительности», серия GEM
Tsunami;GEM;GEM 100-80F 450;Unknown;100;0;0;0;3~220 В;63.4;;15;0;0;0;CatalogTable;Сайт производителя tsunami-pump.ru, карточка модели, вкладка «Графики производительности», серия GEM
Tsunami;GEM;GEM 32-100 180(N);Unknown;32;0;0;0;3~220 В;10.5;10.01;15;0;0;0;CatalogTable;Сайт производителя tsunami-pump.ru, карточка модели, вкладка «Графики производительности», серия GEM
Tsunami;GEM;GEM 32-100 F 220(N);Unknown;32;0;0;0;3~220 В;10.5;10.01;15;0;0;0;CatalogTable;Сайт производителя tsunami-pump.ru, карточка модели, вкладка «Графики производительности», серия GEM
Tsunami;GEM;GEM 32-120 F 220(N);Unknown;32;0;0;0;3~220 В;17.9;11.77;15;0;0;0;CatalogTable;Сайт производителя tsunami-pump.ru, карточка модели, вкладка «Графики производительности», серия GEM
Tsunami;GEM;GEM 32-40 180(N);Unknown;32;0;0;0;3~220 В;7.7;4.0;15;0;0;0;CatalogTable;Сайт производителя tsunami-pump.ru, карточка модели, вкладка «Графики производительности», серия GEM
Tsunami;GEM;GEM 32-40 F 220(N);Unknown;32;0;0;0;3~220 В;7.7;4.0;15;0;0;0;CatalogTable;Сайт производителя tsunami-pump.ru, карточка модели, вкладка «Графики производительности», серия GEM
Tsunami;GEM;GEM 32-60 180(N);Unknown;32;0;0;0;3~220 В;9.1;6.0;15;0;0;0;CatalogTable;Сайт производителя tsunami-pump.ru, карточка модели, вкладка «Графики производительности», серия GEM
Tsunami;GEM;GEM 32-60 F 220(N);Unknown;32;0;0;0;3~220 В;9.1;6.0;15;0;0;0;CatalogTable;Сайт производителя tsunami-pump.ru, карточка модели, вкладка «Графики производительности», серия GEM
Tsunami;GEM;GEM 32-80 180(N);Unknown;32;0;0;0;3~220 В;10.1;7.98;15;0;0;0;CatalogTable;Сайт производителя tsunami-pump.ru, карточка модели, вкладка «Графики производительности», серия GEM
Tsunami;GEM;GEM 32-80 F 220(N);Unknown;32;0;0;0;3~220 В;10.1;7.98;15;0;0;0;CatalogTable;Сайт производителя tsunami-pump.ru, карточка модели, вкладка «Графики производительности», серия GEM
Tsunami;GEM;GEM 40-100F 220(N);Unknown;40;0;0;0;3~220 В;22.0;10.0;15;0;0;0;CatalogTable;Сайт производителя tsunami-pump.ru, карточка модели, вкладка «Графики производительности», серия GEM
Tsunami;GEM;GEM 40-120 F 250(N);Unknown;40;0;0;0;3~220 В;25.9;11.99;15;0;0;0;CatalogTable;Сайт производителя tsunami-pump.ru, карточка модели, вкладка «Графики производительности», серия GEM
Tsunami;GEM;GEM 40-150 F 250(N);Unknown;40;0;0;0;3~220 В;27.8;14.96;15;0;0;0;CatalogTable;Сайт производителя tsunami-pump.ru, карточка модели, вкладка «Графики производительности», серия GEM
Tsunami;GEM;GEM 40-80 F 220(N);Unknown;40;0;0;0;3~220 В;19.0;8.0;15;0;0;0;CatalogTable;Сайт производителя tsunami-pump.ru, карточка модели, вкладка «Графики производительности», серия GEM
Tsunami;GEM;GEM 50-100 F 280(N);Unknown;50;0;0;0;3~220 В;29.9;9.98;15;0;0;0;CatalogTable;Сайт производителя tsunami-pump.ru, карточка модели, вкладка «Графики производительности», серия GEM
Tsunami;GEM;GEM 50-180 F 280(N);Unknown;50;0;0;0;3~220 В;40.0;16.17;15;0;0;0;CatalogTable;Сайт производителя tsunami-pump.ru, карточка модели, вкладка «Графики производительности», серия GEM
Tsunami;GEM;GEM 50-60 F 240(N);Unknown;50;0;0;0;3~220 В;24.7;6.0;15;0;0;0;CatalogTable;Сайт производителя tsunami-pump.ru, карточка модели, вкладка «Графики производительности», серия GEM
Tsunami;GEM;GEM 50-80 F 240(N);Unknown;50;0;0;0;3~220 В;27.1;8.0;15;0;0;0;CatalogTable;Сайт производителя tsunami-pump.ru, карточка модели, вкладка «Графики производительности», серия GEM
Tsunami;GEM;GEM 65-60F 340(N);Unknown;65;0;0;0;3~220 В;36.1;6.0;15;0;0;0;CatalogTable;Сайт производителя tsunami-pump.ru, карточка модели, вкладка «Графики производительности», серия GEM
Tsunami;GEM;GEM 80-60F 360;Unknown;80;0;0;0;3~220 В;44.5;;15;0;0;0;CatalogTable;Сайт производителя tsunami-pump.ru, карточка модели, вкладка «Графики производительности», серия GEM
Tsunami;GEM;GEM 80-80F 360;Unknown;80;0;0;0;3~220 В;46.5;7.51;15;0;0;0;CatalogTable;Сайт производителя tsunami-pump.ru, карточка модели, вкладка «Графики производительности», серия GEM
Tsunami;GF;GF100-160A;Unknown;0;0;22.0;0;3~380 В;240.0;42.96;22;0;7;0;CatalogTable;Сайт производителя tsunami-pump.ru, карточка модели, вкладка «Графики производительности», серия GF
Tsunami;GF;GF100-160B;Unknown;0;0;18.5;0;3~380 В;240.0;38.44;23;0;8;0;CatalogTable;Сайт производителя tsunami-pump.ru, карточка модели, вкладка «Графики производительности», серия GF
Tsunami;GF;GF100-160C;Unknown;0;0;15.0;0;3~380 В;240.0;35.0;15;0;0;0;CatalogTable;Сайт производителя tsunami-pump.ru, карточка модели, вкладка «Графики производительности», серия GF
Tsunami;GF;GF100-250A;Unknown;0;0;75.0;0;3~380 В;359.8;90.9;23;0;9;0;CatalogTable;Сайт производителя tsunami-pump.ru, карточка модели, вкладка «Графики производительности», серия GF
Tsunami;GF;GF100-250B;Unknown;0;0;55.0;0;3~380 В;359.5;;15;0;0;0;CatalogTable;Сайт производителя tsunami-pump.ru, карточка модели, вкладка «Графики производительности», серия GF
Tsunami;GF;GF100-315A;Unknown;0;0;160.0;0;3~380 В;359.8;146.02;20;0;6;0;CatalogTable;Сайт производителя tsunami-pump.ru, карточка модели, вкладка «Графики производительности», серия GF
Tsunami;GF;GF100-315B;Unknown;0;0;132.0;0;3~380 В;359.8;127.27;22;0;7;0;CatalogTable;Сайт производителя tsunami-pump.ru, карточка модели, вкладка «Графики производительности», серия GF
Tsunami;GF;GF100-315C;Unknown;0;0;110.0;0;3~380 В;359.8;116.8;22;0;7;0;CatalogTable;Сайт производителя tsunami-pump.ru, карточка модели, вкладка «Графики производительности», серия GF
Tsunami;GF;GF100-315D;Unknown;0;0;90.0;0;3~380 В;359.8;99.14;21;0;7;0;CatalogTable;Сайт производителя tsunami-pump.ru, карточка модели, вкладка «Графики производительности», серия GF
Tsunami;GF;GF100-315E;Unknown;0;0;75.0;0;3~380 В;359.8;79.58;18;0;3;0;CatalogTable;Сайт производителя tsunami-pump.ru, карточка модели, вкладка «Графики производительности», серия GF
Tsunami;GF;GF125-200A;Unknown;0;0;75.0;0;3~380 В;400.0;61.5;21;0;7;0;CatalogTable;Сайт производителя tsunami-pump.ru, карточка модели, вкладка «Графики производительности», серия GF
Tsunami;GF;GF125-200B;Unknown;0;0;55.0;0;3~380 В;400.0;50.46;21;0;6;0;CatalogTable;Сайт производителя tsunami-pump.ru, карточка модели, вкладка «Графики производительности», серия GF
Tsunami;GF;GF125-200C;Unknown;0;0;45.0;0;3~380 В;400.0;39.72;15;0;0;0;CatalogTable;Сайт производителя tsunami-pump.ru, карточка модели, вкладка «Графики производительности», серия GF
Tsunami;GF;GF125-250A;Unknown;0;0;90.0;0;3~380 В;400.0;87.06;23;0;8;0;CatalogTable;Сайт производителя tsunami-pump.ru, карточка модели, вкладка «Графики производительности», серия GF
Tsunami;GF;GF125-250B;Unknown;0;0;75.0;0;3~380 В;359.8;80.0;21;0;6;0;CatalogTable;Сайт производителя tsunami-pump.ru, карточка модели, вкладка «Графики производительности», серия GF
Tsunami;GF;GF125-250C;Unknown;0;0;55.0;0;3~380 В;299.7;;15;0;0;0;CatalogTable;Сайт производителя tsunami-pump.ru, карточка модели, вкладка «Графики производительности», серия GF
Tsunami;GF;GF32-125A*;Unknown;0;0;1.1;0;3~380 В;24.0;21.96;21;0;7;0;CatalogTable;Сайт производителя tsunami-pump.ru, карточка модели, вкладка «Графики производительности», серия GF
Tsunami;GF;GF32-125B*;Unknown;0;0;0.75;0;3~380 В;18.0;17.5;15;0;0;0;CatalogTable;Сайт производителя tsunami-pump.ru, карточка модели, вкладка «Графики производительности», серия GF
Tsunami;GF;GF32-160A*;Unknown;0;0;3.0;0;3~380 В;27.0;35.0;23;0;9;0;CatalogTable;Сайт производителя tsunami-pump.ru, карточка модели, вкладка «Графики производительности», серия GF
Tsunami;GF;GF32-160B*;Unknown;0;0;2.2;0;3~380 В;24.0;30.99;22;0;8;0;CatalogTable;Сайт производителя tsunami-pump.ru, карточка модели, вкладка «Графики производительности», серия GF
Tsunami;GF;GF32-160C*;Unknown;0;0;1.5;0;3~380 В;18.0;25.4;15;0;0;0;CatalogTable;Сайт производителя tsunami-pump.ru, карточка модели, вкладка «Графики производительности», серия GF
Tsunami;GF;GF32-200C*;Unknown;0;0;4.0;0;3~380 В;27.0;54.38;22;0;7;0;CatalogTable;Сайт производителя tsunami-pump.ru, карточка модели, вкладка «Графики производительности», серия GF
Tsunami;GF;GF32-200D*;Unknown;0;0;3.0;0;3~380 В;27.0;44.1;15;0;0;0;CatalogTable;Сайт производителя tsunami-pump.ru, карточка модели, вкладка «Графики производительности», серия GF
Tsunami;GF;GF32-250A*;Unknown;0;0;15.0;0;3~380 В;24.0;96.83;21;0;6;0;CatalogTable;Сайт производителя tsunami-pump.ru, карточка модели, вкладка «Графики производительности», серия GF
Tsunami;GF;GF32-250B*;Unknown;0;0;11.0;0;3~380 В;24.0;89.99;20;0;6;0;CatalogTable;Сайт производителя tsunami-pump.ru, карточка модели, вкладка «Графики производительности», серия GF
Tsunami;GF;GF32-250C*;Unknown;0;0;9.2;0;3~380 В;24.0;75.08;22;0;7;0;CatalogTable;Сайт производителя tsunami-pump.ru, карточка модели, вкладка «Графики производительности», серия GF
Tsunami;GF;GF40-125A;Unknown;0;0;2.2;0;3~380 В;47.9;24.47;19;0;6;0;CatalogTable;Сайт производителя tsunami-pump.ru, карточка модели, вкладка «Графики производительности», серия GF
Tsunami;GF;GF40-125B;Unknown;0;0;1.5;0;3~380 В;42.0;18.07;21;0;7;0;CatalogTable;Сайт производителя tsunami-pump.ru, карточка модели, вкладка «Графики производительности», серия GF
Tsunami;GF;GF40-125C;Unknown;0;0;1.1;0;3~380 В;36.0;14.65;15;0;0;0;CatalogTable;Сайт производителя tsunami-pump.ru, карточка модели, вкладка «Графики производительности», серия GF
Tsunami;GF;GF40-160A;Unknown;0;0;4.0;0;3~380 В;47.9;38.02;25;0;10;0;CatalogTable;Сайт производителя tsunami-pump.ru, карточка модели, вкладка «Графики производительности», серия GF
Tsunami;GF;GF40-160B;Unknown;0;0;3.0;0;3~380 В;41.9;31.8;15;0;0;0;CatalogTable;Сайт производителя tsunami-pump.ru, карточка модели, вкладка «Графики производительности», серия GF
Tsunami;GF;GF40-160C;Unknown;0;0;2.2;0;3~380 В;47.9;24.5;15;0;0;0;CatalogTable;Сайт производителя tsunami-pump.ru, карточка модели, вкладка «Графики производительности», серия GF
Tsunami;GF;GF40-200A*;Unknown;0;0;7.5;0;3~380 В;48.0;57.01;21;0;7;0;CatalogTable;Сайт производителя tsunami-pump.ru, карточка модели, вкладка «Графики производительности», серия GF
Tsunami;GF;GF40-200B*;Unknown;0;0;5.5;0;3~380 В;42.0;45.9;15;0;0;0;CatalogTable;Сайт производителя tsunami-pump.ru, карточка модели, вкладка «Графики производительности», серия GF
Tsunami;GF;GF40-250A;Unknown;0;0;18.5;0;3~380 В;48.0;90.01;19;0;5;0;CatalogTable;Сайт производителя tsunami-pump.ru, карточка модели, вкладка «Графики производительности», серия GF
Tsunami;GF;GF40-250B;Unknown;0;0;15.0;0;3~380 В;47.9;84.48;20;0;5;0;CatalogTable;Сайт производителя tsunami-pump.ru, карточка модели, вкладка «Графики производительности», серия GF
Tsunami;GF;GF40-250C;Unknown;0;0;11.0;0;3~380 В;48.0;71.95;21;0;6;0;CatalogTable;Сайт производителя tsunami-pump.ru, карточка модели, вкладка «Графики производительности», серия GF
Tsunami;GF;GF40-250D;Unknown;0;0;9.2;0;3~380 В;47.9;;15;0;0;0;CatalogTable;Сайт производителя tsunami-pump.ru, карточка модели, вкладка «Графики производительности», серия GF
Tsunami;GF;GF50-125A;Unknown;0;0;4.0;0;3~380 В;83.9;;22;0;9;0;CatalogTable;Сайт производителя tsunami-pump.ru, карточка модели, вкладка «Графики производительности», серия GF
Tsunami;GF;GF50-125B;Unknown;0;0;3.0;0;3~380 В;72.0;20.0;18;0;5;0;CatalogTable;Сайт производителя tsunami-pump.ru, карточка модели, вкладка «Графики производительности», серия GF
Tsunami;GF;GF50-125C;Unknown;0;0;2.2;0;3~380 В;72.0;17.0;15;0;0;0;CatalogTable;Сайт производителя tsunami-pump.ru, карточка модели, вкладка «Графики производительности», серия GF
Tsunami;GF;GF50-160A;Unknown;0;0;7.5;0;3~380 В;90.0;40.0;22;0;7;0;CatalogTable;Сайт производителя tsunami-pump.ru, карточка модели, вкладка «Графики производительности», серия GF
Tsunami;GF;GF50-160B;Unknown;0;0;5.5;0;3~380 В;84.0;31.9;15;0;0;0;CatalogTable;Сайт производителя tsunami-pump.ru, карточка модели, вкладка «Графики производительности», серия GF
Tsunami;GF;GF50-160C;Unknown;0;0;4.0;0;3~380 В;84.0;;15;0;0;0;CatalogTable;Сайт производителя tsunami-pump.ru, карточка модели, вкладка «Графики производительности», серия GF
Tsunami;GF;GF50-200A;Unknown;0;0;15.0;0;3~380 В;90.0;61.99;24;0;11;0;CatalogTable;Сайт производителя tsunami-pump.ru, карточка модели, вкладка «Графики производительности», серия GF
Tsunami;GF;GF50-200B;Unknown;0;0;11.0;0;3~380 В;90.0;57.5;27;0;12;0;CatalogTable;Сайт производителя tsunami-pump.ru, карточка модели, вкладка «Графики производительности», серия GF
Tsunami;GF;GF50-200C;Unknown;0;0;9.2;0;3~380 В;83.8;50.5;15;0;0;0;CatalogTable;Сайт производителя tsunami-pump.ru, карточка модели, вкладка «Графики производительности», серия GF
Tsunami;GF;GF50-250A;Unknown;0;0;22.0;0;3~380 В;90.0;89.48;21;0;8;0;CatalogTable;Сайт производителя tsunami-pump.ru, карточка модели, вкладка «Графики производительности», серия GF
Tsunami;GF;GF50-250B;Unknown;0;0;18.5;0;3~380 В;90.0;78.95;22;0;8;0;CatalogTable;Сайт производителя tsunami-pump.ru, карточка модели, вкладка «Графики производительности», серия GF
Tsunami;GF;GF50-250C;Unknown;0;0;15.0;0;3~380 В;84.1;68.4;15;0;0;0;CatalogTable;Сайт производителя tsunami-pump.ru, карточка модели, вкладка «Графики производительности», серия GF
Tsunami;GF;GF65-125A;Unknown;0;0;7.5;0;3~380 В;120.2;26.88;17;0;3;0;CatalogTable;Сайт производителя tsunami-pump.ru, карточка модели, вкладка «Графики производительности», серия GF
Tsunami;GF;GF65-125B;Unknown;0;0;5.5;0;3~380 В;108.1;22.97;17;0;3;0;CatalogTable;Сайт производителя tsunami-pump.ru, карточка модели, вкладка «Графики производительности», серия GF
Tsunami;GF;GF65-125C;Unknown;0;0;4.0;0;3~380 В;90.0;19.0;15;0;0;0;CatalogTable;Сайт производителя tsunami-pump.ru, карточка модели, вкладка «Графики производительности», серия GF
Tsunami;GF;GF65-160A;Unknown;0;0;15.0;0;3~380 В;138.1;41.98;23;0;10;0;CatalogTable;Сайт производителя tsunami-pump.ru, карточка модели, вкладка «Графики производительности», серия GF
Tsunami;GF;GF65-160B;Unknown;0;0;11.0;0;3~380 В;120.0;35.95;23;0;8;0;CatalogTable;Сайт производителя tsunami-pump.ru, карточка модели, вкладка «Графики производительности», серия GF
Tsunami;GF;GF65-160C;Unknown;0;0;9.2;0;3~380 В;120.1;32.94;17;0;2;0;CatalogTable;Сайт производителя tsunami-pump.ru, карточка модели, вкладка «Графики производительности», серия GF
Tsunami;GF;GF65-200A;Unknown;0;0;22.0;0;3~380 В;138.0;58.87;18;0;6;0;CatalogTable;Сайт производителя tsunami-pump.ru, карточка модели, вкладка «Графики производительности», серия GF
Tsunami;GF;GF65-200B;Unknown;0;0;18.5;0;3~380 В;119.9;52.03;20;0;6;0;CatalogTable;Сайт производителя tsunami-pump.ru, карточка модели, вкладка «Графики производительности», серия GF
Tsunami;GF;GF65-200C;Unknown;0;0;15.0;0;3~380 В;120.0;45.0;15;0;0;0;CatalogTable;Сайт производителя tsunami-pump.ru, карточка модели, вкладка «Графики производительности», серия GF
Tsunami;GF;GF65-250A;Unknown;0;0;37.0;0;3~380 В;138.0;91.91;18;0;3;0;CatalogTable;Сайт производителя tsunami-pump.ru, карточка модели, вкладка «Графики производительности», серия GF
Tsunami;GF;GF65-250B;Unknown;0;0;30.0;0;3~380 В;138.0;80.0;19;0;6;0;CatalogTable;Сайт производителя tsunami-pump.ru, карточка модели, вкладка «Графики производительности», серия GF
Tsunami;GF;GF65-250C;Unknown;0;0;22.0;0;3~380 В;119.9;64.83;15;0;0;0;CatalogTable;Сайт производителя tsunami-pump.ru, карточка модели, вкладка «Графики производительности», серия GF
Tsunami;GF;GF80-125A;Unknown;0;0;7.5;0;3~380 В;138.0;26.0;15;0;0;0;CatalogTable;Сайт производителя tsunami-pump.ru, карточка модели, вкладка «Графики производительности», серия GF
Tsunami;GF;GF80-125B;Unknown;0;0;5.5;0;3~380 В;138.0;20.97;17;0;3;0;CatalogTable;Сайт производителя tsunami-pump.ru, карточка модели, вкладка «Графики производительности», серия GF
Tsunami;GF;GF80-125C;Unknown;0;0;4.0;0;3~380 В;120.0;17.0;15;0;0;0;CatalogTable;Сайт производителя tsunami-pump.ru, карточка модели, вкладка «Графики производительности», серия GF
Tsunami;GF;GF80-160A;Unknown;0;0;22.0;0;3~380 В;210.1;43.99;22;0;7;0;CatalogTable;Сайт производителя tsunami-pump.ru, карточка модели, вкладка «Графики производительности», серия GF
Tsunami;GF;GF80-160B;Unknown;0;0;18.5;0;3~380 В;210.1;39.27;24;0;9;0;CatalogTable;Сайт производителя tsunami-pump.ru, карточка модели, вкладка «Графики производительности», серия GF
Tsunami;GF;GF80-160C;Unknown;0;0;15.0;0;3~380 В;210.1;33.94;22;0;8;0;CatalogTable;Сайт производителя tsunami-pump.ru, карточка модели, вкладка «Графики производительности», серия GF
Tsunami;GF;GF80-160D;Unknown;0;0;11.0;0;3~380 В;180.2;27.93;15;0;0;0;CatalogTable;Сайт производителя tsunami-pump.ru, карточка модели, вкладка «Графики производительности», серия GF
Tsunami;GF;GF80-200A;Unknown;0;0;30.0;0;3~380 В;210.1;59.99;21;0;8;0;CatalogTable;Сайт производителя tsunami-pump.ru, карточка модели, вкладка «Графики производительности», серия GF
Tsunami;GF;GF80-200B;Unknown;0;0;22.0;0;3~380 В;210.1;48.42;15;0;0;0;CatalogTable;Сайт производителя tsunami-pump.ru, карточка модели, вкладка «Графики производительности», серия GF
Tsunami;GF;GF80-250A;Unknown;0;0;55.0;0;3~380 В;210.1;94.57;20;0;8;0;CatalogTable;Сайт производителя tsunami-pump.ru, карточка модели, вкладка «Графики производительности», серия GF
Tsunami;GF;GF80-250B;Unknown;0;0;45.0;0;3~380 В;210.1;87.89;24;0;9;0;CatalogTable;Сайт производителя tsunami-pump.ru, карточка модели, вкладка «Графики производительности», серия GF
Tsunami;GF;GF80-250C;Unknown;0;0;37.0;0;3~380 В;210.1;71.5;15;0;0;0;CatalogTable;Сайт производителя tsunami-pump.ru, карточка модели, вкладка «Графики производительности», серия GF
Tsunami;GF;GF80-315C;Unknown;0;0;55.0;0;3~380 В;199.9;51.8;15;0;0;0;CatalogTable;Сайт производителя tsunami-pump.ru, карточка модели, вкладка «Графики производительности», серия GF
Tsunami;GF;GFm32-125A*;Unknown;0;0;1.1;0;3~220 В;24.0;21.96;21;0;7;0;CatalogTable;Сайт производителя tsunami-pump.ru, карточка модели, вкладка «Графики производительности», серия GF
Tsunami;GF;GFm32-125B*;Unknown;0;0;0.75;0;3~220 В;18.0;17.5;15;0;0;0;CatalogTable;Сайт производителя tsunami-pump.ru, карточка модели, вкладка «Графики производительности», серия GF
Tsunami;GF;GFm32-160A*;Unknown;0;0;3.0;0;3~220 В;27.0;35.0;23;0;9;0;CatalogTable;Сайт производителя tsunami-pump.ru, карточка модели, вкладка «Графики производительности», серия GF
Tsunami;GF;GFm32-160B*;Unknown;0;0;2.2;0;3~220 В;24.0;30.99;22;0;8;0;CatalogTable;Сайт производителя tsunami-pump.ru, карточка модели, вкладка «Графики производительности», серия GF
Tsunami;GF;GFm32-160C*;Unknown;0;0;1.5;0;3~220 В;18.0;25.4;15;0;0;0;CatalogTable;Сайт производителя tsunami-pump.ru, карточка модели, вкладка «Графики производительности», серия GF
Tsunami;GF;GFm40-125A;Unknown;0;0;2.2;0;3~220 В;47.9;24.47;19;0;6;0;CatalogTable;Сайт производителя tsunami-pump.ru, карточка модели, вкладка «Графики производительности», серия GF
Tsunami;GF;GFm40-125B;Unknown;0;0;1.5;0;3~220 В;42.0;18.07;21;0;7;0;CatalogTable;Сайт производителя tsunami-pump.ru, карточка модели, вкладка «Графики производительности», серия GF
Tsunami;GF;GFm40-125C;Unknown;0;0;1.1;0;3~220 В;36.0;14.65;15;0;0;0;CatalogTable;Сайт производителя tsunami-pump.ru, карточка модели, вкладка «Графики производительности», серия GF
Tsunami;GF;GFm40-160B;Unknown;0;0;3.0;0;3~220 В;41.9;31.8;15;0;0;0;CatalogTable;Сайт производителя tsunami-pump.ru, карточка модели, вкладка «Графики производительности», серия GF
Tsunami;GF;GFm40-160C;Unknown;0;0;2.2;0;3~220 В;47.9;24.5;15;0;0;0;CatalogTable;Сайт производителя tsunami-pump.ru, карточка модели, вкладка «Графики производительности», серия GF
Tsunami;GF;GFm50-125B;Unknown;0;0;3.0;0;3~220 В;72.0;20.0;18;0;5;0;CatalogTable;Сайт производителя tsunami-pump.ru, карточка модели, вкладка «Графики производительности», серия GF
Tsunami;GF;GFm50-125C;Unknown;0;0;2.2;0;3~220 В;72.0;17.0;15;0;0;0;CatalogTable;Сайт производителя tsunami-pump.ru, карточка модели, вкладка «Графики производительности», серия GF
Tsunami;GHF;GHFm5A;Unknown;2;0;1.1;0;3~220 В;24.0;16.0;9;0;0;0;CatalogTable;Сайт производителя tsunami-pump.ru, карточка модели, вкладка «Графики производительности», серия GHF
Tsunami;GHF;GHFm5AM;Unknown;2;0;1.5;0;3~220 В;30.0;20.0;10;0;0;0;CatalogTable;Сайт производителя tsunami-pump.ru, карточка модели, вкладка «Графики производительности», серия GHF
Tsunami;GHF;GHFm5B;Unknown;2;0;0.75;0;3~220 В;24.0;14.0;9;0;0;0;CatalogTable;Сайт производителя tsunami-pump.ru, карточка модели, вкладка «Графики производительности», серия GHF
Tsunami;GHF;GHFm5BM;Unknown;2;0;1.1;0;3~220 В;30.0;18.0;10;0;0;0;CatalogTable;Сайт производителя tsunami-pump.ru, карточка модели, вкладка «Графики производительности», серия GHF
Tsunami;GHF;GHFm5C;Unknown;2;0;0.55;0;3~220 В;24.0;11.0;9;0;0;0;CatalogTable;Сайт производителя tsunami-pump.ru, карточка модели, вкладка «Графики производительности», серия GHF
Tsunami;GHF;GHFm6A;Unknown;3;0;2.2;0;3~220 В;66.0;18.5;9;0;0;0;CatalogTable;Сайт производителя tsunami-pump.ru, карточка модели, вкладка «Графики производительности», серия GHF
Tsunami;GHF;GHFm6AR;Unknown;4;0;1.5;0;3~220 В;66.0;18.5;9;0;0;0;CatalogTable;Сайт производителя tsunami-pump.ru, карточка модели, вкладка «Графики производительности», серия GHF
Tsunami;GHF;GHFm6B;Unknown;3;0;1.5;0;3~220 В;60.0;15.0;8;0;0;0;CatalogTable;Сайт производителя tsunami-pump.ru, карточка модели, вкладка «Графики производительности», серия GHF
Tsunami;GHF;GHFm6BR;Unknown;4;0;1.1;0;3~220 В;60.0;15.0;8;0;0;0;CatalogTable;Сайт производителя tsunami-pump.ru, карточка модели, вкладка «Графики производительности», серия GHF
Tsunami;GHF;GHFm6C;Unknown;3;0;1.1;0;3~220 В;54.0;12.1;7;0;0;0;CatalogTable;Сайт производителя tsunami-pump.ru, карточка модели, вкладка «Графики производительности», серия GHF
Tsunami;GHF;GHFm6CR;Unknown;4;0;3.0;0;3~220 В;54.0;12.1;7;0;0;0;CatalogTable;Сайт производителя tsunami-pump.ru, карточка модели, вкладка «Графики производительности», серия GHF
Tsunami;GHF;GHFm7AR;Unknown;4;0;4.0;0;3~220 В;72.0;25.0;10;0;0;0;CatalogTable;Сайт производителя tsunami-pump.ru, карточка модели, вкладка «Графики производительности», серия GHF
Tsunami;GHF;GHFm7B;Unknown;3;0;2.2;0;3~220 В;72.0;20.0;10;0;0;0;CatalogTable;Сайт производителя tsunami-pump.ru, карточка модели, вкладка «Графики производительности», серия GHF
Tsunami;GHF;GHFm7BR;Unknown;4;0;3.0;0;3~220 В;72.0;20.0;10;0;0;0;CatalogTable;Сайт производителя tsunami-pump.ru, карточка модели, вкладка «Графики производительности», серия GHF
Tsunami;GS;GSM100-160A;Unknown;100;0;22.0;2900;3~380 В;240.0;42.96;22;0;7;0;CatalogTable;Сайт производителя tsunami-pump.ru, карточка модели, вкладка «Графики производительности», серия GS
Tsunami;GS;GSM100-160A/4;Unknown;100;0;4.0;1450;3~380 В;150.0;11.6;17;0;4;0;CatalogTable;Сайт производителя tsunami-pump.ru, карточка модели, вкладка «Графики производительности», серия GS
Tsunami;GS;GSM100-160B;Unknown;100;0;18.5;2900;3~380 В;240.0;38.44;23;0;8;0;CatalogTable;Сайт производителя tsunami-pump.ru, карточка модели, вкладка «Графики производительности», серия GS
Tsunami;GS;GSM100-160B/4;Unknown;100;0;3.0;1450;3~380 В;140.1;8.18;15;0;0;0;CatalogTable;Сайт производителя tsunami-pump.ru, карточка модели, вкладка «Графики производительности», серия GS
Tsunami;GS;GSM100-160C;Unknown;100;0;15.0;2900;3~380 В;240.0;35.0;15;0;0;0;CatalogTable;Сайт производителя tsunami-pump.ru, карточка модели, вкладка «Графики производительности», серия GS
Tsunami;GS;GSM100-160C/4;Unknown;100;0;2.2;1450;3~380 В;108.0;5.91;15;0;0;0;CatalogTable;Сайт производителя tsunami-pump.ru, карточка модели, вкладка «Графики производительности», серия GS
Tsunami;GS;GSM100-200A;Unknown;100;0;45.0;2900;3~380 В;300.0;61.23;23;0;9;0;CatalogTable;Сайт производителя tsunami-pump.ru, карточка модели, вкладка «Графики производительности», серия GS
Tsunami;GS;GSM100-200A/4;Unknown;100;0;9.2;1450;3~380 В;200.0;16.49;22;0;7;0;CatalogTable;Сайт производителя tsunami-pump.ru, карточка модели, вкладка «Графики производительности», серия GS
Tsunami;GS;GSM100-200B;Unknown;100;0;37.0;2900;3~380 В;300.0;55.14;25;0;10;0;CatalogTable;Сайт производителя tsunami-pump.ru, карточка модели, вкладка «Графики производительности», серия GS
Tsunami;GS;GSM100-200B/4;Unknown;100;0;7.5;1450;3~380 В;200.0;14.78;23;0;8;0;CatalogTable;Сайт производителя tsunami-pump.ru, карточка модели, вкладка «Графики производительности», серия GS
Tsunami;GS;GSM100-200C;Unknown;100;0;30.0;2900;3~380 В;300.0;44.38;23;0;8;0;CatalogTable;Сайт производителя tsunami-pump.ru, карточка модели, вкладка «Графики производительности», серия GS
Tsunami;GS;GSM100-200C/4;Unknown;100;0;5.5;1450;3~380 В;200.0;13.27;21;0;6;0;CatalogTable;Сайт производителя tsunami-pump.ru, карточка модели, вкладка «Графики производительности», серия GS
Tsunami;GS;GSM100-200D;Unknown;100;0;22.0;2900;3~380 В;300.0;38.23;15;0;0;0;CatalogTable;Сайт производителя tsunami-pump.ru, карточка модели, вкладка «Графики производительности», серия GS
Tsunami;GS;GSM100-200D/4;Unknown;100;0;4.0;1450;3~380 В;149.8;11.77;15;0;0;0;CatalogTable;Сайт производителя tsunami-pump.ru, карточка модели, вкладка «Графики производительности», серия GS
Tsunami;GS;GSM100-250A;Unknown;100;0;90.0;2900;3~380 В;359.8;99.99;24;0;9;0;CatalogTable;Сайт производителя tsunami-pump.ru, карточка модели, вкладка «Графики производительности», серия GS
Tsunami;GS;GSM100-250A/4;Unknown;100;0;15.0;1450;3~380 В;200.0;27.74;20;0;7;0;CatalogTable;Сайт производителя tsunami-pump.ru, карточка модели, вкладка «Графики производительности», серия GS
Tsunami;GS;GSM100-250B;Unknown;100;0;75.0;2900;3~380 В;359.8;90.9;23;0;9;0;CatalogTable;Сайт производителя tsunami-pump.ru, карточка модели, вкладка «Графики производительности», серия GS
Tsunami;GS;GSM100-250B/4;Unknown;100;0;11.0;1450;3~380 В;200.0;24.31;21;0;7;0;CatalogTable;Сайт производителя tsunami-pump.ru, карточка модели, вкладка «Графики производительности», серия GS
Tsunami;GS;GSM100-250C;Unknown;100;0;55.0;2900;3~380 В;300.2;76.85;20;0;7;0;CatalogTable;Сайт производителя tsunami-pump.ru, карточка модели, вкладка «Графики производительности», серия GS
Tsunami;GS;GSM100-250C/4;Unknown;100;0;7.5;1450;3~380 В;150.0;19.46;18;0;4;0;CatalogTable;Сайт производителя tsunami-pump.ru, карточка модели, вкладка «Графики производительности», серия GS
Tsunami;GS;GSM100-250D;Unknown;100;0;45.0;2900;3~380 В;299.8;64.81;15;0;0;0;CatalogTable;Сайт производителя tsunami-pump.ru, карточка модели, вкладка «Графики производительности», серия GS
Tsunami;GS;GSM100-250D/4;Unknown;100;0;5.5;1450;3~380 В;149.8;15.87;15;0;0;0;CatalogTable;Сайт производителя tsunami-pump.ru, карточка модели, вкладка «Графики производительности», серия GS
Tsunami;GS;GSM100-315A;Unknown;100;0;160.0;2900;3~380 В;359.8;146.02;20;0;6;0;CatalogTable;Сайт производителя tsunami-pump.ru, карточка модели, вкладка «Графики производительности», серия GS
Tsunami;GS;GSM100-315A/4;Unknown;100;0;30.0;1450;3~380 В;250.0;36.95;21;0;9;0;CatalogTable;Сайт производителя tsunami-pump.ru, карточка модели, вкладка «Графики производительности», серия GS
Tsunami;GS;GSM100-315B;Unknown;100;0;132.0;2900;3~380 В;359.8;127.27;22;0;7;0;CatalogTable;Сайт производителя tsunami-pump.ru, карточка модели, вкладка «Графики производительности», серия GS
Tsunami;GS;GSM100-315B/4;Unknown;100;0;22.0;1450;3~380 В;250.0;35.0;23;0;9;0;CatalogTable;Сайт производителя tsunami-pump.ru, карточка модели, вкладка «Графики производительности», серия GS
Tsunami;GS;GSM100-315C;Unknown;100;0;110.0;2900;3~380 В;359.8;116.8;22;0;7;0;CatalogTable;Сайт производителя tsunami-pump.ru, карточка модели, вкладка «Графики производительности», серия GS
Tsunami;GS;GSM100-315C/4;Unknown;100;0;18.5;1450;3~380 В;199.8;30.93;20;0;6;0;CatalogTable;Сайт производителя tsunami-pump.ru, карточка модели, вкладка «Графики производительности», серия GS
Tsunami;GS;GSM100-315D;Unknown;100;0;90.0;2900;3~380 В;359.8;99.14;21;0;7;0;CatalogTable;Сайт производителя tsunami-pump.ru, карточка модели, вкладка «Графики производительности», серия GS
Tsunami;GS;GSM100-315D/4;Unknown;100;0;15.0;1450;3~380 В;199.8;27.92;15;0;0;0;CatalogTable;Сайт производителя tsunami-pump.ru, карточка модели, вкладка «Графики производительности», серия GS
Tsunami;GS;GSM100-315E;Unknown;100;0;75.0;2900;3~380 В;359.8;79.58;18;0;3;0;CatalogTable;Сайт производителя tsunami-pump.ru, карточка модели, вкладка «Графики производительности», серия GS
Tsunami;GS;GSM100-400A/4;Unknown;100;0;55.0;1450;3~380 В;250.0;63.94;20;0;6;0;CatalogTable;Сайт производителя tsunami-pump.ru, карточка модели, вкладка «Графики производительности», серия GS
Tsunami;GS;GSM100-400B/4;Unknown;100;0;45.0;1450;3~380 В;250.0;57.1;20;0;6;0;CatalogTable;Сайт производителя tsunami-pump.ru, карточка модели, вкладка «Графики производительности», серия GS
Tsunami;GS;GSM100-400C/4;Unknown;100;0;37.0;1450;3~380 В;199.8;51.83;19;0;4;0;CatalogTable;Сайт производителя tsunami-pump.ru, карточка модели, вкладка «Графики производительности», серия GS
Tsunami;GS;GSM100-400D/4;Unknown;100;0;30.0;1450;3~380 В;199.8;46.36;15;0;0;0;CatalogTable;Сайт производителя tsunami-pump.ru, карточка модели, вкладка «Графики производительности», серия GS
Tsunami;GS;GSM125-200A;Unknown;125;0;75.0;2900;3~380 В;400.0;61.5;21;0;7;0;CatalogTable;Сайт производителя tsunami-pump.ru, карточка модели, вкладка «Графики производительности», серия GS
Tsunami;GS;GSM125-200A/4;Unknown;125;0;11.0;1450;3~380 В;250.0;18.1;22;0;7;0;CatalogTable;Сайт производителя tsunami-pump.ru, карточка модели, вкладка «Графики производительности», серия GS
Tsunami;GS;GSM125-200B;Unknown;125;0;55.0;2900;3~380 В;400.0;50.46;21;0;6;0;CatalogTable;Сайт производителя tsunami-pump.ru, карточка модели, вкладка «Графики производительности», серия GS
Tsunami;GS;GSM125-200B/4;Unknown;125;0;7.5;1450;3~380 В;199.8;14.08;19;0;4;0;CatalogTable;Сайт производителя tsunami-pump.ru, карточка модели, вкладка «Графики производительности», серия GS
Tsunami;GS;GSM125-200C;Unknown;125;0;45.0;2900;3~380 В;400.0;39.72;15;0;0;0;CatalogTable;Сайт производителя tsunami-pump.ru, карточка модели, вкладка «Графики производительности», серия GS
Tsunami;GS;GSM125-200C/4;Unknown;125;0;5.5;1450;3~380 В;199.8;11.4;17;0;3;0;CatalogTable;Сайт производителя tsunami-pump.ru, карточка модели, вкладка «Графики производительности», серия GS
Tsunami;GS;GSM125-250A;Unknown;125;0;110.0;2900;3~380 В;400.1;96.93;19;0;4;0;CatalogTable;Сайт производителя tsunami-pump.ru, карточка модели, вкладка «Графики производительности», серия GS
Tsunami;GS;GSM125-250A/4;Unknown;125;0;18.5;1450;3~380 В;300.0;25.78;20;0;5;0;CatalogTable;Сайт производителя tsunami-pump.ru, карточка модели, вкладка «Графики производительности», серия GS
Tsunami;GS;GSM125-250B;Unknown;125;0;90.0;2900;3~380 В;400.0;87.06;23;0;8;0;CatalogTable;Сайт производителя tsunami-pump.ru, карточка модели, вкладка «Графики производительности», серия GS
Tsunami;GS;GSM125-250B/4;Unknown;125;0;15.0;1450;3~380 В;300.0;23.14;21;0;6;0;CatalogTable;Сайт производителя tsunami-pump.ru, карточка модели, вкладка «Графики производительности», серия GS
Tsunami;GS;GSM125-250C;Unknown;125;0;75.0;2900;3~380 В;359.8;80.0;21;0;6;0;CatalogTable;Сайт производителя tsunami-pump.ru, карточка модели, вкладка «Графики производительности», серия GS
Tsunami;GS;GSM125-250C/4;Unknown;125;0;11.0;1450;3~380 В;249.8;19.38;19;0;4;0;CatalogTable;Сайт производителя tsunami-pump.ru, карточка модели, вкладка «Графики производительности», серия GS
Tsunami;GS;GSM125-250D;Unknown;125;0;55.0;2900;3~380 В;299.8;69.88;15;0;0;0;CatalogTable;Сайт производителя tsunami-pump.ru, карточка модели, вкладка «Графики производительности», серия GS
Tsunami;GS;GSM125-250D/4;Unknown;125;0;7.5;1450;3~380 В;150.0;;15;0;0;0;CatalogTable;Сайт производителя tsunami-pump.ru, карточка модели, вкладка «Графики производительности», серия GS
Tsunami;GS;GSM125-315A;Unknown;125;0;200.0;2900;3~380 В;600.3;136.03;18;0;4;0;CatalogTable;Сайт производителя tsunami-pump.ru, карточка модели, вкладка «Графики производительности», серия GS
Tsunami;GS;GSM125-315A/4;Unknown;125;0;37.0;1450;3~380 В;400.0;38.1;22;0;8;0;CatalogTable;Сайт производителя tsunami-pump.ru, карточка модели, вкладка «Графики производительности», серия GS
Tsunami;GS;GSM125-315B;Unknown;125;0;185.0;2900;3~380 В;600.3;124.89;22;0;7;0;CatalogTable;Сайт производителя tsunami-pump.ru, карточка модели, вкладка «Графики производительности», серия GS
Tsunami;GS;GSM125-315B/4;Unknown;125;0;30.0;1450;3~380 В;300.2;35.53;21;0;6;0;CatalogTable;Сайт производителя tsunami-pump.ru, карточка модели, вкладка «Графики производительности», серия GS
Tsunami;GS;GSM125-315C;Unknown;125;0;160.0;2900;3~380 В;600.0;112.06;19;0;5;0;CatalogTable;Сайт производителя tsunami-pump.ru, карточка модели, вкладка «Графики производительности», серия GS
Tsunami;GS;GSM125-315C/4;Unknown;125;0;22.0;1450;3~380 В;300.2;30.0;19;0;5;0;CatalogTable;Сайт производителя tsunami-pump.ru, карточка модели, вкладка «Графики производительности», серия GS
Tsunami;GS;GSM125-315D;Unknown;125;0;132.0;2900;3~380 В;500.0;95.84;15;0;0;0;CatalogTable;Сайт производителя tsunami-pump.ru, карточка модели, вкладка «Графики производительности», серия GS
Tsunami;GS;GSM125-315D/4;Unknown;125;0;18.5;1450;3~380 В;300.2;27.26;15;0;0;0;CatalogTable;Сайт производителя tsunami-pump.ru, карточка модели, вкладка «Графики производительности», серия GS
Tsunami;GS;GSM125-400A/4;Unknown;125;0;90.0;1450;3~380 В;400.0;69.69;21;0;7;0;CatalogTable;Сайт производителя tsunami-pump.ru, карточка модели, вкладка «Графики производительности», серия GS
Tsunami;GS;GSM125-400B/4;Unknown;125;0;75.0;1450;3~380 В;400.0;64.12;22;0;7;0;CatalogTable;Сайт производителя tsunami-pump.ru, карточка модели, вкладка «Графики производительности», серия GS
Tsunami;GS;GSM125-400C/4;Unknown;125;0;55.0;1450;3~380 В;400.0;56.32;22;0;8;0;CatalogTable;Сайт производителя tsunami-pump.ru, карточка модели, вкладка «Графики производительности», серия GS
Tsunami;GS;GSM125-400D/4;Unknown;125;0;45.0;1450;3~380 В;300.2;50.98;18;0;4;0;CatalogTable;Сайт производителя tsunami-pump.ru, карточка модели, вкладка «Графики производительности», серия GS
Tsunami;GS;GSM125-400E/4;Unknown;125;0;37.0;1450;3~380 В;300.2;45.85;20;0;5;0;CatalogTable;Сайт производителя tsunami-pump.ru, карточка модели, вкладка «Графики производительности», серия GS
Tsunami;GS;GSM125-400F/4;Unknown;125;0;30.0;1450;3~380 В;300.2;40.95;15;0;0;0;CatalogTable;Сайт производителя tsunami-pump.ru, карточка модели, вкладка «Графики производительности», серия GS
Tsunami;GS;GSM150-200A;Unknown;150;0;160.0;2900;3~380 В;800.2;;21;0;6;0;CatalogTable;Сайт производителя tsunami-pump.ru, карточка модели, вкладка «Графики производительности», серия GS
Tsunami;GS;GSM150-200A/4;Unknown;150;0;22.0;1450;3~380 В;500.0;20.27;20;0;5;0;CatalogTable;Сайт производителя tsunami-pump.ru, карточка модели, вкладка «Графики производительности», серия GS
Tsunami;GS;GSM150-200B;Unknown;150;0;132.0;2900;3~380 В;800.2;;20;0;5;0;CatalogTable;Сайт производителя tsunami-pump.ru, карточка модели, вкладка «Графики производительности», серия GS
Tsunami;GS;GSM150-200B/4;Unknown;150;0;18.5;1450;3~380 В;500.0;18.3;20;0;5;0;CatalogTable;Сайт производителя tsunami-pump.ru, карточка модели, вкладка «Графики производительности», серия GS
Tsunami;GS;GSM150-200C;Unknown;150;0;110.0;2900;3~380 В;800.2;;21;0;6;0;CatalogTable;Сайт производителя tsunami-pump.ru, карточка модели, вкладка «Графики производительности», серия GS
Tsunami;GS;GSM150-200C/4;Unknown;150;0;15.0;1450;3~380 В;400.0;16.32;18;0;3;0;CatalogTable;Сайт производителя tsunami-pump.ru, карточка модели, вкладка «Графики производительности», серия GS
Tsunami;GS;GSM150-200D;Unknown;150;0;90.0;2900;3~380 В;799.3;;19;0;4;0;CatalogTable;Сайт производителя tsunami-pump.ru, карточка модели, вкладка «Графики производительности», серия GS
Tsunami;GS;GSM150-200D/4;Unknown;150;0;11.0;1450;3~380 В;400.0;13.99;15;0;0;0;CatalogTable;Сайт производителя tsunami-pump.ru, карточка модели, вкладка «Графики производительности», серия GS
Tsunami;GS;GSM150-200E;Unknown;150;0;75.0;2900;3~380 В;660.1;;15;0;0;0;CatalogTable;Сайт производителя tsunami-pump.ru, карточка модели, вкладка «Графики производительности», серия GS
Tsunami;GS;GSM150-250A;Unknown;150;0;200.0;2900;3~380 В;1000.0;99.92;19;0;6;0;CatalogTable;Сайт производителя tsunami-pump.ru, карточка модели, вкладка «Графики производительности», серия GS
Tsunami;GS;GSM150-250A/4;Unknown;150;0;30.0;1450;3~380 В;500.0;25.4;20;0;6;0;CatalogTable;Сайт производителя tsunami-pump.ru, карточка модели, вкладка «Графики производительности», серия GS
Tsunami;GS;GSM150-250B;Unknown;150;0;160.0;2900;3~380 В;1000.0;89.99;20;0;5;0;CatalogTable;Сайт производителя tsunami-pump.ru, карточка модели, вкладка «Графики производительности», серия GS
Tsunami;GS;GSM150-250B/4;Unknown;150;0;22.0;1450;3~380 В;500.0;23.91;20;0;6;0;CatalogTable;Сайт производителя tsunami-pump.ru, карточка модели, вкладка «Графики производительности», серия GS
Tsunami;GS;GSM150-250C;Unknown;150;0;132.0;2900;3~380 В;1000.0;80.19;20;0;5;0;CatalogTable;Сайт производителя tsunami-pump.ru, карточка модели, вкладка «Графики производительности», серия GS
Tsunami;GS;GSM150-250C/4;Unknown;150;0;18.5;1450;3~380 В;500.0;21.28;19;0;4;0;CatalogTable;Сайт производителя tsunami-pump.ru, карточка модели, вкладка «Графики производительности», серия GS
Tsunami;GS;GSM150-250D;Unknown;150;0;110.0;2900;3~380 В;800.0;66.82;15;0;0;0;CatalogTable;Сайт производителя tsunami-pump.ru, карточка модели, вкладка «Графики производительности», серия GS
Tsunami;GS;GSM150-250D/4;Unknown;150;0;15.0;1450;3~380 В;400.0;17.41;15;0;0;0;CatalogTable;Сайт производителя tsunami-pump.ru, карточка модели, вкладка «Графики производительности», серия GS
Tsunami;GS;GSM150-315A;Unknown;150;0;315.0;2900;3~380 В;1000.0;136.0;21;0;7;0;CatalogTable;Сайт производителя tsunami-pump.ru, карточка модели, вкладка «Графики производительности», серия GS
Tsunami;GS;GSM150-315A/4;Unknown;150;0;75.0;1450;3~380 В;600.0;46.93;21;0;7;0;CatalogTable;Сайт производителя tsunami-pump.ru, карточка модели, вкладка «Графики производительности», серия GS
Tsunami;GS;GSM150-315B;Unknown;150;0;280.0;2900;3~380 В;1000.0;123.61;21;0;7;0;CatalogTable;Сайт производителя tsunami-pump.ru, карточка модели, вкладка «Графики производительности», серия GS
Tsunami;GS;GSM150-315B/4;Unknown;150;0;55.0;1450;3~380 В;500.4;39.92;21;0;6;0;CatalogTable;Сайт производителя tsunami-pump.ru, карточка модели, вкладка «Графики производительности», серия GS
Tsunami;GS;GSM150-315C;Unknown;150;0;250.0;2900;3~380 В;1000.0;112.0;20;0;5;0;CatalogTable;Сайт производителя tsunami-pump.ru, карточка модели, вкладка «Графики производительности», серия GS
Tsunami;GS;GSM150-315C/4;Unknown;150;0;45.0;1450;3~380 В;500.4;37.72;18;0;4;0;CatalogTable;Сайт производителя tsunami-pump.ru, карточка модели, вкладка «Графики производительности», серия GS
Tsunami;GS;GSM150-315D;Unknown;150;0;185.0;2900;3~380 В;799.2;91.95;15;0;0;0;CatalogTable;Сайт производителя tsunami-pump.ru, карточка модели, вкладка «Графики производительности», серия GS
Tsunami;GS;GSM150-315D/4;Unknown;150;0;37.0;1450;3~380 В;500.4;33.63;19;0;5;0;CatalogTable;Сайт производителя tsunami-pump.ru, карточка модели, вкладка «Графики производительности», серия GS
Tsunami;GS;GSM150-315E/4;Unknown;150;0;30.0;1450;3~380 В;400.8;30.0;15;0;0;0;CatalogTable;Сайт производителя tsunami-pump.ru, карточка модели, вкладка «Графики производительности», серия GS
Tsunami;GS;GSM150-400A/4;Unknown;150;0;132.0;1450;3~380 В;600.0;71.36;22;0;7;0;CatalogTable;Сайт производителя tsunami-pump.ru, карточка модели, вкладка «Графики производительности», серия GS
Tsunami;GS;GSM150-400B/4;Unknown;150;0;110.0;1450;3~380 В;600.0;65.05;22;0;7;0;CatalogTable;Сайт производителя tsunami-pump.ru, карточка модели, вкладка «Графики производительности», серия GS
Tsunami;GS;GSM150-400C/4;Unknown;150;0;90.0;1450;3~380 В;598.3;58.97;21;0;7;0;CatalogTable;Сайт производителя tsunami-pump.ru, карточка модели, вкладка «Графики производительности», серия GS
Tsunami;GS;GSM150-400D/4;Unknown;150;0;75.0;1450;3~380 В;600.0;55.0;19;0;5;0;CatalogTable;Сайт производителя tsunami-pump.ru, карточка модели, вкладка «Графики производительности», серия GS
Tsunami;GS;GSM150-400E/4;Unknown;150;0;55.0;1450;3~380 В;500.4;47.76;15;0;0;0;CatalogTable;Сайт производителя tsunami-pump.ru, карточка модели, вкладка «Графики производительности», серия GS
Tsunami;GS;GSM200-250A/4;Unknown;200;0;55.0;1450;3~380 В;799.9;30.7;21;0;6;0;CatalogTable;Сайт производителя tsunami-pump.ru, карточка модели, вкладка «Графики производительности», серия GS
Tsunami;GS;GSM200-250B/4;Unknown;200;0;45.0;1450;3~380 В;799.9;25.99;21;0;7;0;CatalogTable;Сайт производителя tsunami-pump.ru, карточка модели, вкладка «Графики производительности», серия GS
Tsunami;GS;GSM200-250C/4;Unknown;200;0;37.0;1450;3~380 В;799.9;22.92;15;0;0;0;CatalogTable;Сайт производителя tsunami-pump.ru, карточка модели, вкладка «Графики производительности», серия GS
Tsunami;GS;GSM200-315A/4;Unknown;200;0;90.0;1450;3~380 В;800.0;42.1;20;0;5;0;CatalogTable;Сайт производителя tsunami-pump.ru, карточка модели, вкладка «Графики производительности», серия GS
Tsunami;GS;GSM200-315B/4;Unknown;200;0;75.0;1450;3~380 В;800.0;35.0;21;0;6;0;CatalogTable;Сайт производителя tsunami-pump.ru, карточка модели, вкладка «Графики производительности», серия GS
Tsunami;GS;GSM200-315C/4;Unknown;200;0;55.0;1450;3~380 В;800.0;31.05;15;0;0;0;CatalogTable;Сайт производителя tsunami-pump.ru, карточка модели, вкладка «Графики производительности», серия GS
Tsunami;GS;GSM200-400A/4;Unknown;200;0;132.0;1450;3~380 В;900.0;;18;0;3;0;CatalogTable;Сайт производителя tsunami-pump.ru, карточка модели, вкладка «Графики производительности», серия GS
Tsunami;GS;GSM200-400B/4;Unknown;200;0;110.0;1450;3~380 В;798.8;52.45;15;0;0;0;CatalogTable;Сайт производителя tsunami-pump.ru, карточка модели, вкладка «Графики производительности», серия GS
Tsunami;GS;GSM200-400C/4;Unknown;200;0;90.0;1450;3~380 В;799.6;46.53;18;0;3;0;CatalogTable;Сайт производителя tsunami-pump.ru, карточка модели, вкладка «Графики производительности», серия GS
Tsunami;GS;GSM200-400D/4;Unknown;200;0;75.0;1450;3~380 В;799.6;41.02;15;0;0;0;CatalogTable;Сайт производителя tsunami-pump.ru, карточка модели, вкладка «Графики производительности», серия GS
Tsunami;GS;GSM250-315A/4;Unknown;250;0;160.0;1450;3~380 В;1396.6;44.94;18;0;3;0;CatalogTable;Сайт производителя tsunami-pump.ru, карточка модели, вкладка «Графики производительности», серия GS
Tsunami;GS;GSM250-315B/4;Unknown;250;0;132.0;1450;3~380 В;1396.6;38.37;18;0;4;0;CatalogTable;Сайт производителя tsunami-pump.ru, карточка модели, вкладка «Графики производительности», серия GS
Tsunami;GS;GSM250-315C/4;Unknown;250;0;110.0;1450;3~380 В;1297.4;34.43;19;0;4;0;CatalogTable;Сайт производителя tsunami-pump.ru, карточка модели, вкладка «Графики производительности», серия GS
Tsunami;GS;GSM250-315D/4;Unknown;250;0;90.0;1450;3~380 В;1297.4;30.35;15;0;0;0;CatalogTable;Сайт производителя tsunami-pump.ru, карточка модели, вкладка «Графики производительности», серия GS
Tsunami;GS;GSM250-400A/4;Unknown;250;0;250.0;1450;3~380 В;1500.3;65.83;19;0;4;0;CatalogTable;Сайт производителя tsunami-pump.ru, карточка модели, вкладка «Графики производительности», серия GS
Tsunami;GS;GSM250-400B/4;Unknown;250;0;220.0;1450;3~380 В;1500.3;57.88;19;0;5;0;CatalogTable;Сайт производителя tsunami-pump.ru, карточка модели, вкладка «Графики производительности», серия GS
Tsunami;GS;GSM250-400C/4;Unknown;250;0;200.0;1450;3~380 В;1500.3;52.99;21;0;6;0;CatalogTable;Сайт производителя tsunami-pump.ru, карточка модели, вкладка «Графики производительности», серия GS
Tsunami;GS;GSM250-400D/4;Unknown;250;0;185.0;1450;3~380 В;1400.8;46.88;21;0;6;0;CatalogTable;Сайт производителя tsunami-pump.ru, карточка модели, вкладка «Графики производительности», серия GS
Tsunami;GS;GSM250-400E/4;Unknown;250;0;160.0;1450;3~380 В;1400.8;43.01;15;0;0;0;CatalogTable;Сайт производителя tsunami-pump.ru, карточка модели, вкладка «Графики производительности», серия GS
Tsunami;GS;GSM32-160A*;Unknown;32;0;3.0;2900;3~380 В;27.0;35.0;23;0;9;0;CatalogTable;Сайт производителя tsunami-pump.ru, карточка модели, вкладка «Графики производительности», серия GS
Tsunami;GS;GSM32-160B*;Unknown;32;0;2.2;2900;3~380 В;24.0;30.99;22;0;8;0;CatalogTable;Сайт производителя tsunami-pump.ru, карточка модели, вкладка «Графики производительности», серия GS
Tsunami;GS;GSM32-160C*;Unknown;32;0;1.5;2900;3~380 В;18.0;25.39;15;0;0;0;CatalogTable;Сайт производителя tsunami-pump.ru, карточка модели, вкладка «Графики производительности», серия GS
Tsunami;GS;GSM32-200A*;Unknown;32;0;4.0;2900;3~380 В;27.0;54.38;22;0;7;0;CatalogTable;Сайт производителя tsunami-pump.ru, карточка модели, вкладка «Графики производительности», серия GS
Tsunami;GS;GSM32-200B*;Unknown;32;0;3.0;2900;3~380 В;27.0;44.2;15;0;0;0;CatalogTable;Сайт производителя tsunami-pump.ru, карточка модели, вкладка «Графики производительности», серия GS
Tsunami;GS;GSM32-250A;Unknown;32;0;15.0;2900;3~380 В;24.0;96.83;21;0;6;0;CatalogTable;Сайт производителя tsunami-pump.ru, карточка модели, вкладка «Графики производительности», серия GS
Tsunami;GS;GSM32-250B;Unknown;32;0;11.0;2900;3~380 В;24.0;89.99;20;0;6;0;CatalogTable;Сайт производителя tsunami-pump.ru, карточка модели, вкладка «Графики производительности», серия GS
Tsunami;GS;GSM32-250C;Unknown;32;0;9.2;2900;3~380 В;24.0;75.08;22;0;7;0;CatalogTable;Сайт производителя tsunami-pump.ru, карточка модели, вкладка «Графики производительности», серия GS
Tsunami;GS;GSM32-250D;Unknown;32;0;7.5;2900;3~380 В;24.0;69.47;20;0;7;0;CatalogTable;Сайт производителя tsunami-pump.ru, карточка модели, вкладка «Графики производительности», серия GS
Tsunami;GS;GSM32-250E;Unknown;32;0;5.5;2900;3~380 В;24.0;60.0;15;0;0;0;CatalogTable;Сайт производителя tsunami-pump.ru, карточка модели, вкладка «Графики производительности», серия GS
Tsunami;GS;GSM40-160A;Unknown;40;0;4.0;2900;3~380 В;47.9;38.02;25;0;10;0;CatalogTable;Сайт производителя tsunami-pump.ru, карточка модели, вкладка «Графики производительности», серия GS
Tsunami;GS;GSM40-160B;Unknown;40;0;3.0;2900;3~380 В;42.0;31.82;15;0;0;0;CatalogTable;Сайт производителя tsunami-pump.ru, карточка модели, вкладка «Графики производительности», серия GS
Tsunami;GS;GSM40-200A*;Unknown;40;0;7.5;2900;3~380 В;48.0;57.01;21;0;7;0;CatalogTable;Сайт производителя tsunami-pump.ru, карточка модели, вкладка «Графики производительности», серия GS
Tsunami;GS;GSM40-200B*;Unknown;40;0;5.5;2900;3~380 В;42.0;45.96;15;0;0;0;CatalogTable;Сайт производителя tsunami-pump.ru, карточка модели, вкладка «Графики производительности», серия GS
Tsunami;GS;GSM40-250A;Unknown;40;0;18.5;2900;3~380 В;48.0;90.01;19;0;5;0;CatalogTable;Сайт производителя tsunami-pump.ru, карточка модели, вкладка «Графики производительности», серия GS
Tsunami;GS;GSM40-250B;Unknown;40;0;15.0;2900;3~380 В;47.9;84.48;20;0;5;0;CatalogTable;Сайт производителя tsunami-pump.ru, карточка модели, вкладка «Графики производительности», серия GS
Tsunami;GS;GSM40-250C;Unknown;40;0;11.0;2900;3~380 В;48.0;71.95;21;0;6;0;CatalogTable;Сайт производителя tsunami-pump.ru, карточка модели, вкладка «Графики производительности», серия GS
Tsunami;GS;GSM40-250D;Unknown;40;0;9.2;2900;3~380 В;47.9;;15;0;0;0;CatalogTable;Сайт производителя tsunami-pump.ru, карточка модели, вкладка «Графики производительности», серия GS
Tsunami;GS;GSM40-315A;Unknown;40;0;45.0;2900;3~380 В;48.0;159.92;21;0;6;0;CatalogTable;Сайт производителя tsunami-pump.ru, карточка модели, вкладка «Графики производительности», серия GS
Tsunami;GS;GSM40-315B;Unknown;40;0;37.0;2900;3~380 В;48.0;143.82;20;0;6;0;CatalogTable;Сайт производителя tsunami-pump.ru, карточка модели, вкладка «Графики производительности», серия GS
Tsunami;GS;GSM40-315C;Unknown;40;0;30.0;2900;3~380 В;42.0;119.68;20;0;5;0;CatalogTable;Сайт производителя tsunami-pump.ru, карточка модели, вкладка «Графики производительности», серия GS
Tsunami;GS;GSM40-315D;Unknown;40;0;22.0;2900;3~380 В;42.0;105.59;21;0;6;0;CatalogTable;Сайт производителя tsunami-pump.ru, карточка модели, вкладка «Графики производительности», серия GS
Tsunami;GS;GSM40-315E;Unknown;40;0;18.5;2900;3~380 В;42.0;96.2;15;0;0;0;CatalogTable;Сайт производителя tsunami-pump.ru, карточка модели, вкладка «Графики производительности», серия GS
Tsunami;GS;GSM50-125A;Unknown;50;0;4.0;2900;3~380 В;83.9;;22;0;9;0;CatalogTable;Сайт производителя tsunami-pump.ru, карточка модели, вкладка «Графики производительности», серия GS
Tsunami;GS;GSM50-125B;Unknown;50;0;3.0;2900;3~380 В;72.0;20.0;18;0;5;0;CatalogTable;Сайт производителя tsunami-pump.ru, карточка модели, вкладка «Графики производительности», серия GS
Tsunami;GS;GSM50-125C;Unknown;50;0;2.2;2900;3~380 В;72.0;16.97;15;0;0;0;CatalogTable;Сайт производителя tsunami-pump.ru, карточка модели, вкладка «Графики производительности», серия GS
Tsunami;GS;GSM50-160A;Unknown;50;0;7.5;2900;3~380 В;90.0;40.0;22;0;7;0;CatalogTable;Сайт производителя tsunami-pump.ru, карточка модели, вкладка «Графики производительности», серия GS
Tsunami;GS;GSM50-160B;Unknown;50;0;5.5;2900;3~380 В;84.0;31.91;15;0;0;0;CatalogTable;Сайт производителя tsunami-pump.ru, карточка модели, вкладка «Графики производительности», серия GS
Tsunami;GS;GSM50-200A;Unknown;50;0;15.0;2900;3~380 В;90.0;61.99;24;0;11;0;CatalogTable;Сайт производителя tsunami-pump.ru, карточка модели, вкладка «Графики производительности», серия GS
Tsunami;GS;GSM50-200B;Unknown;50;0;11.0;2900;3~380 В;90.0;57.5;27;0;12;0;CatalogTable;Сайт производителя tsunami-pump.ru, карточка модели, вкладка «Графики производительности», серия GS
Tsunami;GS;GSM50-200C;Unknown;50;0;9.2;2900;3~380 В;83.8;50.47;15;0;0;0;CatalogTable;Сайт производителя tsunami-pump.ru, карточка модели, вкладка «Графики производительности», серия GS
Tsunami;GS;GSM50-250A;Unknown;50;0;30.0;2900;3~380 В;90.0;95.3;22;0;7;0;CatalogTable;Сайт производителя tsunami-pump.ru, карточка модели, вкладка «Графики производительности», серия GS
Tsunami;GS;GSM50-250B;Unknown;50;0;22.0;2900;3~380 В;90.0;89.48;21;0;8;0;CatalogTable;Сайт производителя tsunami-pump.ru, карточка модели, вкладка «Графики производительности», серия GS
Tsunami;GS;GSM50-250C;Unknown;50;0;18.5;2900;3~380 В;90.0;78.95;22;0;8;0;CatalogTable;Сайт производителя tsunami-pump.ru, карточка модели, вкладка «Графики производительности», серия GS
Tsunami;GS;GSM50-250D;Unknown;50;0;15.0;2900;3~380 В;84.1;68.42;15;0;0;0;CatalogTable;Сайт производителя tsunami-pump.ru, карточка модели, вкладка «Графики производительности», серия GS
Tsunami;GS;GSM50-315A;Unknown;50;0;75.0;2900;3~380 В;90.0;163.9;20;0;5;0;CatalogTable;Сайт производителя tsunami-pump.ru, карточка модели, вкладка «Графики производительности», серия GS
Tsunami;GS;GSM50-315B;Unknown;50;0;55.0;2900;3~380 В;90.0;145.8;19;0;5;0;CatalogTable;Сайт производителя tsunami-pump.ru, карточка модели, вкладка «Графики производительности», серия GS
Tsunami;GS;GSM50-315C;Unknown;50;0;45.0;2900;3~380 В;90.0;131.72;20;0;5;0;CatalogTable;Сайт производителя tsunami-pump.ru, карточка модели, вкладка «Графики производительности», серия GS
Tsunami;GS;GSM50-315D;Unknown;50;0;37.0;2900;3~380 В;90.0;113.62;19;0;5;0;CatalogTable;Сайт производителя tsunami-pump.ru, карточка модели, вкладка «Графики производительности», серия GS
Tsunami;GS;GSM50-315E;Unknown;50;0;30.0;2900;3~380 В;84.1;96.52;15;0;0;0;CatalogTable;Сайт производителя tsunami-pump.ru, карточка модели, вкладка «Графики производительности», серия GS
Tsunami;GS;GSM65-125A;Unknown;65;0;7.5;2900;3~380 В;120.2;26.88;17;0;3;0;CatalogTable;Сайт производителя tsunami-pump.ru, карточка модели, вкладка «Графики производительности», серия GS
Tsunami;GS;GSM65-125B;Unknown;65;0;5.5;2900;3~380 В;108.1;22.97;17;0;3;0;CatalogTable;Сайт производителя tsunami-pump.ru, карточка модели, вкладка «Графики производительности», серия GS
Tsunami;GS;GSM65-125C;Unknown;65;0;4.0;2900;3~380 В;90.0;18.96;15;0;0;0;CatalogTable;Сайт производителя tsunami-pump.ru, карточка модели, вкладка «Графики производительности», серия GS
Tsunami;GS;GSM65-160A;Unknown;65;0;15.0;2900;3~380 В;138.1;41.98;23;0;10;0;CatalogTable;Сайт производителя tsunami-pump.ru, карточка модели, вкладка «Графики производительности», серия GS
Tsunami;GS;GSM65-160A/4;Unknown;65;0;2.2;1450;3~380 В;84.0;10.31;15;0;0;0;CatalogTable;Сайт производителя tsunami-pump.ru, карточка модели, вкладка «Графики производительности», серия GS
Tsunami;GS;GSM65-160B;Unknown;65;0;11.0;2900;3~380 В;120.0;35.95;23;0;8;0;CatalogTable;Сайт производителя tsunami-pump.ru, карточка модели, вкладка «Графики производительности», серия GS
Tsunami;GS;GSM65-160B/4;Unknown;65;0;1.5;1450;3~380 В;72.0;9.0;19;0;4;0;CatalogTable;Сайт производителя tsunami-pump.ru, карточка модели, вкладка «Графики производительности», серия GS
Tsunami;GS;GSM65-160C;Unknown;65;0;9.2;2900;3~380 В;120.1;32.94;17;0;2;0;CatalogTable;Сайт производителя tsunami-pump.ru, карточка модели, вкладка «Графики производительности», серия GS
Tsunami;GS;GSM65-160C/4;Unknown;65;0;1.1;1450;3~380 В;72.0;7.99;15;0;0;0;CatalogTable;Сайт производителя tsunami-pump.ru, карточка модели, вкладка «Графики производительности», серия GS
Tsunami;GS;GSM65-200A;Unknown;65;0;22.0;2900;3~380 В;138.0;58.87;18;0;6;0;CatalogTable;Сайт производителя tsunami-pump.ru, карточка модели, вкладка «Графики производительности», серия GS
Tsunami;GS;GSM65-200A/4;Unknown;65;0;3.0;1450;3~380 В;83.6;14.37;19;0;4;0;CatalogTable;Сайт производителя tsunami-pump.ru, карточка модели, вкладка «Графики производительности», серия GS
Tsunami;GS;GSM65-200B;Unknown;65;0;18.5;2900;3~380 В;119.9;52.03;20;0;6;0;CatalogTable;Сайт производителя tsunami-pump.ru, карточка модели, вкладка «Графики производительности», серия GS
Tsunami;GS;GSM65-200B/4;Unknown;65;0;2.2;1450;3~380 В;71.4;12.38;18;0;3;0;CatalogTable;Сайт производителя tsunami-pump.ru, карточка модели, вкладка «Графики производительности», серия GS
Tsunami;GS;GSM65-200C;Unknown;65;0;15.0;2900;3~380 В;120.0;45.0;15;0;0;0;CatalogTable;Сайт производителя tsunami-pump.ru, карточка модели, вкладка «Графики производительности», серия GS
Tsunami;GS;GSM65-200C/4;Unknown;65;0;1.5;1450;3~380 В;71.4;10.01;15;0;0;0;CatalogTable;Сайт производителя tsunami-pump.ru, карточка модели, вкладка «Графики производительности», серия GS
Tsunami;GS;GSM65-250A;Unknown;65;0;37.0;2900;3~380 В;138.0;91.91;18;0;3;0;CatalogTable;Сайт производителя tsunami-pump.ru, карточка модели, вкладка «Графики производительности», серия GS
Tsunami;GS;GSM65-250A/4;Unknown;65;0;5.5;1450;3~380 В;84.0;22.28;20;0;6;0;CatalogTable;Сайт производителя tsunami-pump.ru, карточка модели, вкладка «Графики производительности», серия GS
Tsunami;GS;GSM65-250B;Unknown;65;0;30.0;2900;3~380 В;138.0;80.0;19;0;6;0;CatalogTable;Сайт производителя tsunami-pump.ru, карточка модели, вкладка «Графики производительности», серия GS
Tsunami;GS;GSM65-250B/4;Unknown;65;0;4.0;1450;3~380 В;72.0;19.0;19;0;5;0;CatalogTable;Сайт производителя tsunami-pump.ru, карточка модели, вкладка «Графики производительности», серия GS
Tsunami;GS;GSM65-250C;Unknown;65;0;22.0;2900;3~380 В;119.9;64.83;15;0;0;0;CatalogTable;Сайт производителя tsunami-pump.ru, карточка модели, вкладка «Графики производительности», серия GS
Tsunami;GS;GSM65-250C/4;Unknown;65;0;3.0;1450;3~380 В;72.1;15.37;15;0;0;0;CatalogTable;Сайт производителя tsunami-pump.ru, карточка модели, вкладка «Графики производительности», серия GS
Tsunami;GS;GSM65-315A;Unknown;65;0;90.0;2900;3~380 В;210.0;150.64;15;0;0;0;CatalogTable;Сайт производителя tsunami-pump.ru, карточка модели, вкладка «Графики производительности», серия GS
Tsunami;GS;GSM65-315A/4;Unknown;65;0;15.0;1450;3~380 В;107.9;39.97;22;0;8;0;CatalogTable;Сайт производителя tsunami-pump.ru, карточка модели, вкладка «Графики производительности», серия GS
Tsunami;GS;GSM65-315B;Unknown;65;0;75.0;2900;3~380 В;210.0;141.0;21;0;7;0;CatalogTable;Сайт производителя tsunami-pump.ru, карточка модели, вкладка «Графики производительности», серия GS
Tsunami;GS;GSM65-315B/4;Unknown;65;0;11.0;1450;3~380 В;107.9;;23;0;8;0;CatalogTable;Сайт производителя tsunami-pump.ru, карточка модели, вкладка «Графики производительности», серия GS
Tsunami;GS;GSM65-315C;Unknown;65;0;55.0;2900;3~380 В;179.9;122.02;19;0;6;0;CatalogTable;Сайт производителя tsunami-pump.ru, карточка модели, вкладка «Графики производительности», серия GS
Tsunami;GS;GSM65-315C/4;Unknown;65;0;7.5;1450;3~380 В;84.0;;20;0;5;0;CatalogTable;Сайт производителя tsunami-pump.ru, карточка модели, вкладка «Графики производительности», серия GS
Tsunami;GS;GSM65-315D;Unknown;65;0;45.0;2900;3~380 В;137.8;101.88;15;0;0;0;CatalogTable;Сайт производителя tsunami-pump.ru, карточка модели, вкладка «Графики производительности», серия GS
Tsunami;GS;GSM65-315D/4;Unknown;65;0;5.5;1450;3~380 В;72.1;;15;0;0;0;CatalogTable;Сайт производителя tsunami-pump.ru, карточка модели, вкладка «Графики производительности», серия GS
Tsunami;GS;GSM65-315E/4;Unknown;65;0;4.0;1450;3~380 В;60.1;18.6;15;0;0;0;CatalogTable;Сайт производителя tsunami-pump.ru, карточка модели, вкладка «Графики производительности», серия GS
Tsunami;GS;GSM80-125A;Unknown;80;0;7.5;2900;3~380 В;138.0;25.98;15;0;0;0;CatalogTable;Сайт производителя tsunami-pump.ru, карточка модели, вкладка «Графики производительности», серия GS
Tsunami;GS;GSM80-125B;Unknown;80;0;5.5;2900;3~380 В;138.0;20.97;17;0;3;0;CatalogTable;Сайт производителя tsunami-pump.ru, карточка модели, вкладка «Графики производительности», серия GS
Tsunami;GS;GSM80-125C;Unknown;80;0;4.0;2900;3~380 В;120.0;16.95;15;0;0;0;CatalogTable;Сайт производителя tsunami-pump.ru, карточка модели, вкладка «Графики производительности», серия GS
Tsunami;GS;GSM80-160A;Unknown;80;0;22.0;2900;3~380 В;210.1;43.99;22;0;7;0;CatalogTable;Сайт производителя tsunami-pump.ru, карточка модели, вкладка «Графики производительности», серия GS
Tsunami;GS;GSM80-160A/4;Unknown;80;0;2.2;1450;3~380 В;108.0;9.0;21;0;7;0;CatalogTable;Сайт производителя tsunami-pump.ru, карточка модели, вкладка «Графики производительности», серия GS
Tsunami;GS;GSM80-160B;Unknown;80;0;18.5;2900;3~380 В;210.1;39.27;24;0;9;0;CatalogTable;Сайт производителя tsunami-pump.ru, карточка модели, вкладка «Графики производительности», серия GS
Tsunami;GS;GSM80-160B/4;Unknown;80;0;1.5;1450;3~380 В;96.0;7.47;17;0;2;0;CatalogTable;Сайт производителя tsunami-pump.ru, карточка модели, вкладка «Графики производительности», серия GS
Tsunami;GS;GSM80-160C;Unknown;80;0;15.0;2900;3~380 В;210.1;33.94;22;0;8;0;CatalogTable;Сайт производителя tsunami-pump.ru, карточка модели, вкладка «Графики производительности», серия GS
Tsunami;GS;GSM80-160D;Unknown;80;0;11.0;2900;3~380 В;180.2;27.93;15;0;0;0;CatalogTable;Сайт производителя tsunami-pump.ru, карточка модели, вкладка «Графики производительности», серия GS
Tsunami;GS;GSM80-200A;Unknown;80;0;30.0;2900;3~380 В;210.1;59.99;21;0;8;0;CatalogTable;Сайт производителя tsunami-pump.ru, карточка модели, вкладка «Графики производительности», серия GS
Tsunami;GS;GSM80-200A/4;Unknown;80;0;4.0;1450;3~380 В;107.9;14.29;20;0;7;0;CatalogTable;Сайт производителя tsunami-pump.ru, карточка модели, вкладка «Графики производительности», серия GS
Tsunami;GS;GSM80-200B;Unknown;80;0;22.0;2900;3~380 В;210.1;48.42;15;0;0;0;CatalogTable;Сайт производителя tsunami-pump.ru, карточка модели, вкладка «Графики производительности», серия GS
Tsunami;GS;GSM80-200B/4;Unknown;80;0;3.0;1450;3~380 В;96.1;11.8;15;0;0;0;CatalogTable;Сайт производителя tsunami-pump.ru, карточка модели, вкладка «Графики производительности», серия GS
Tsunami;GS;GSM80-250A;Unknown;80;0;75.0;2900;3~380 В;210.1;108.28;22;0;7;0;CatalogTable;Сайт производителя tsunami-pump.ru, карточка модели, вкладка «Графики производительности», серия GS
Tsunami;GS;GSM80-250A/4;Unknown;80;0;11.0;1450;3~380 В;140.0;28.28;20;0;6;0;CatalogTable;Сайт производителя tsunami-pump.ru, карточка модели, вкладка «Графики производительности», серия GS
Tsunami;GS;GSM80-250B;Unknown;80;0;55.0;2900;3~380 В;210.1;94.57;20;0;8;0;CatalogTable;Сайт производителя tsunami-pump.ru, карточка модели, вкладка «Графики производительности», серия GS
Tsunami;GS;GSM80-250B/4;Unknown;80;0;7.5;1450;3~380 В;108.0;24.07;17;0;3;0;CatalogTable;Сайт производителя tsunami-pump.ru, карточка модели, вкладка «Графики производительности», серия GS
Tsunami;GS;GSM80-250C;Unknown;80;0;45.0;2900;3~380 В;210.1;87.89;24;0;9;0;CatalogTable;Сайт производителя tsunami-pump.ru, карточка модели, вкладка «Графики производительности», серия GS
Tsunami;GS;GSM80-250C/4;Unknown;80;0;5.5;1450;3~380 В;108.0;20.55;20;0;5;0;CatalogTable;Сайт производителя tsunami-pump.ru, карточка модели, вкладка «Графики производительности», серия GS
Tsunami;GS;GSM80-250D;Unknown;80;0;37.0;2900;3~380 В;210.1;71.5;15;0;0;0;CatalogTable;Сайт производителя tsunami-pump.ru, карточка модели, вкладка «Графики производительности», серия GS
Tsunami;GS;GSM80-250D/4;Unknown;80;0;4.0;1450;3~380 В;95.9;17.0;15;0;0;0;CatalogTable;Сайт производителя tsunami-pump.ru, карточка модели, вкладка «Графики производительности», серия GS
Tsunami;GS;GSM80-315A;Unknown;80;0;110.0;2900;3~380 В;240.0;150.77;19;0;4;0;CatalogTable;Сайт производителя tsunami-pump.ru, карточка модели, вкладка «Графики производительности», серия GS
Tsunami;GS;GSM80-315A/4;Unknown;80;0;15.0;1450;3~380 В;150.0;36.64;21;0;7;0;CatalogTable;Сайт производителя tsunami-pump.ru, карточка модели, вкладка «Графики производительности», серия GS
Tsunami;GS;GSM80-315B;Unknown;80;0;90.0;2900;3~380 В;240.0;142.05;20;0;6;0;CatalogTable;Сайт производителя tsunami-pump.ru, карточка модели, вкладка «Графики производительности», серия GS
Tsunami;GS;GSM80-315B/4;Unknown;80;0;11.0;1450;3~380 В;149.3;29.74;19;0;5;0;CatalogTable;Сайт производителя tsunami-pump.ru, карточка модели, вкладка «Графики производительности», серия GS
Tsunami;GS;GSM80-315C;Unknown;80;0;75.0;2900;3~380 В;240.0;122.43;22;0;7;0;CatalogTable;Сайт производителя tsunami-pump.ru, карточка модели, вкладка «Графики производительности», серия GS
Tsunami;GS;GSM80-315C/4;Unknown;80;0;7.5;1450;3~380 В;107.9;24.47;17;0;4;0;CatalogTable;Сайт производителя tsunami-pump.ru, карточка модели, вкладка «Графики производительности», серия GS
Tsunami;GS;GSM80-315D;Unknown;80;0;55.0;2900;3~380 В;209.8;97.14;20;0;6;0;CatalogTable;Сайт производителя tsunami-pump.ru, карточка модели, вкладка «Графики производительности», серия GS
Tsunami;GS;GSM80-315D/4;Unknown;80;0;5.5;1450;3~380 В;108.0;19.56;15;0;0;0;CatalogTable;Сайт производителя tsunami-pump.ru, карточка модели, вкладка «Графики производительности», серия GS
Tsunami;GS;GSM80-315E;Unknown;80;0;45.0;2900;3~380 В;210.0;84.5;15;0;0;0;CatalogTable;Сайт производителя tsunami-pump.ru, карточка модели, вкладка «Графики производительности», серия GS
Tsunami;GS;GSM80-400A/4;Unknown;80;0;37.0;1450;3~380 В;200.0;58.86;20;0;5;0;CatalogTable;Сайт производителя tsunami-pump.ru, карточка модели, вкладка «Графики производительности», серия GS
Tsunami;GS;GSM80-400B/4;Unknown;80;0;30.0;1450;3~380 В;150.0;55.0;15;0;0;0;CatalogTable;Сайт производителя tsunami-pump.ru, карточка модели, вкладка «Графики производительности», серия GS
Tsunami;GS;GSM80-400C/4;Unknown;80;0;22.0;1450;3~380 В;150.0;45.0;19;0;4;0;CatalogTable;Сайт производителя tsunami-pump.ru, карточка модели, вкладка «Графики производительности», серия GS
Tsunami;GS;GSM80-400D/4;Unknown;80;0;18.5;1450;3~380 В;150.0;40.65;15;0;0;0;CatalogTable;Сайт производителя tsunami-pump.ru, карточка модели, вкладка «Графики производительности», серия GS
Tsunami;GSA;GSA100-80-160/11;Unknown;80;0;11.0;0;3~380 В;192.0;;15;0;0;0;CatalogTable;Сайт производителя tsunami-pump.ru, карточка модели, вкладка «Графики производительности», серия GSA
Tsunami;GSA;GSA100-80-160/15;Unknown;80;0;15.0;0;3~380 В;200.0;;9;0;0;0;CatalogTable;Сайт производителя tsunami-pump.ru, карточка модели, вкладка «Графики производительности», серия GSA
Tsunami;GSA;GSA100-80-160/18.5;Unknown;80;0;18.5;0;3~380 В;200.0;;9;0;0;0;CatalogTable;Сайт производителя tsunami-pump.ru, карточка модели, вкладка «Графики производительности», серия GSA
Tsunami;GSA;GSA100-80-200/22;Unknown;80;0;22.0;0;3~380 В;200.0;;15;0;0;0;CatalogTable;Сайт производителя tsunami-pump.ru, карточка модели, вкладка «Графики производительности», серия GSA
Tsunami;GSA;GSA100-80-200/30;Unknown;80;0;30.0;0;3~380 В;200.0;;9;0;0;0;CatalogTable;Сайт производителя tsunami-pump.ru, карточка модели, вкладка «Графики производительности», серия GSA
Tsunami;GSA;GSA100-80-200/37;Unknown;80;0;37.0;0;3~380 В;200.0;;9;0;0;0;CatalogTable;Сайт производителя tsunami-pump.ru, карточка модели, вкладка «Графики производительности», серия GSA
Tsunami;GSA;GSA50-32-160/1.1;Unknown;32;0;1.1;0;3~380 В;22.0;21.8;15;0;0;0;CatalogTable;Сайт производителя tsunami-pump.ru, карточка модели, вкладка «Графики производительности», серия GSA
Tsunami;GSA;GSA50-32-160/1.5;Unknown;32;0;1.5;0;3~380 В;22.0;31.1;15;0;0;0;CatalogTable;Сайт производителя tsunami-pump.ru, карточка модели, вкладка «Графики производительности», серия GSA
Tsunami;GSA;GSA50-32-160/2.2;Unknown;32;0;2.2;0;3~380 В;22.0;39.7;15;0;0;0;CatalogTable;Сайт производителя tsunami-pump.ru, карточка модели, вкладка «Графики производительности», серия GSA
Tsunami;GSA;GSA50-32-200/3;Unknown;32;0;3.0;0;3~380 В;22.0;;8;0;0;0;CatalogTable;Сайт производителя tsunami-pump.ru, карточка модели, вкладка «Графики производительности», серия GSA
Tsunami;GSA;GSA50-32-200/4;Unknown;32;0;4.0;0;3~380 В;22.0;52.1;15;0;0;0;CatalogTable;Сайт производителя tsunami-pump.ru, карточка модели, вкладка «Графики производительности», серия GSA
Tsunami;GSA;GSA50-32-200/5.5;Unknown;32;0;5.5;0;3~380 В;22.0;63.8;15;0;0;0;CatalogTable;Сайт производителя tsunami-pump.ru, карточка модели, вкладка «Графики производительности», серия GSA
Tsunami;GSA;GSA65-40-125/3;Unknown;50;0;3.0;0;3~380 В;35.0;;7;0;0;0;CatalogTable;Сайт производителя tsunami-pump.ru, карточка модели, вкладка «Графики производительности», серия GSA
Tsunami;GSA;GSA65-40-160/4;Unknown;50;0;4.0;0;3~380 В;40.0;40.6;15;0;0;0;CatalogTable;Сайт производителя tsunami-pump.ru, карточка модели, вкладка «Графики производительности», серия GSA
Tsunami;GSA;GSA65-40-200/11;Unknown;50;0;11.0;0;3~380 В;40.0;;8;0;0;0;CatalogTable;Сайт производителя tsunami-pump.ru, карточка модели, вкладка «Графики производительности», серия GSA
Tsunami;GSA;GSA65-40-200/5.5;Unknown;50;0;5.5;0;3~380 В;40.0;47.0;15;0;0;0;CatalogTable;Сайт производителя tsunami-pump.ru, карточка модели, вкладка «Графики производительности», серия GSA
Tsunami;GSA;GSA65-40-200/7.5;Unknown;50;0;7.5;0;3~380 В;40.0;51.5;15;0;0;0;CatalogTable;Сайт производителя tsunami-pump.ru, карточка модели, вкладка «Графики производительности», серия GSA
Tsunami;GSA;GSA65-50-125/3;Unknown;50;0;3.0;0;3~380 В;72.1;22.0;15;0;0;0;CatalogTable;Сайт производителя tsunami-pump.ru, карточка модели, вкладка «Графики производительности», серия GSA
Tsunami;GSA;GSA65-50-125/4;Unknown;50;0;4.0;0;3~380 В;50.0;;6;0;0;0;CatalogTable;Сайт производителя tsunami-pump.ru, карточка модели, вкладка «Графики производительности», серия GSA
Tsunami;GSA;GSA65-50-160/5.5;Unknown;50;0;5.5;0;3~380 В;72.1;32.9;15;0;0;0;CatalogTable;Сайт производителя tsunami-pump.ru, карточка модели, вкладка «Графики производительности», серия GSA
Tsunami;GSA;GSA65-50-200/11;Unknown;50;0;11.0;0;3~380 В;72.1;59.0;15;0;0;0;CatalogTable;Сайт производителя tsunami-pump.ru, карточка модели, вкладка «Графики производительности», серия GSA
Tsunami;GSA;GSA65-50-200/15;Unknown;50;0;15.0;0;3~380 В;70.0;73.0;15;0;0;0;CatalogTable;Сайт производителя tsunami-pump.ru, карточка модели, вкладка «Графики производительности», серия GSA
Tsunami;GSA;GSA65-50-200/18.5;Unknown;50;0;18.5;0;3~380 В;70.0;73.0;15;0;0;0;CatalogTable;Сайт производителя tsunami-pump.ru, карточка модели, вкладка «Графики производительности», серия GSA
Tsunami;GSA;GSA65-50-200/7.5;Unknown;50;0;7.5;0;3~380 В;72.1;40.0;15;0;0;0;CatalogTable;Сайт производителя tsunami-pump.ru, карточка модели, вкладка «Графики производительности», серия GSA
Tsunami;GSA;GSA65-50-200/9.2;Unknown;50;0;9.2;0;3~380 В;72.1;53.0;15;0;0;0;CatalogTable;Сайт производителя tsunami-pump.ru, карточка модели, вкладка «Графики производительности», серия GSA
Tsunami;GSA;GSA80-65-125/4;Unknown;50;0;4.0;0;3~380 В;113.8;;15;0;0;0;CatalogTable;Сайт производителя tsunami-pump.ru, карточка модели, вкладка «Графики производительности», серия GSA
Tsunami;GSA;GSA80-65-125/5.5;Unknown;65;0;5.5;0;3~380 В;125.7;;15;0;0;0;CatalogTable;Сайт производителя tsunami-pump.ru, карточка модели, вкладка «Графики производительности», серия GSA
Tsunami;GSA;GSA80-65-125/7.5;Unknown;65;0;7.5;0;3~380 В;131.7;;15;0;0;0;CatalogTable;Сайт производителя tsunami-pump.ru, карточка модели, вкладка «Графики производительности», серия GSA
Tsunami;GSA;GSA80-65-125/9.2;Unknown;65;0;9.2;0;3~380 В;131.7;;15;0;0;0;CatalogTable;Сайт производителя tsunami-pump.ru, карточка модели, вкладка «Графики производительности», серия GSA
Tsunami;GSA;GSA80-65-160/11;Unknown;65;0;11.0;0;3~380 В;137.7;;15;0;0;0;CatalogTable;Сайт производителя tsunami-pump.ru, карточка модели, вкладка «Графики производительности», серия GSA
Tsunami;GSA;GSA80-65-160/15;Unknown;65;0;15.0;0;3~380 В;137.7;;15;0;0;0;CatalogTable;Сайт производителя tsunami-pump.ru, карточка модели, вкладка «Графики производительности», серия GSA
Tsunami;GSA;GSA80-65-200/15;Unknown;65;0;15.0;0;3~380 В;131.5;;15;0;0;0;CatalogTable;Сайт производителя tsunami-pump.ru, карточка модели, вкладка «Графики производительности», серия GSA
Tsunami;GSA;GSA80-65-200/18.5;Unknown;65;0;18.5;0;3~380 В;137.7;;15;0;0;0;CatalogTable;Сайт производителя tsunami-pump.ru, карточка модели, вкладка «Графики производительности», серия GSA
Tsunami;GSA;GSA80-65-200/22;Unknown;65;0;22.0;0;3~380 В;137.7;;15;0;0;0;CatalogTable;Сайт производителя tsunami-pump.ru, карточка модели, вкладка «Графики производительности», серия GSA
Tsunami;GSA;GSA80-65-200/30;Unknown;65;0;30.0;0;3~380 В;137.7;;15;0;0;0;CatalogTable;Сайт производителя tsunami-pump.ru, карточка модели, вкладка «Графики производительности», серия GSA
Tsunami;GSA;GSAm50-32-160/1.1;Unknown;0;0;1.1;0;3~220 В;22.0;21.8;15;0;0;0;CatalogTable;Сайт производителя tsunami-pump.ru, карточка модели, вкладка «Графики производительности», серия GSA
Tsunami;GSA;GSAm50-32-160/1.5;Unknown;0;0;1.5;0;3~220 В;22.0;31.1;15;0;0;0;CatalogTable;Сайт производителя tsunami-pump.ru, карточка модели, вкладка «Графики производительности», серия GSA
Tsunami;GSA;GSAm50-32-160/2.2;Unknown;0;0;2.2;0;3~220 В;22.0;39.7;15;0;0;0;CatalogTable;Сайт производителя tsunami-pump.ru, карточка модели, вкладка «Графики производительности», серия GSA
Tsunami;GSA;GSAm65-40-125/1.5;Unknown;0;0;1.5;0;3~220 В;30.0;;6;0;0;0;CatalogTable;Сайт производителя tsunami-pump.ru, карточка модели, вкладка «Графики производительности», серия GSA
Tsunami;GSA;GSAm65-40-125/2.2;Unknown;0;0;2.2;0;3~220 В;35.0;;7;0;0;0;CatalogTable;Сайт производителя tsunami-pump.ru, карточка модели, вкладка «Графики производительности», серия GSA
Tsunami;GSA;GSAm65-50-125/3;Unknown;0;0;3.0;0;3~220 В;72.1;22.0;15;0;0;0;CatalogTable;Сайт производителя tsunami-pump.ru, карточка модели, вкладка «Графики производительности», серия GSA
Tsunami;HD;HHDC120S4H;Unknown;100;8.0;90.0;1450;3~380 В;205.2;;15;0;0;0;CatalogTable;Сайт производителя tsunami-pump.ru, карточка модели, вкладка «Графики производительности», серия HD
Tsunami;KRTK;KRTK 100-250/154;MultiChannel;100;0;15.0;1450;3~380 В;200.0;;5;0;0;0;CatalogTable;Сайт производителя tsunami-pump.ru, карточка модели, вкладка «Графики производительности», серия KRTK
Tsunami;KRTK;KRTK 100-315/154;MultiChannel;100;0;15.0;1450;3~380 В;250.0;;5;0;0;0;CatalogTable;Сайт производителя tsunami-pump.ru, карточка модели, вкладка «Графики производительности», серия KRTK
Tsunami;KRTK;KRTK 100-400/554;MultiChannel;100;0;55.0;1450;3~380 В;280.0;;4;0;0;0;CatalogTable;Сайт производителя tsunami-pump.ru, карточка модели, вкладка «Графики производительности», серия KRTK
Tsunami;KRTK;KRTK 150-315/154;MultiChannel;150;0;15.0;1450;3~380 В;500.0;;5;0;0;0;CatalogTable;Сайт производителя tsunami-pump.ru, карточка модели, вкладка «Графики производительности», серия KRTK
Tsunami;KRTK;KRTK 150-400/376;MultiChannel;150;0;37.0;980;3~380 В;540.0;;5;0;0;0;CatalogTable;Сайт производителя tsunami-pump.ru, карточка модели, вкладка «Графики производительности», серия KRTK
Tsunami;KRTK;KRTK 150-400/904;MultiChannel;150;0;90.0;2900;3~380 В;800.0;;5;0;0;0;CatalogTable;Сайт производителя tsunami-pump.ru, карточка модели, вкладка «Графики производительности», серия KRTK
Tsunami;KRTK;KRTK 200-250/154;MultiChannel;200;0;15.0;1450;3~380 В;400.0;;5;0;0;0;CatalogTable;Сайт производителя tsunami-pump.ru, карточка модели, вкладка «Графики производительности», серия KRTK
Tsunami;KRTK;KRTK 200-400/1324;MultiChannel;200;0;132.0;1450;3~380 В;1000.0;;5;0;0;0;CatalogTable;Сайт производителя tsunami-pump.ru, карточка модели, вкладка «Графики производительности», серия KRTK
Tsunami;KRTK;KRTK 200-400/376;MultiChannel;200;0;37.0;980;3~380 В;700.0;;4;0;0;0;CatalogTable;Сайт производителя tsunami-pump.ru, карточка модели, вкладка «Графики производительности», серия KRTK
Tsunami;KRTK;KRTK 250-290/454;MultiChannel;250;0;45.0;1450;3~380 В;1100.0;;5;0;0;0;CatalogTable;Сайт производителя tsunami-pump.ru, карточка модели, вкладка «Графики производительности», серия KRTK
Tsunami;KRTK;KRTK 250-400/1604;MultiChannel;250;0;160.0;1450;3~380 В;1200.0;;5;0;0;0;CatalogTable;Сайт производителя tsunami-pump.ru, карточка модели, вкладка «Графики производительности», серия KRTK
Tsunami;KRTK;KRTK 300-350/1324;MultiChannel;300;0;132.0;1450;3~380 В;1900.0;;5;0;0;0;CatalogTable;Сайт производителя tsunami-pump.ru, карточка модели, вкладка «Графики производительности», серия KRTK
Tsunami;KRTK;KRTK 300-350/376;MultiChannel;300;0;37.0;980;3~380 В;1250.0;;5;0;0;0;CatalogTable;Сайт производителя tsunami-pump.ru, карточка модели, вкладка «Графики производительности», серия KRTK
Tsunami;KRTK;KRTK 50-160/42;MultiChannel;50;0;4.0;2900;3~380 В;20.0;;5;0;0;0;CatalogTable;Сайт производителя tsunami-pump.ru, карточка модели, вкладка «Графики производительности», серия KRTK
Tsunami;KRTK;KRTK 50-170/2.2 2 Top;MultiChannel;50;0;2.2;2900;3~220 В;25.0;;5;0;0;0;CatalogTable;Сайт производителя tsunami-pump.ru, карточка модели, вкладка «Графики производительности», серия KRTK
Tsunami;KRTK;KRTK 500-540/2756;MultiChannel;500;0;275.0;980;3~660 В;5000.0;;6;0;0;0;CatalogTable;Сайт производителя tsunami-pump.ru, карточка модели, вкладка «Графики производительности», серия KRTK
Tsunami;KRTK;KRTK 80-315/242;MultiChannel;80;0;22.0;2900;3~380 В;200.0;;6;0;0;0;CatalogTable;Сайт производителя tsunami-pump.ru, карточка модели, вкладка «Графики производительности», серия KRTK
Tsunami;KRTK;KRTК 40-250/242;MultiChannel;40;0;22.0;2900;3~380 В;50.0;;5;0;0;0;CatalogTable;Сайт производителя tsunami-pump.ru, карточка модели, вкладка «Графики производительности», серия KRTK
Tsunami;KTD;KTD21.5;Unknown;50;10.0;1.5;0;3~380 В;29.9;20.0;15;0;0;0;CatalogTable;Сайт производителя tsunami-pump.ru, карточка модели, вкладка «Графики производительности», серия KTD
Tsunami;KTD;KTD22.2;Unknown;50;10.0;2.2;0;3~380 В;29.9;24.9;15;0;0;0;CatalogTable;Сайт производителя tsunami-pump.ru, карточка модели, вкладка «Графики производительности», серия KTD
Tsunami;KTD;KTD33.7;Unknown;80;10.0;3.7;0;3~380 В;59.9;30.0;15;0;0;0;CatalogTable;Сайт производителя tsunami-pump.ru, карточка модели, вкладка «Графики производительности», серия KTD
Tsunami;KTD;KTD43.7;Unknown;100;10.0;3.7;0;3~380 В;90.1;18.0;15;0;0;0;CatalogTable;Сайт производителя tsunami-pump.ru, карточка модели, вкладка «Графики производительности», серия KTD
Tsunami;KTDE;KTDE21.5;Unknown;50;10.0;1.5;0;3~380 В;29.9;20.0;15;0;0;0;CatalogTable;Сайт производителя tsunami-pump.ru, карточка модели, вкладка «Графики производительности», серия KTDE
Tsunami;KTDE;KTDE22.2;Unknown;50;10.0;2.2;0;3~380 В;29.9;24.9;15;0;0;0;CatalogTable;Сайт производителя tsunami-pump.ru, карточка модели, вкладка «Графики производительности», серия KTDE
Tsunami;KTDE;KTDE33.7;Unknown;80;10.0;3.7;0;3~380 В;59.9;30.0;15;0;0;0;CatalogTable;Сайт производителя tsunami-pump.ru, карточка модели, вкладка «Графики производительности», серия KTDE
Tsunami;KTDE;KTDE43.7;Unknown;100;10.0;3.7;0;3~380 В;90.1;18.0;15;0;0;0;CatalogTable;Сайт производителя tsunami-pump.ru, карточка модели, вкладка «Графики производительности», серия KTDE
Tsunami;KTS;100KTS46;Unknown;100;30.0;6.0;1450;3~380 В;144.4;17.0;15;0;0;0;CatalogTable;Сайт производителя tsunami-pump.ru, карточка модели, вкладка «Графики производительности», серия KTS
Tsunami;KTS;150KTS411;Unknown;150;30.0;11.0;1450;3~380 В;222.3;22.0;15;0;0;0;CatalogTable;Сайт производителя tsunami-pump.ru, карточка модели, вкладка «Графики производительности», серия KTS
Tsunami;KTS;150KTS49;Unknown;150;30.0;9.0;1450;3~380 В;192.1;21.6;15;0;0;0;CatalogTable;Сайт производителя tsunami-pump.ru, карточка модели, вкладка «Графики производительности», серия KTS
Tsunami;KTS;200KTS415;Unknown;200;30.0;15.0;1450;3~380 В;369.0;22.0;15;0;0;0;CatalogTable;Сайт производителя tsunami-pump.ru, карточка модели, вкладка «Графики производительности», серия KTS
Tsunami;KTS;200KTS422;Unknown;200;30.0;22.0;1450;3~380 В;363.5;32.0;15;0;0;0;CatalogTable;Сайт производителя tsunami-pump.ru, карточка модели, вкладка «Графики производительности», серия KTS
Tsunami;KTS;80KTS44;Unknown;80;30.0;4.0;1450;3~380 В;98.5;14.7;15;0;0;0;CatalogTable;Сайт производителя tsunami-pump.ru, карточка модели, вкладка «Графики производительности», серия KTS
Tsunami;KTZ;KTZ21.5;Unknown;50;0;1.5;0;3~380 В;26.9;22.0;15;0;0;0;CatalogTable;Сайт производителя tsunami-pump.ru, карточка модели, вкладка «Графики производительности», серия KTZ
Tsunami;KTZ;KTZ22.2;Unknown;50;0;2.2;0;3~380 В;33.5;26.0;15;0;0;0;CatalogTable;Сайт производителя tsunami-pump.ru, карточка модели, вкладка «Графики производительности», серия KTZ
Tsunami;KTZ;KTZ23.7;Unknown;50;0;3.7;0;3~380 В;33.6;34.0;15;0;0;0;CatalogTable;Сайт производителя tsunami-pump.ru, карточка модели, вкладка «Графики производительности», серия KTZ
Tsunami;KTZ;KTZ31.5;Unknown;80;0;1.5;0;3~380 В;40.0;14.6;15;0;0;0;CatalogTable;Сайт производителя tsunami-pump.ru, карточка модели, вкладка «Графики производительности», серия KTZ
Tsunami;KTZ;KTZ32.2;Unknown;80;0;2.2;0;3~380 В;55.0;19.0;15;0;0;0;CatalogTable;Сайт производителя tsunami-pump.ru, карточка модели, вкладка «Графики производительности», серия KTZ
Tsunami;KTZ;KTZ35.5;Unknown;80;0;5.5;0;3~380 В;74.9;34.0;15;0;0;0;CatalogTable;Сайт производителя tsunami-pump.ru, карточка модели, вкладка «Графики производительности», серия KTZ
Tsunami;KTZ;KTZ411;Unknown;100;0;11.0;0;3~380 В;87.7;48.5;15;0;0;0;CatalogTable;Сайт производителя tsunami-pump.ru, карточка модели, вкладка «Графики производительности», серия KTZ
Tsunami;KTZ;KTZ415;Unknown;100;0;15.0;0;3~380 В;87.7;56.2;15;0;0;0;CatalogTable;Сайт производителя tsunami-pump.ru, карточка модели, вкладка «Графики производительности», серия KTZ
Tsunami;KTZ;KTZ43.7;Unknown;100;0;3.7;0;3~380 В;90.0;18.5;15;0;0;0;CatalogTable;Сайт производителя tsunami-pump.ru, карточка модели, вкладка «Графики производительности», серия KTZ
Tsunami;KTZ;KTZ45.5;Unknown;100;0;5.5;0;3~380 В;105.0;23.1;15;0;0;0;CatalogTable;Сайт производителя tsunami-pump.ru, карточка модели, вкладка «Графики производительности», серия KTZ
Tsunami;KTZ;KTZ47.5;Unknown;100;0;7.5;0;3~380 В;87.7;39.9;15;0;0;0;CatalogTable;Сайт производителя tsunami-pump.ru, карточка модели, вкладка «Графики производительности», серия KTZ
Tsunami;KTZ;KTZ611;Unknown;150;0;11.0;0;3~380 В;147.7;32.4;15;0;0;0;CatalogTable;Сайт производителя tsunami-pump.ru, карточка модели, вкладка «Графики производительности», серия KTZ
Tsunami;KTZ;KTZ615;Unknown;150;0;15.0;0;3~380 В;155.7;39.9;15;0;0;0;CatalogTable;Сайт производителя tsunami-pump.ru, карточка модели, вкладка «Графики производительности», серия KTZ
Tsunami;KTZ;KTZ67.5;Unknown;150;0;7.5;0;3~380 В;124.2;30.9;15;0;0;0;CatalogTable;Сайт производителя tsunami-pump.ru, карточка модели, вкладка «Графики производительности», серия KTZ
Tsunami;KTZE;KTZE21.5;Unknown;50;8.5;1.5;0;3~380 В;27.0;22.0;15;0;0;0;CatalogTable;Сайт производителя tsunami-pump.ru, карточка модели, вкладка «Графики производительности», серия KTZE
Tsunami;KTZE;KTZE22.2;Unknown;50;8.5;2.2;0;3~380 В;33.5;26.0;15;0;0;0;CatalogTable;Сайт производителя tsunami-pump.ru, карточка модели, вкладка «Графики производительности», серия KTZE
Tsunami;KTZE;KTZE23.7;Unknown;50;8.5;3.7;0;3~380 В;33.6;34.0;15;0;0;0;CatalogTable;Сайт производителя tsunami-pump.ru, карточка модели, вкладка «Графики производительности», серия KTZE
Tsunami;KTZE;KTZE31.5;Unknown;80;8.5;1.5;0;3~380 В;40.0;14.6;15;0;0;0;CatalogTable;Сайт производителя tsunami-pump.ru, карточка модели, вкладка «Графики производительности», серия KTZE
Tsunami;KTZE;KTZE32.2;Unknown;80;8.5;2.2;0;3~380 В;55.0;19.0;15;0;0;0;CatalogTable;Сайт производителя tsunami-pump.ru, карточка модели, вкладка «Графики производительности», серия KTZE
Tsunami;KTZE;KTZE33.7;Unknown;80;8.5;3.7;0;3~380 В;55.0;29.1;15;0;0;0;CatalogTable;Сайт производителя tsunami-pump.ru, карточка модели, вкладка «Графики производительности», серия KTZE
Tsunami;KTZE;KTZE35.5;Unknown;100;8.5;5.5;0;3~380 В;74.9;34.0;15;0;0;0;CatalogTable;Сайт производителя tsunami-pump.ru, карточка модели, вкладка «Графики производительности», серия KTZE
Tsunami;KTZE;KTZE43.7;Unknown;100;8.5;3.7;0;3~380 В;90.0;18.5;15;0;0;0;CatalogTable;Сайт производителя tsunami-pump.ru, карточка модели, вкладка «Графики производительности», серия KTZE
Tsunami;KTZE;KTZE45.5;Unknown;100;8.5;5.5;0;3~380 В;105.0;23.1;15;0;0;0;CatalogTable;Сайт производителя tsunami-pump.ru, карточка модели, вкладка «Графики производительности», серия KTZE
Tsunami;NTZ;NTZ32.2;Unknown;80;20.0;2.2;0;3~380 В;71.6;12.0;15;0;0;0;CatalogTable;Сайт производителя tsunami-pump.ru, карточка модели, вкладка «Графики производительности», серия NTZ
Tsunami;NTZ;NTZ33.7;Unknown;80;20.0;3.7;0;3~380 В;84.9;15.1;15;0;0;0;CatalogTable;Сайт производителя tsunami-pump.ru, карточка модели, вкладка «Графики производительности», серия NTZ
Tsunami;NTZ;NTZ411;Unknown;100;30.0;11.0;0;3~380 В;162.1;26.8;15;0;0;0;CatalogTable;Сайт производителя tsunami-pump.ru, карточка модели, вкладка «Графики производительности», серия NTZ
Tsunami;NTZ;NTZ43.7;Unknown;100;20.0;3.7;0;3~380 В;112.8;15.1;15;0;0;0;CatalogTable;Сайт производителя tsunami-pump.ru, карточка модели, вкладка «Графики производительности», серия NTZ
Tsunami;NTZ;NTZ45.5;Unknown;100;30.0;5.5;0;3~380 В;138.3;18.5;15;0;0;0;CatalogTable;Сайт производителя tsunami-pump.ru, карточка модели, вкладка «Графики производительности», серия NTZ
Tsunami;NTZ;NTZ611;Unknown;150;20.0;11.0;0;3~380 В;226.6;21.9;15;0;0;0;CatalogTable;Сайт производителя tsunami-pump.ru, карточка модели, вкладка «Графики производительности», серия NTZ
Tsunami;Ni-Hard;Ni-Hard 4NSS10S4A (Handy);Unknown;100;0;7.5;1450;3~380 В;100.0;17.95;12;0;0;0;CatalogTable;Сайт производителя tsunami-pump.ru, карточка модели, вкладка «Графики производительности», серия Ni-Hard
Tsunami;Ni-Hard;Ni-Hard 4NSS15S4A (Junior);Unknown;100;0;11.0;1450;3~380 В;130.1;23.78;12;0;0;0;CatalogTable;Сайт производителя tsunami-pump.ru, карточка модели, вкладка «Графики производительности», серия Ni-Hard
Tsunami;Ni-Hard;Ni-Hard 4NSS20S4A (Maximo);Unknown;100;0;15.0;1450;3~380 В;150.1;24.46;12;0;0;0;CatalogTable;Сайт производителя tsunami-pump.ru, карточка модели, вкладка «Графики производительности», серия Ni-Hard
Tsunami;Ni-Hard;Ni-Hard 4NSS30S4A (Maximo XL);Unknown;100;0;22.0;1450;3~380 В;120.5;34.04;12;0;0;0;CatalogTable;Сайт производителя tsunami-pump.ru, карточка модели, вкладка «Графики производительности», серия Ni-Hard
Tsunami;Ni-Hard;Ni-Hard 4NSS40S4B (Terminator H);Unknown;100;0;30.0;1450;3~380 В;200.8;37.97;12;0;0;0;CatalogTable;Сайт производителя tsunami-pump.ru, карточка модели, вкладка «Графики производительности», серия Ni-Hard
Tsunami;Ni-Hard;Ni-Hard 4NSS40S4C (Terminator HH);Unknown;100;0;30.0;1450;3~380 В;150.5;59.99;12;0;0;0;CatalogTable;Сайт производителя tsunami-pump.ru, карточка модели, вкладка «Графики производительности», серия Ni-Hard
Tsunami;Ni-Hard;Ni-Hard 4NSS50S6A (Commando);Unknown;150;0;37.0;1450;3~380 В;320.7;29.98;12;0;0;0;CatalogTable;Сайт производителя tsunami-pump.ru, карточка модели, вкладка «Графики производительности», серия Ni-Hard
Tsunami;Ni-Hard;Ni-Hard 4NSS60S6A (Destroyer);Unknown;150;0;45.0;1450;3~380 В;360.7;30.5;12;0;0;0;CatalogTable;Сайт производителя tsunami-pump.ru, карточка модели, вкладка «Графики производительности», серия Ni-Hard
Tsunami;Ni-Hard;Ni-Hard 4NSS85S6A (Finisher);Unknown;150;0;63.5;1450;3~380 В;420.8;30.97;12;0;0;0;CatalogTable;Сайт производителя tsunami-pump.ru, карточка модели, вкладка «Графики производительности», серия Ni-Hard
Tsunami;Ni-Hard;Ni-Hard 6NSS120S6B (Excavator M);Unknown;150;0;90.0;960;3~380 В;460.7;37.98;12;0;0;0;CatalogTable;Сайт производителя tsunami-pump.ru, карточка модели, вкладка «Графики производительности», серия Ni-Hard
Tsunami;Ni-Hard;Ni-Hard 6NSS120S6C (Excavator H);Unknown;150;0;90.0;960;3~380 В;400.6;53.98;12;0;0;0;CatalogTable;Сайт производителя tsunami-pump.ru, карточка модели, вкладка «Графики производительности», серия Ni-Hard
Tsunami;Ni-Hard;Ni-Hard 6NSS150S8B (Ultimate M);Unknown;200;0;112.0;960;3~380 В;700.3;39.97;12;0;0;0;CatalogTable;Сайт производителя tsunami-pump.ru, карточка модели, вкладка «Графики производительности», серия Ni-Hard
Tsunami;Ni-Hard;Ni-Hard 6NSS150S8C (Ultimate H);Unknown;200;0;112.0;960;3~380 В;680.3;53.98;12;0;0;0;CatalogTable;Сайт производителя tsunami-pump.ru, карточка модели, вкладка «Графики производительности», серия Ni-Hard
Tsunami;Ni-Hard (с рубашкой);Ni-Hard 4NSSCJ10S4A (Handy с рубашкой охлаждения);Unknown;100;0;7.5;1450;3~380 В;100.0;17.95;12;0;0;0;CatalogTable;Сайт производителя tsunami-pump.ru, карточка модели, вкладка «Графики производительности», серия Ni-Hard (с рубашкой)
Tsunami;Ni-Hard (с рубашкой);Ni-Hard 4NSSCJ15S4A (Junior с рубашкой охлаждения);Unknown;100;0;11.0;1450;3~380 В;130.1;23.78;12;0;0;0;CatalogTable;Сайт производителя tsunami-pump.ru, карточка модели, вкладка «Графики производительности», серия Ni-Hard (с рубашкой)
Tsunami;Ni-Hard (с рубашкой);Ni-Hard 4NSSCJ20S4A (Maximo с рубашкой охлаждения);Unknown;100;0;15.0;1450;3~380 В;150.1;24.46;12;0;0;0;CatalogTable;Сайт производителя tsunami-pump.ru, карточка модели, вкладка «Графики производительности», серия Ni-Hard (с рубашкой)
Tsunami;Ni-Hard (с рубашкой);Ni-Hard 4NSSCJ30S4A (Maximo XL с рубашкой охлаждения);Unknown;100;0;22.0;1450;3~380 В;120.5;34.04;12;0;0;0;CatalogTable;Сайт производителя tsunami-pump.ru, карточка модели, вкладка «Графики производительности», серия Ni-Hard (с рубашкой)
Tsunami;Ni-Hard (с рубашкой);Ni-Hard 4NSSCJ40S4B (Terminator H с рубашкой охлаждения);Unknown;100;0;30.0;1450;3~380 В;200.8;37.97;12;0;0;0;CatalogTable;Сайт производителя tsunami-pump.ru, карточка модели, вкладка «Графики производительности», серия Ni-Hard (с рубашкой)
Tsunami;Ni-Hard (с рубашкой);Ni-Hard 4NSSCJ40S4C (Terminator HH с рубашкой охлаждения);Unknown;100;0;30.0;1450;3~380 В;150.5;59.99;12;0;0;0;CatalogTable;Сайт производителя tsunami-pump.ru, карточка модели, вкладка «Графики производительности», серия Ni-Hard (с рубашкой)
Tsunami;Ni-Hard (с рубашкой);Ni-Hard 4NSSCJ50S6A (Commando с рубашкой охлаждения);Unknown;150;0;37.0;1450;3~380 В;320.7;29.98;12;0;0;0;CatalogTable;Сайт производителя tsunami-pump.ru, карточка модели, вкладка «Графики производительности», серия Ni-Hard (с рубашкой)
Tsunami;Ni-Hard (с рубашкой);Ni-Hard 4NSSCJ60S6A (Destroyer с рубашкой охлаждения);Unknown;150;0;45.0;1450;3~380 В;360.7;30.5;12;0;0;0;CatalogTable;Сайт производителя tsunami-pump.ru, карточка модели, вкладка «Графики производительности», серия Ni-Hard (с рубашкой)
Tsunami;QNS;100QNS411;Unknown;100;30.0;11.0;1450;3~380 В;172.7;;15;0;0;0;CatalogTable;Сайт производителя tsunami-pump.ru, карточка модели, вкладка «Графики производительности», серия QNS
Tsunami;QNS;100QNS415;Unknown;100;30.0;15.0;1450;3~380 В;198.9;;15;0;0;0;CatalogTable;Сайт производителя tsunami-pump.ru, карточка модели, вкладка «Графики производительности», серия QNS
Tsunami;QNS;100QNS45.5;Unknown;100;30.0;5.5;1450;3~380 В;128.3;;15;0;0;0;CatalogTable;Сайт производителя tsunami-pump.ru, карточка модели, вкладка «Графики производительности», серия QNS
Tsunami;QNS;100QNS47.5;Unknown;100;30.0;7.5;1450;3~380 В;145.5;;15;0;0;0;CatalogTable;Сайт производителя tsunami-pump.ru, карточка модели, вкладка «Графики производительности», серия QNS
Tsunami;QNS;150QNS411;Unknown;150;30.0;11.0;1450;3~380 В;220.8;;15;0;0;0;CatalogTable;Сайт производителя tsunami-pump.ru, карточка модели, вкладка «Графики производительности», серия QNS
Tsunami;QNS;150QNS415;Unknown;150;30.0;15.0;1450;3~380 В;257.6;;15;0;0;0;CatalogTable;Сайт производителя tsunami-pump.ru, карточка модели, вкладка «Графики производительности», серия QNS
Tsunami;QNS;150QNS419;Unknown;150;30.0;19.0;1450;3~380 В;334.0;;15;0;0;0;CatalogTable;Сайт производителя tsunami-pump.ru, карточка модели, вкладка «Графики производительности», серия QNS
Tsunami;QNS;150QNS422;Unknown;150;30.0;22.0;1450;3~380 В;332.9;;15;0;0;0;CatalogTable;Сайт производителя tsunami-pump.ru, карточка модели, вкладка «Графики производительности», серия QNS
Tsunami;QNS;150QNS430;Unknown;150;30.0;30.0;1450;3~380 В;358.1;;15;0;0;0;CatalogTable;Сайт производителя tsunami-pump.ru, карточка модели, вкладка «Графики производительности», серия QNS
Tsunami;QNS;150QNS437;Unknown;150;30.0;37.0;1450;3~380 В;358.1;;15;0;0;0;CatalogTable;Сайт производителя tsunami-pump.ru, карточка модели, вкладка «Графики производительности», серия QNS
Tsunami;QNS;150QNS445;Unknown;150;30.0;45.0;1450;3~380 В;399.9;;15;0;0;0;CatalogTable;Сайт производителя tsunami-pump.ru, карточка модели, вкладка «Графики производительности», серия QNS
Tsunami;QNS;200QNS419;Unknown;200;30.0;19.0;1450;3~380 В;334.0;;15;0;0;0;CatalogTable;Сайт производителя tsunami-pump.ru, карточка модели, вкладка «Графики производительности», серия QNS
Tsunami;QNS;200QNS422;Unknown;200;30.0;22.0;1450;3~380 В;348.1;;15;0;0;0;CatalogTable;Сайт производителя tsunami-pump.ru, карточка модели, вкладка «Графики производительности», серия QNS
Tsunami;QNS;200QNS455;Unknown;200;40.0;55.0;1450;3~380 В;582.0;47.9;15;0;0;0;CatalogTable;Сайт производителя tsunami-pump.ru, карточка модели, вкладка «Графики производительности», серия QNS
Tsunami;QNS;200QNS475;Unknown;200;40.0;75.0;1450;3~380 В;605.7;57.1;15;0;0;0;CatalogTable;Сайт производителя tsunami-pump.ru, карточка модели, вкладка «Графики производительности», серия QNS
Tsunami;QNS;80QNS42.2;Unknown;80;20.0;2.2;1450;3~380 В;67.1;;15;0;0;0;CatalogTable;Сайт производителя tsunami-pump.ru, карточка модели, вкладка «Графики производительности», серия QNS
Tsunami;QNS;80QNS43.7;Unknown;80;20.0;3.7;1450;3~380 В;78.6;;15;0;0;0;CatalogTable;Сайт производителя tsunami-pump.ru, карточка модели, вкладка «Графики производительности», серия QNS
Tsunami;QXN;QXN10/2-2.2;Unknown;50;6.0;2.2;0;3~380 В;27.76;38.71;12;0;0;0;CatalogTable;Сайт производителя tsunami-pump.ru, карточка модели, вкладка «Графики производительности», серия QXN
Tsunami;QXN;QXN10/3-3;Unknown;50;6.0;3.0;0;3~380 В;28.05;50.94;12;0;0;0;CatalogTable;Сайт производителя tsunami-pump.ru, карточка модели, вкладка «Графики производительности», серия QXN
Tsunami;QXN;QXN12.5/3-4;Unknown;50;6.0;4.0;0;3~380 В;29.98;57.62;12;0;0;0;CatalogTable;Сайт производителя tsunami-pump.ru, карточка модели, вкладка «Графики производительности», серия QXN
Tsunami;QXN;QXN15/3-5.5;Unknown;50;6.0;5.5;0;3~380 В;32.09;68.9;12;0;0;0;CatalogTable;Сайт производителя tsunami-pump.ru, карточка модели, вкладка «Графики производительности», серия QXN
Tsunami;QXN;QXN20/3-11;Unknown;65;6.0;11.0;0;3~380 В;50.11;106.28;12;0;0;0;CatalogTable;Сайт производителя tsunami-pump.ru, карточка модели, вкладка «Графики производительности», серия QXN
Tsunami;QXN;QXN20/4-15;Unknown;65;6.0;15.0;0;3~380 В;50.11;142.61;12;0;0;0;CatalogTable;Сайт производителя tsunami-pump.ru, карточка модели, вкладка «Графики производительности», серия QXN
Tsunami;QXN;QXN20/5-18.5;Unknown;65;6.0;18.5;0;3~380 В;50.11;178.53;12;0;0;0;CatalogTable;Сайт производителя tsunami-pump.ru, карточка модели, вкладка «Графики производительности», серия QXN
Tsunami;QXN;QXN20/6-22;Unknown;65;6.0;22.0;0;3~380 В;50.11;203.77;12;0;0;0;CatalogTable;Сайт производителя tsunami-pump.ru, карточка модели, вкладка «Графики производительности», серия QXN
Tsunami;QXN;QXN25/1-2.2;Unknown;65;6.0;2.2;0;3~380 В;38.51;23.65;12;0;0;0;CatalogTable;Сайт производителя tsunami-pump.ru, карточка модели, вкладка «Графики производительности», серия QXN
Tsunami;QXN;QXN25/2-3;Unknown;65;6.0;3.0;0;3~380 В;38.64;34.24;12;0;0;0;CatalogTable;Сайт производителя tsunami-pump.ru, карточка модели, вкладка «Графики производительности», серия QXN
Tsunami;QXN;QXN25/2-4;Unknown;65;6.0;4.0;0;3~380 В;39.94;43.81;12;0;0;0;CatalogTable;Сайт производителя tsunami-pump.ru, карточка модели, вкладка «Графики производительности», серия QXN
Tsunami;QXN;QXN25/3-5.5;Unknown;65;6.0;5.5;0;3~380 В;39.94;64.32;12;0;0;0;CatalogTable;Сайт производителя tsunami-pump.ru, карточка модели, вкладка «Графики производительности», серия QXN
Tsunami;QXN;QXN25/4-7.5;Unknown;65;6.0;7.5;0;3~380 В;43.03;83.15;12;0;0;0;CatalogTable;Сайт производителя tsunami-pump.ru, карточка модели, вкладка «Графики производительности», серия QXN
Tsunami;QXN;QXN25/5-9.2;Unknown;65;6.0;9.2;0;3~380 В;43.57;103.92;12;0;0;0;CatalogTable;Сайт производителя tsunami-pump.ru, карточка модели, вкладка «Графики производительности», серия QXN
Tsunami;QXN;QXN40/2-11;Unknown;80;8.0;11.0;0;3~380 В;89.64;63.78;12;0;0;0;CatalogTable;Сайт производителя tsunami-pump.ru, карточка модели, вкладка «Графики производительности», серия QXN
Tsunami;QXN;QXN40/3-15;Unknown;80;8.0;15.0;0;3~380 В;89.64;90.12;12;0;0;0;CatalogTable;Сайт производителя tsunami-pump.ru, карточка модели, вкладка «Графики производительности», серия QXN
Tsunami;QXN;QXN40/3-18.5;Unknown;80;8.0;18.5;0;3~380 В;89.64;108.48;12;0;0;0;CatalogTable;Сайт производителя tsunami-pump.ru, карточка модели, вкладка «Графики производительности», серия QXN
Tsunami;QXN;QXN40/4-22;Unknown;80;8.0;22.0;0;3~380 В;89.64;128.02;12;0;0;0;CatalogTable;Сайт производителя tsunami-pump.ru, карточка модели, вкладка «Графики производительности», серия QXN
Tsunami;QXN;QXN40/4-25;Unknown;80;8.0;25.0;0;3~380 В;89.64;143.31;12;0;0;0;CatalogTable;Сайт производителя tsunami-pump.ru, карточка модели, вкладка «Графики производительности», серия QXN
Tsunami;QXN;QXN60/2-15;Unknown;100;10.0;15.0;0;3~380 В;89.64;73.24;12;0;0;0;CatalogTable;Сайт производителя tsunami-pump.ru, карточка модели, вкладка «Графики производительности», серия QXN
Tsunami;QXN;QXN60/2-18.5;Unknown;100;10.0;18.5;0;3~380 В;89.64;81.5;12;0;0;0;CatalogTable;Сайт производителя tsunami-pump.ru, карточка модели, вкладка «Графики производительности», серия QXN
Tsunami;QXN;QXN60/3-25;Unknown;100;10.0;25.0;0;3~380 В;90.08;123.25;12;0;0;0;CatalogTable;Сайт производителя tsunami-pump.ru, карточка модели, вкладка «Графики производительности», серия QXN
Tsunami;TU;100TU411;Vortex;100;0;11.0;0;3~380 В;188.7;18.0;15;0;0;0;CatalogTable;Сайт производителя tsunami-pump.ru, карточка модели, вкладка «Графики производительности», серия TU
Tsunami;TU;100TU45.5;Vortex;100;0;5.5;0;3~380 В;133.5;13.9;15;0;0;0;CatalogTable;Сайт производителя tsunami-pump.ru, карточка модели, вкладка «Графики производительности», серия TU
Tsunami;TU;100TU47.5;Vortex;100;0;7.5;0;3~380 В;165.2;15.3;15;0;0;0;CatalogTable;Сайт производителя tsunami-pump.ru, карточка модели, вкладка «Графики производительности», серия TU
Tsunami;TU;65TU22.2;Vortex;65;0;2.2;0;3~380 В;35.0;16.0;15;0;0;0;CatalogTable;Сайт производителя tsunami-pump.ru, карточка модели, вкладка «Графики производительности», серия TU
Tsunami;TU;65TU23.0;Vortex;65;0;3.0;0;3~380 В;40.0;19.8;15;0;0;0;CatalogTable;Сайт производителя tsunami-pump.ru, карточка модели, вкладка «Графики производительности», серия TU
Tsunami;TU;80TU24.0;Vortex;80;0;4.0;0;3~380 В;65.0;;15;0;0;0;CatalogTable;Сайт производителя tsunami-pump.ru, карточка модели, вкладка «Графики производительности», серия TU
Tsunami;TU;80TU25.5;Vortex;80;0;5.5;0;3~380 В;70.0;23.0;15;0;0;0;CatalogTable;Сайт производителя tsunami-pump.ru, карточка модели, вкладка «Графики производительности», серия TU
Tsunami;TU;80TU45.5;Vortex;80;0;5.5;0;3~380 В;95.3;15.2;15;0;0;0;CatalogTable;Сайт производителя tsunami-pump.ru, карточка модели, вкладка «Графики производительности», серия TU
Tsunami;TU;80TU47.5;Vortex;80;0;7.5;0;3~380 В;114.4;17.1;15;0;0;0;CatalogTable;Сайт производителя tsunami-pump.ru, карточка модели, вкладка «Графики производительности», серия TU
Tsunami;V;V1100(F);Unknown;50;0;1.1;2850;3~220 В;20.81;12.24;12;0;0;0;CatalogTable;Сайт производителя tsunami-pump.ru, карточка модели, вкладка «Графики производительности», серия V
Tsunami;V;"V1500-2""(F)";Unknown;50;0;1.5;2850;3~220 В;29.56;15.08;12;0;0;0;CatalogTable;Сайт производителя tsunami-pump.ru, карточка модели, вкладка «Графики производительности», серия V
Tsunami;V;"V1500-3""";Unknown;80;0;1.5;2850;3~220 В;28.57;17.15;12;0;0;0;CatalogTable;Сайт производителя tsunami-pump.ru, карточка модели, вкладка «Графики производительности», серия V
Tsunami;V;"V1500-3""(F)";Unknown;80;0;1.5;2850;3~220 В;40.38;15.23;12;0;0;0;CatalogTable;Сайт производителя tsunami-pump.ru, карточка модели, вкладка «Графики производительности», серия V
Tsunami;V;"V2200-3""";Unknown;80;0;2.2;2850;3~220 В;45.07;17.9;12;0;0;0;CatalogTable;Сайт производителя tsunami-pump.ru, карточка модели, вкладка «Графики производительности», серия V
Tsunami;V;"V2200-4""";Unknown;100;0;2.2;2850;3~220 В;53.1;20.49;12;0;0;0;CatalogTable;Сайт производителя tsunami-pump.ru, карточка модели, вкладка «Графики производительности», серия V
Tsunami;V;V370(F);Unknown;40;0;0.37;2850;3~220 В;9.6;9.26;12;0;0;0;CatalogTable;Сайт производителя tsunami-pump.ru, карточка модели, вкладка «Графики производительности», серия V
Tsunami;V;V750(F);Unknown;50;0;0.75;2850;3~220 В;18.42;11.43;12;0;0;0;CatalogTable;Сайт производителя tsunami-pump.ru, карточка модели, вкладка «Графики производительности», серия V
Tsunami;V;V750-3(F);Unknown;80;0;0.75;2850;3~220 В;26.7;10.9;12;0;0;0;CatalogTable;Сайт производителя tsunami-pump.ru, карточка модели, вкладка «Графики производительности», серия V
Tsunami;WL;100WL80-10-4;MultiChannel;100;0;4.0;1440;3~380 В;100.0;;8;8;8;0;CatalogTable;Сайт производителя tsunami-pump.ru, карточка модели, вкладка «Графики производительности», серия WL
Tsunami;WL;100WL80-13-5.5;MultiChannel;100;0;5.5;1440;3~380 В;100.0;;8;8;8;0;CatalogTable;Сайт производителя tsunami-pump.ru, карточка модели, вкладка «Графики производительности», серия WL
Tsunami;WL;100WL80-18-7.5;MultiChannel;100;0;7.5;1440;3~380 В;100.0;;8;8;8;0;CatalogTable;Сайт производителя tsunami-pump.ru, карточка модели, вкладка «Графики производительности», серия WL
Tsunami;WL;100WL80-24-11;MultiChannel;100;0;11.0;2900;3~380 В;100.0;;8;8;8;0;CatalogTable;Сайт производителя tsunami-pump.ru, карточка модели, вкладка «Графики производительности», серия WL
Tsunami;WL;100WL80-32-15;MultiChannel;100;0;15.0;2900;3~380 В;100.0;;8;8;8;0;CatalogTable;Сайт производителя tsunami-pump.ru, карточка модели, вкладка «Графики производительности», серия WL
Tsunami;WL;100WL80-36-18.5;MultiChannel;100;0;18.5;2900;3~380 В;100.0;;8;8;8;0;CatalogTable;Сайт производителя tsunami-pump.ru, карточка модели, вкладка «Графики производительности», серия WL
Tsunami;WL;100WL80-40-22;MultiChannel;100;0;22.0;2900;3~380 В;100.0;;8;8;8;0;CatalogTable;Сайт производителя tsunami-pump.ru, карточка модели, вкладка «Графики производительности», серия WL
Tsunami;WL;100WL80-7-3;MultiChannel;100;0;3.0;1420;3~380 В;100.0;;8;8;8;0;CatalogTable;Сайт производителя tsunami-pump.ru, карточка модели, вкладка «Графики производительности», серия WL
Tsunami;WL;150WL150-10-7.5;MultiChannel;150;0;7.5;1440;3~380 В;187.5;;8;8;8;0;CatalogTable;Сайт производителя tsunami-pump.ru, карточка модели, вкладка «Графики производительности», серия WL
Tsunami;WL;150WL150-15-11;MultiChannel;150;0;11.0;1460;3~380 В;187.5;;8;8;8;0;CatalogTable;Сайт производителя tsunami-pump.ru, карточка модели, вкладка «Графики производительности», серия WL
Tsunami;WL;150WL150-20-15;MultiChannel;150;0;15.0;1460;3~380 В;187.5;;8;8;8;0;CatalogTable;Сайт производителя tsunami-pump.ru, карточка модели, вкладка «Графики производительности», серия WL
Tsunami;WL;150WL150-25-18.5;MultiChannel;150;0;18.5;1470;3~380 В;187.5;;8;8;8;0;CatalogTable;Сайт производителя tsunami-pump.ru, карточка модели, вкладка «Графики производительности», серия WL
Tsunami;WL;150WL150-30-22;MultiChannel;150;0;22.0;1470;3~380 В;187.5;;8;8;8;0;CatalogTable;Сайт производителя tsunami-pump.ru, карточка модели, вкладка «Графики производительности», серия WL
Tsunami;WL;150WL150-40-30;MultiChannel;150;0;30.0;1470;3~380 В;187.5;;8;8;8;0;CatalogTable;Сайт производителя tsunami-pump.ru, карточка модели, вкладка «Графики производительности», серия WL
Tsunami;WL;150WL150-45-37;MultiChannel;150;0;37.0;1470;3~380 В;187.5;;8;8;8;0;CatalogTable;Сайт производителя tsunami-pump.ru, карточка модели, вкладка «Графики производительности», серия WL
Tsunami;WL;150WL150-50-45;MultiChannel;150;0;45.0;1470;3~380 В;187.5;;8;8;8;0;CatalogTable;Сайт производителя tsunami-pump.ru, карточка модели, вкладка «Графики производительности», серия WL
Tsunami;WL;150WL150-60-55;MultiChannel;150;0;55.0;1470;3~380 В;187.5;;8;8;8;0;CatalogTable;Сайт производителя tsunami-pump.ru, карточка модели, вкладка «Графики производительности», серия WL
Tsunami;WL;150WL150-7-5.5;MultiChannel;150;0;5.5;1440;3~380 В;180.0;;8;8;8;0;CatalogTable;Сайт производителя tsunami-pump.ru, карточка модели, вкладка «Графики производительности», серия WL
Tsunami;WL;200WL300-10-15;MultiChannel;200;0;15.0;1460;3~380 В;360.0;;8;8;8;0;CatalogTable;Сайт производителя tsunami-pump.ru, карточка модели, вкладка «Графики производительности», серия WL
Tsunami;WL;200WL300-13-18.5;MultiChannel;200;0;18.5;1470;3~380 В;360.0;;8;8;8;0;CatalogTable;Сайт производителя tsunami-pump.ru, карточка модели, вкладка «Графики производительности», серия WL
Tsunami;WL;200WL300-15-22;MultiChannel;200;0;22.0;1470;3~380 В;360.0;;8;8;8;0;CatalogTable;Сайт производителя tsunami-pump.ru, карточка модели, вкладка «Графики производительности», серия WL
Tsunami;WL;200WL300-20-30;MultiChannel;200;0;30.0;980;3~380 В;375.0;;8;8;8;0;CatalogTable;Сайт производителя tsunami-pump.ru, карточка модели, вкладка «Графики производительности», серия WL
Tsunami;WL;200WL300-25-37;MultiChannel;200;0;37.0;980;3~380 В;375.0;;8;8;8;0;CatalogTable;Сайт производителя tsunami-pump.ru, карточка модели, вкладка «Графики производительности», серия WL
Tsunami;WL;200WL300-7-11;MultiChannel;200;0;11.0;1460;3~380 В;360.0;;8;8;8;0;CatalogTable;Сайт производителя tsunami-pump.ru, карточка модели, вкладка «Графики производительности», серия WL
Tsunami;WL;200WL400-27-45;MultiChannel;200;0;45.0;1470;3~380 В;500.0;;8;8;8;0;CatalogTable;Сайт производителя tsunami-pump.ru, карточка модели, вкладка «Графики производительности», серия WL
Tsunami;WL;200WL400-34-55;MultiChannel;200;0;55.0;1470;3~380 В;500.0;;8;8;8;0;CatalogTable;Сайт производителя tsunami-pump.ru, карточка модели, вкладка «Графики производительности», серия WL
Tsunami;WL;200WL400-40-75;MultiChannel;200;0;75.0;1470;3~380 В;500.0;;8;8;8;0;CatalogTable;Сайт производителя tsunami-pump.ru, карточка модели, вкладка «Графики производительности», серия WL
Tsunami;WL;200WL400-48-90;MultiChannel;200;0;90.0;1470;3~380 В;500.0;;8;8;8;0;CatalogTable;Сайт производителя tsunami-pump.ru, карточка модели, вкладка «Графики производительности», серия WL
Tsunami;WL;250WL400-10-18.5;MultiChannel;250;0;18.0;1470;3~380 В;480.0;;8;8;8;0;CatalogTable;Сайт производителя tsunami-pump.ru, карточка модели, вкладка «Графики производительности», серия WL
Tsunami;WL;250WL400-13-22;MultiChannel;250;0;22.0;1470;3~380 В;480.0;;8;8;8;0;CatalogTable;Сайт производителя tsunami-pump.ru, карточка модели, вкладка «Графики производительности», серия WL
Tsunami;WL;250WL400-7-15;MultiChannel;250;0;15.0;1460;3~380 В;480.0;;8;8;8;0;CatalogTable;Сайт производителя tsunami-pump.ru, карточка модели, вкладка «Графики производительности», серия WL
Tsunami;WL;250WL500-10-30;MultiChannel;250;0;30.0;980;3~380 В;600.0;;8;8;8;0;CatalogTable;Сайт производителя tsunami-pump.ru, карточка модели, вкладка «Графики производительности», серия WL
Tsunami;WL;250WL500-16-37;MultiChannel;250;0;37.0;980;3~380 В;625.0;;8;8;8;0;CatalogTable;Сайт производителя tsunami-pump.ru, карточка модели, вкладка «Графики производительности», серия WL
Tsunami;WL;250WL500-20-45;MultiChannel;250;0;45.0;980;3~380 В;625.0;;8;8;8;0;CatalogTable;Сайт производителя tsunami-pump.ru, карточка модели, вкладка «Графики производительности», серия WL
Tsunami;WL;250WL500-25-55;MultiChannel;250;0;55.0;980;3~380 В;625.0;;8;8;8;0;CatalogTable;Сайт производителя tsunami-pump.ru, карточка модели, вкладка «Графики производительности», серия WL
Tsunami;WL;250WL600-28-75;MultiChannel;250;0;75.0;1480;3~380 В;750.0;;8;8;8;0;CatalogTable;Сайт производителя tsunami-pump.ru, карточка модели, вкладка «Графики производительности», серия WL
Tsunami;WL;250WL600-34-90;MultiChannel;250;0;90.0;1480;3~380 В;750.0;;8;8;8;0;CatalogTable;Сайт производителя tsunami-pump.ru, карточка модели, вкладка «Графики производительности», серия WL
Tsunami;WL;250WL600-40-110;MultiChannel;250;0;110.0;1480;3~380 В;750.0;;8;8;8;0;CatalogTable;Сайт производителя tsunami-pump.ru, карточка модели, вкладка «Графики производительности», серия WL
Tsunami;WL;250WL600-50-132;MultiChannel;250;0;132.0;1480;3~380 В;750.0;;8;8;8;0;CatalogTable;Сайт производителя tsunami-pump.ru, карточка модели, вкладка «Графики производительности», серия WL
Tsunami;WL;300WL1000-20-75;MultiChannel;300;0;75.0;990;3~380 В;1200.0;;8;8;8;0;CatalogTable;Сайт производителя tsunami-pump.ru, карточка модели, вкладка «Графики производительности», серия WL
Tsunami;WL;300WL1000-24-90;MultiChannel;300;0;90.0;990;3~380 В;1250.0;;8;8;8;0;CatalogTable;Сайт производителя tsunami-pump.ru, карточка модели, вкладка «Графики производительности», серия WL
Tsunami;WL;300WL1000-28-110;MultiChannel;300;0;110.0;990;3~380 В;1250.0;;8;8;8;0;CatalogTable;Сайт производителя tsunami-pump.ru, карточка модели, вкладка «Графики производительности», серия WL
Tsunami;WL;300WL600-7-22;MultiChannel;300;0;22.0;1470;3~380 В;720.0;;8;8;8;0;CatalogTable;Сайт производителя tsunami-pump.ru, карточка модели, вкладка «Графики производительности», серия WL
Tsunami;WL;300WL700-11-30;MultiChannel;300;0;30.0;980;3~380 В;840.0;;8;8;8;0;CatalogTable;Сайт производителя tsunami-pump.ru, карточка модели, вкладка «Графики производительности», серия WL
Tsunami;WL;300WL700-14-37;MultiChannel;300;0;37.0;980;3~380 В;840.0;;8;8;8;0;CatalogTable;Сайт производителя tsunami-pump.ru, карточка модели, вкладка «Графики производительности», серия WL
Tsunami;WL;300WL700-16-45;MultiChannel;300;0;45.0;980;3~380 В;875.0;;8;8;8;0;CatalogTable;Сайт производителя tsunami-pump.ru, карточка модели, вкладка «Графики производительности», серия WL
Tsunami;WL;300WL700-19-55;MultiChannel;300;0;55.0;980;3~380 В;875.0;;8;8;8;0;CatalogTable;Сайт производителя tsunami-pump.ru, карточка модели, вкладка «Графики производительности», серия WL
Tsunami;WL;350WL1100-10-45;MultiChannel;350;0;45.0;740;3~380 В;1320.0;;8;8;8;0;CatalogTable;Сайт производителя tsunami-pump.ru, карточка модели, вкладка «Графики производительности», серия WL
Tsunami;WL;350WL1100-12-55;MultiChannel;350;0;55.0;740;3~380 В;1320.0;;8;8;8;0;CatalogTable;Сайт производителя tsunami-pump.ru, карточка модели, вкладка «Графики производительности», серия WL
Tsunami;WL;350WL1100-16-75;MultiChannel;350;0;75.0;990;3~380 В;1320.0;;8;8;8;0;CatalogTable;Сайт производителя tsunami-pump.ru, карточка модели, вкладка «Графики производительности», серия WL
Tsunami;WL;350WL1100-20-90;MultiChannel;350;0;90.0;990;3~380 В;1320.0;;8;8;8;0;CatalogTable;Сайт производителя tsunami-pump.ru, карточка модели, вкладка «Графики производительности», серия WL
Tsunami;WL;350WL1100-25-110;MultiChannel;350;0;110.0;980;3~380 В;1375.0;;8;8;8;0;CatalogTable;Сайт производителя tsunami-pump.ru, карточка модели, вкладка «Графики производительности», серия WL
Tsunami;WL;350WL1100-30-132;MultiChannel;350;0;132.0;980;3~380 В;1375.0;;8;8;8;0;CatalogTable;Сайт производителя tsunami-pump.ru, карточка модели, вкладка «Графики производительности», серия WL
Tsunami;WL;350WL1100-36-160;MultiChannel;350;0;160.0;980;3~380 В;1375.0;;8;8;8;0;CatalogTable;Сайт производителя tsunami-pump.ru, карточка модели, вкладка «Графики производительности», серия WL
Tsunami;WL;350WL1200-6-30;MultiChannel;350;0;30.0;730;3~380 В;1440.0;;8;8;8;0;CatalogTable;Сайт производителя tsunami-pump.ru, карточка модели, вкладка «Графики производительности», серия WL
Tsunami;WL;350WL1200-8-37;MultiChannel;350;0;37.0;740;3~380 В;1440.0;;8;8;8;0;CatalogTable;Сайт производителя tsunami-pump.ru, карточка модели, вкладка «Графики производительности», серия WL
Tsunami;WL;400WL1500-10-55;MultiChannel;400;0;55.0;740;3~380 В;1800.0;;8;8;8;0;CatalogTable;Сайт производителя tsunami-pump.ru, карточка модели, вкладка «Графики производительности», серия WL
Tsunami;WL;400WL1500-12-75;MultiChannel;400;0;75.0;990;3~380 В;1800.0;;8;8;8;0;CatalogTable;Сайт производителя tsunami-pump.ru, карточка модели, вкладка «Графики производительности», серия WL
Tsunami;WL;400WL1500-15-90;MultiChannel;400;0;90.0;990;3~380 В;1800.0;;8;8;8;0;CatalogTable;Сайт производителя tsunami-pump.ru, карточка модели, вкладка «Графики производительности», серия WL
Tsunami;WL;400WL1500-18-110;MultiChannel;400;0;110.0;990;3~380 В;1800.0;;8;8;8;0;CatalogTable;Сайт производителя tsunami-pump.ru, карточка модели, вкладка «Графики производительности», серия WL
Tsunami;WL;400WL1500-22-132;MultiChannel;400;0;132.0;990;3~380 В;1800.0;;8;8;8;0;CatalogTable;Сайт производителя tsunami-pump.ru, карточка модели, вкладка «Графики производительности», серия WL
Tsunami;WL;400WL1500-5-30;MultiChannel;400;0;30.0;730;3~380 В;1800.0;;8;8;8;0;CatalogTable;Сайт производителя tsunami-pump.ru, карточка модели, вкладка «Графики производительности», серия WL
Tsunami;WL;400WL1500-6-37;MultiChannel;400;0;37.0;740;3~380 В;1800.0;;8;8;8;0;CatalogTable;Сайт производителя tsunami-pump.ru, карточка модели, вкладка «Графики производительности», серия WL
Tsunami;WL;400WL1500-8-45;MultiChannel;400;0;45.0;740;3~380 В;1800.0;;8;8;8;0;CatalogTable;Сайт производителя tsunami-pump.ru, карточка модели, вкладка «Графики производительности», серия WL
Tsunami;WL;400WL2000-16-132;MultiChannel;400;0;132.0;990;3~380 В;2400.0;;8;8;8;0;CatalogTable;Сайт производителя tsunami-pump.ru, карточка модели, вкладка «Графики производительности», серия WL
Tsunami;WL;400WL2000-20-160;MultiChannel;400;0;160.0;990;3~380 В;2400.0;;8;8;8;0;CatalogTable;Сайт производителя tsunami-pump.ru, карточка модели, вкладка «Графики производительности», серия WL
Tsunami;WL;400WL2000-23-185;MultiChannel;400;0;185.0;990;3~380 В;2400.0;;8;8;8;0;CatalogTable;Сайт производителя tsunami-pump.ru, карточка модели, вкладка «Графики производительности», серия WL
Tsunami;WL;400WL2000-25-200;MultiChannel;400;0;200.0;740;3~380 В;2500.0;;8;8;8;0;CatalogTable;Сайт производителя tsunami-pump.ru, карточка модели, вкладка «Графики производительности», серия WL
Tsunami;WL;400WL2000-28-220;MultiChannel;400;0;220.0;740;3~380 В;2500.0;;8;8;8;0;CatalogTable;Сайт производителя tsunami-pump.ru, карточка модели, вкладка «Графики производительности», серия WL
Tsunami;WL;400WL2000-32-250;MultiChannel;400;0;250.0;740;3~380 В;2500.0;;8;8;8;0;CatalogTable;Сайт производителя tsunami-pump.ru, карточка модели, вкладка «Графики производительности», серия WL
Tsunami;WL;400WL2000-36-280;MultiChannel;400;0;280.0;740;3~380 В;2500.0;;8;8;8;0;CatalogTable;Сайт производителя tsunami-pump.ru, карточка модели, вкладка «Графики производительности», серия WL
Tsunami;WL;450WL2200-10-90;MultiChannel;450;0;90.0;990;3~380 В;2640.0;;8;8;8;0;CatalogTable;Сайт производителя tsunami-pump.ru, карточка модели, вкладка «Графики производительности», серия WL
Tsunami;WL;450WL2200-12-110;MultiChannel;450;0;110.0;990;3~380 В;2640.0;;8;8;8;0;CatalogTable;Сайт производителя tsunami-pump.ru, карточка модели, вкладка «Графики производительности», серия WL
Tsunami;WL;450WL2200-15-132;MultiChannel;450;0;132.0;990;3~380 В;2640.0;;8;8;8;0;CatalogTable;Сайт производителя tsunami-pump.ru, карточка модели, вкладка «Графики производительности», серия WL
Tsunami;WL;500WL2000-7-55;MultiChannel;500;0;55.0;740;3~380 В;2400.0;;8;8;8;0;CatalogTable;Сайт производителя tsunami-pump.ru, карточка модели, вкладка «Графики производительности», серия WL
Tsunami;WL;500WL2200-8-75;MultiChannel;500;0;75.0;980;3~380 В;2640.0;;8;8;8;0;CatalogTable;Сайт производителя tsunami-pump.ru, карточка модели, вкладка «Графики производительности», серия WL
Tsunami;WL;500WL3000-11-132;MultiChannel;500;0;132.0;740;3~380 В;3600.0;;8;8;8;0;CatalogTable;Сайт производителя tsunami-pump.ru, карточка модели, вкладка «Графики производительности», серия WL
Tsunami;WL;500WL3000-13-160;MultiChannel;500;0;160.0;745;3~380 В;3600.0;;8;8;8;0;CatalogTable;Сайт производителя tsunami-pump.ru, карточка модели, вкладка «Графики производительности», серия WL
Tsunami;WL;500WL3000-15-185;MultiChannel;500;0;185.0;745;3~380 В;3600.0;;8;8;8;0;CatalogTable;Сайт производителя tsunami-pump.ru, карточка модели, вкладка «Графики производительности», серия WL
Tsunami;WL;500WL3000-16-200;MultiChannel;500;0;200.0;745;3~380 В;3600.0;;8;8;8;0;CatalogTable;Сайт производителя tsunami-pump.ru, карточка модели, вкладка «Графики производительности», серия WL
Tsunami;WL;500WL3000-18-220;MultiChannel;500;0;220.0;745;3~380 В;3600.0;;8;8;8;0;CatalogTable;Сайт производителя tsunami-pump.ru, карточка модели, вкладка «Графики производительности», серия WL
Tsunami;WL;500WL3000-21-250;MultiChannel;500;0;250.0;745;3~380 В;3600.0;;8;8;8;0;CatalogTable;Сайт производителя tsunami-pump.ru, карточка модели, вкладка «Графики производительности», серия WL
Tsunami;WL;500WL3000-24-280;MultiChannel;500;0;280.0;745;3~380 В;3600.0;;8;8;8;0;CatalogTable;Сайт производителя tsunami-pump.ru, карточка модели, вкладка «Графики производительности», серия WL
Tsunami;WL;50WL15-12-1.1;MultiChannel;50;0;1.1;2825;3~380 В;18.75;;8;8;8;0;CatalogTable;Сайт производителя tsunami-pump.ru, карточка модели, вкладка «Графики производительности», серия WL
Tsunami;WL;50WL15-16-1.5;MultiChannel;50;0;1.5;2840;3~380 В;18.75;;8;8;8;0;CatalogTable;Сайт производителя tsunami-pump.ru, карточка модели, вкладка «Графики производительности», серия WL
Tsunami;WL;50WL15-22-2.2;MultiChannel;50;0;2.2;2840;3~380 В;18.75;;8;8;8;0;CatalogTable;Сайт производителя tsunami-pump.ru, карточка модели, вкладка «Графики производительности», серия WL
Tsunami;WL;50WL15-30-3;MultiChannel;50;0;3.0;2880;3~380 В;18.75;;8;8;8;0;CatalogTable;Сайт производителя tsunami-pump.ru, карточка модели, вкладка «Графики производительности», серия WL
Tsunami;WL;50WL25-25-4;MultiChannel;50;0;4.0;2880;3~380 В;31.25;;8;8;8;0;CatalogTable;Сайт производителя tsunami-pump.ru, карточка модели, вкладка «Графики производительности», серия WL
Tsunami;WL;50WL25-32-5.5;MultiChannel;50;0;5.5;1440;3~380 В;31.25;;8;8;8;0;CatalogTable;Сайт производителя tsunami-pump.ru, карточка модели, вкладка «Графики производительности», серия WL
Tsunami;WL;50WL25-36-7.5;MultiChannel;50;0;7.5;1440;3~380 В;37.5;;8;8;8;0;CatalogTable;Сайт производителя tsunami-pump.ru, карточка модели, вкладка «Графики производительности», серия WL
Tsunami;WL;600WL2500-5-55;MultiChannel;600;0;55.0;590;3~380 В;3000.0;;8;8;8;0;CatalogTable;Сайт производителя tsunami-pump.ru, карточка модели, вкладка «Графики производительности», серия WL
Tsunami;WL;600WL2500-7-75;MultiChannel;600;0;75.0;590;3~380 В;3000.0;;8;8;8;0;CatalogTable;Сайт производителя tsunami-pump.ru, карточка модели, вкладка «Графики производительности», серия WL
Tsunami;WL;600WL3000-10-132;MultiChannel;600;0;132.0;590;3~380 В;3600.0;;8;8;8;0;CatalogTable;Сайт производителя tsunami-pump.ru, карточка модели, вкладка «Графики производительности», серия WL
Tsunami;WL;600WL3000-8-110;MultiChannel;600;0;110.0;590;3~380 В;3600.0;;8;8;8;0;CatalogTable;Сайт производителя tsunami-pump.ru, карточка модели, вкладка «Графики производительности», серия WL
Tsunami;WL;600WL4000-10-160;MultiChannel;600;0;160.0;745;3~380 В;4800.0;;8;8;8;0;CatalogTable;Сайт производителя tsunami-pump.ru, карточка модели, вкладка «Графики производительности», серия WL
Tsunami;WL;600WL4000-11-185;MultiChannel;600;0;185.0;745;3~380 В;4800.0;;8;8;8;0;CatalogTable;Сайт производителя tsunami-pump.ru, карточка модели, вкладка «Графики производительности», серия WL
Tsunami;WL;600WL4000-12-200;MultiChannel;600;0;200.0;745;3~380 В;4800.0;;8;8;8;0;CatalogTable;Сайт производителя tsunami-pump.ru, карточка модели, вкладка «Графики производительности», серия WL
Tsunami;WL;600WL4000-14-220;MultiChannel;600;0;220.0;745;3~380 В;4800.0;;8;8;8;0;CatalogTable;Сайт производителя tsunami-pump.ru, карточка модели, вкладка «Графики производительности», серия WL
Tsunami;WL;600WL4000-16-250;MultiChannel;600;0;250.0;745;3~380 В;4800.0;;8;8;8;0;CatalogTable;Сайт производителя tsunami-pump.ru, карточка модели, вкладка «Графики производительности», серия WL
Tsunami;WL;600WL4000-18-280;MultiChannel;600;0;280.0;745;3~380 В;4800.0;;8;8;8;0;CatalogTable;Сайт производителя tsunami-pump.ru, карточка модели, вкладка «Графики производительности», серия WL
Tsunami;WL;600WL4000-20-315;MultiChannel;600;0;315.0;740;3~380 В;4800.0;;8;8;8;0;CatalogTable;Сайт производителя tsunami-pump.ru, карточка модели, вкладка «Графики производительности», серия WL
Tsunami;WL;65WL30-10-2.2;MultiChannel;65;0;2.2;1420;3~380 В;37.5;;8;8;8;0;CatalogTable;Сайт производителя tsunami-pump.ru, карточка модели, вкладка «Графики производительности», серия WL
Tsunami;WL;65WL30-15-3;MultiChannel;65;0;3.0;1420;3~380 В;37.5;;8;8;8;0;CatalogTable;Сайт производителя tsunami-pump.ru, карточка модели, вкладка «Графики производительности», серия WL
Tsunami;WL;65WL30-22-4;MultiChannel;65;0;4.0;1440;3~380 В;37.5;;8;8;8;0;CatalogTable;Сайт производителя tsunami-pump.ru, карточка модели, вкладка «Графики производительности», серия WL
Tsunami;WL;65WL30-30-5.5;MultiChannel;65;0;5.5;1440;3~380 В;37.5;;8;8;8;0;CatalogTable;Сайт производителя tsunami-pump.ru, карточка модели, вкладка «Графики производительности», серия WL
Tsunami;WL;65WL30-35-7.5;MultiChannel;65;0;7.5;1440;3~380 В;37.5;;8;8;8;0;CatalogTable;Сайт производителя tsunami-pump.ru, карточка модели, вкладка «Графики производительности», серия WL
Tsunami;WL;80WL50-10-3;MultiChannel;80;0;3.0;1420;3~380 В;62.5;;8;8;8;0;CatalogTable;Сайт производителя tsunami-pump.ru, карточка модели, вкладка «Графики производительности», серия WL
Tsunami;WL;80WL50-15-4;MultiChannel;80;0;4.0;1440;3~380 В;62.5;;8;8;8;0;CatalogTable;Сайт производителя tsunami-pump.ru, карточка модели, вкладка «Графики производительности», серия WL
Tsunami;WL;80WL50-20-5.5;MultiChannel;80;0;5.5;1440;3~380 В;62.5;;8;8;8;0;CatalogTable;Сайт производителя tsunami-pump.ru, карточка модели, вкладка «Графики производительности», серия WL
Tsunami;WL;80WL50-25-7.5;MultiChannel;80;0;7.5;1440;3~380 В;62.5;;8;8;8;0;CatalogTable;Сайт производителя tsunami-pump.ru, карточка модели, вкладка «Графики производительности», серия WL
Tsunami;WL;80WL50-35-11;MultiChannel;80;0;11.0;2900;3~380 В;62.5;;8;8;8;0;CatalogTable;Сайт производителя tsunami-pump.ru, карточка модели, вкладка «Графики производительности», серия WL
Tsunami;WL;80WL50-40-15;MultiChannel;80;0;15.0;2900;3~380 В;62.5;;8;8;8;0;CatalogTable;Сайт производителя tsunami-pump.ru, карточка модели, вкладка «Графики производительности», серия WL
Tsunami;WL;80WL50-8-2.2;MultiChannel;80;0;2.2;1420;3~380 В;62.5;;8;8;8;0;CatalogTable;Сайт производителя tsunami-pump.ru, карточка модели, вкладка «Графики производительности», серия WL
Tsunami;WQ;100WQ100-15-7.5;MultiChannel;100;0;7.5;0;3~380 В;130.0;23.4;8;0;0;0;CatalogTable;Сайт производителя tsunami-pump.ru, карточка модели, вкладка «Графики производительности», серия WQ
Tsunami;WQ;100WQ100-25-11;MultiChannel;100;0;11.0;0;3~380 В;130.0;32.0;8;0;0;0;CatalogTable;Сайт производителя tsunami-pump.ru, карточка модели, вкладка «Графики производительности», серия WQ
Tsunami;WQ;100WQ100-30-15;MultiChannel;100;0;15.0;0;3~380 В;130.0;36.0;8;0;0;0;CatalogTable;Сайт производителя tsunami-pump.ru, карточка модели, вкладка «Графики производительности», серия WQ
Tsunami;WQ;100WQ100-35-18.5;MultiChannel;100;0;18.5;0;3~380 В;130.3;43.0;15;0;0;0;CatalogTable;Сайт производителя tsunami-pump.ru, карточка модели, вкладка «Графики производительности», серия WQ
Tsunami;WQ;100WQ100-40-22;MultiChannel;100;0;22.0;0;3~380 В;160.0;44.0;9;0;0;0;CatalogTable;Сайт производителя tsunami-pump.ru, карточка модели, вкладка «Графики производительности», серия WQ
Tsunami;WQ;100WQ110-10-5.5;MultiChannel;100;0;5.5;0;3~380 В;130.1;;15;0;0;0;CatalogTable;Сайт производителя tsunami-pump.ru, карточка модели, вкладка «Графики производительности», серия WQ
Tsunami;WQ;100WQ50-5-1.5;MultiChannel;100;0;1.5;0;3~380 В;60.0;14.0;6;0;0;0;CatalogTable;Сайт производителя tsunami-pump.ru, карточка модели, вкладка «Графики производительности», серия WQ
Tsunami;WQ;100WQ50-7-2.2;MultiChannel;100;0;2.2;0;3~380 В;60.0;16.0;6;0;0;0;CatalogTable;Сайт производителя tsunami-pump.ru, карточка модели, вкладка «Графики производительности», серия WQ
Tsunami;WQ;100WQ60-12-4;MultiChannel;100;0;4.0;0;3~380 В;90.0;21.4;8;0;0;0;CatalogTable;Сайт производителя tsunami-pump.ru, карточка модели, вкладка «Графики производительности», серия WQ
Tsunami;WQ;100WQ60-18-5.5;MultiChannel;100;0;5.5;0;3~380 В;100.0;26.0;15;0;0;0;CatalogTable;Сайт производителя tsunami-pump.ru, карточка модели, вкладка «Графики производительности», серия WQ
Tsunami;WQ;100WQ60-9-3;MultiChannel;100;0;3.0;0;3~380 В;79.7;;15;0;0;0;CatalogTable;Сайт производителя tsunami-pump.ru, карточка модели, вкладка «Графики производительности», серия WQ
Tsunami;WQ;100WQ65-22-7.5;MultiChannel;100;0;7.5;0;3~380 В;99.8;;15;0;0;0;CatalogTable;Сайт производителя tsunami-pump.ru, карточка модели, вкладка «Графики производительности», серия WQ
Tsunami;WQ;100WQ80-10-4;MultiChannel;100;0;4.0;1435;3~380 В;90.0;24.0;8;0;0;0;CatalogTable;Сайт производителя tsunami-pump.ru, карточка модели, вкладка «Графики производительности», серия WQ
Tsunami;WQ;100WQ80-24-11;MultiChannel;100;0;11.0;2900;3~380 В;100.0;;8;8;8;0;CatalogTable;Сайт производителя tsunami-pump.ru, карточка модели, вкладка «Графики производительности», серия WQ
Tsunami;WQ;100WQ80-32-15;MultiChannel;100;0;15.0;2900;3~380 В;100.0;;8;8;8;0;CatalogTable;Сайт производителя tsunami-pump.ru, карточка модели, вкладка «Графики производительности», серия WQ
Tsunami;WQ;100WQ80-36-18.5;MultiChannel;100;0;18.5;2900;3~380 В;100.0;;8;8;8;0;CatalogTable;Сайт производителя tsunami-pump.ru, карточка модели, вкладка «Графики производительности», серия WQ
Tsunami;WQ;100WQ80-40-22;MultiChannel;100;0;22.0;2900;3~380 В;100.0;;8;8;8;0;CatalogTable;Сайт производителя tsunami-pump.ru, карточка модели, вкладка «Графики производительности», серия WQ
Tsunami;WQ;150WQ100-10-7.5;MultiChannel;150;0;7.5;0;3~380 В;120.0;22.0;6;0;0;0;CatalogTable;Сайт производителя tsunami-pump.ru, карточка модели, вкладка «Графики производительности», серия WQ
Tsunami;WQ;150WQ120-8-5.5;MultiChannel;150;0;5.5;0;3~380 В;120.0;;15;0;0;0;CatalogTable;Сайт производителя tsunami-pump.ru, карточка модели, вкладка «Графики производительности», серия WQ
Tsunami;WQ;150WQ145-9-7.5;MultiChannel;150;0;7.5;0;3~380 В;220.0;15.5;8;0;0;0;CatalogTable;Сайт производителя tsunami-pump.ru, карточка модели, вкладка «Графики производительности», серия WQ
Tsunami;WQ;150WQ150-15-11;MultiChannel;150;0;11.0;1460;3~380 В;187.5;;8;8;8;0;CatalogTable;Сайт производителя tsunami-pump.ru, карточка модели, вкладка «Графики производительности», серия WQ
Tsunami;WQ;150WQ150-20-15;MultiChannel;150;0;15.0;1460;3~380 В;187.5;;8;8;8;0;CatalogTable;Сайт производителя tsunami-pump.ru, карточка модели, вкладка «Графики производительности», серия WQ
Tsunami;WQ;150WQ150-25-18.5;MultiChannel;150;0;18.5;1470;3~380 В;187.5;;8;8;8;0;CatalogTable;Сайт производителя tsunami-pump.ru, карточка модели, вкладка «Графики производительности», серия WQ
Tsunami;WQ;150WQ150-30-22;MultiChannel;150;0;22.0;1470;3~380 В;187.5;;8;8;8;0;CatalogTable;Сайт производителя tsunami-pump.ru, карточка модели, вкладка «Графики производительности», серия WQ
Tsunami;WQ;150WQ150-40-30;MultiChannel;150;0;30.0;1470;3~380 В;187.5;;8;8;8;0;CatalogTable;Сайт производителя tsunami-pump.ru, карточка модели, вкладка «Графики производительности», серия WQ
Tsunami;WQ;150WQ150-45-37;MultiChannel;150;0;37.0;1470;3~380 В;187.5;;8;8;8;0;CatalogTable;Сайт производителя tsunami-pump.ru, карточка модели, вкладка «Графики производительности», серия WQ
Tsunami;WQ;150WQ150-50-45;MultiChannel;150;0;45.0;1470;3~380 В;187.5;;8;8;8;0;CatalogTable;Сайт производителя tsunami-pump.ru, карточка модели, вкладка «Графики производительности», серия WQ
Tsunami;WQ;150WQ150-60-55;MultiChannel;150;0;55.0;1470;3~380 В;187.5;;8;8;8;0;CatalogTable;Сайт производителя tsunami-pump.ru, карточка модели, вкладка «Графики производительности», серия WQ
Tsunami;WQ;150WQ150-7-5.5;MultiChannel;150;0;5.5;1440;3~380 В;180.0;20.0;6;0;0;0;CatalogTable;Сайт производителя tsunami-pump.ru, карточка модели, вкладка «Графики производительности», серия WQ
Tsunami;WQ;150WQ180-11-11;MultiChannel;150;0;11.0;0;3~380 В;220.3;;15;0;0;0;CatalogTable;Сайт производителя tsunami-pump.ru, карточка модели, вкладка «Графики производительности», серия WQ
Tsunami;WQ;150WQ180-20-18.5;MultiChannel;150;0;18.5;0;3~380 В;290.0;26.0;8;0;0;0;CatalogTable;Сайт производителя tsunami-pump.ru, карточка модели, вкладка «Графики производительности», серия WQ
Tsunami;WQ;150WQ200-15-15;MultiChannel;150;0;15.0;0;3~380 В;220.0;25.0;8;0;0;0;CatalogTable;Сайт производителя tsunami-pump.ru, карточка модели, вкладка «Графики производительности», серия WQ
Tsunami;WQ;150WQ200-22-22;MultiChannel;150;0;22.0;0;3~380 В;290.0;29.0;8;0;0;0;CatalogTable;Сайт производителя tsunami-pump.ru, карточка модели, вкладка «Графики производительности», серия WQ
Tsunami;WQ;200WQ250-11-15;MultiChannel;200;0;15.0;0;3~380 В;350.0;;15;0;0;0;CatalogTable;Сайт производителя tsunami-pump.ru, карточка модели, вкладка «Графики производительности», серия WQ
Tsunami;WQ;200WQ250-15-18.5;MultiChannel;200;0;18.5;0;3~380 В;400.0;24.0;8;0;0;0;CatalogTable;Сайт производителя tsunami-pump.ru, карточка модели, вкладка «Графики производительности», серия WQ
Tsunami;WQ;200WQ250-6-7.5;MultiChannel;200;0;7.5;0;3~380 В;250.0;15.0;5;0;0;0;CatalogTable;Сайт производителя tsunami-pump.ru, карточка модели, вкладка «Графики производительности», серия WQ
Tsunami;WQ;200WQ300-10-15;MultiChannel;200;0;15.0;1460;3~380 В;360.0;;8;8;8;0;CatalogTable;Сайт производителя tsunami-pump.ru, карточка модели, вкладка «Графики производительности», серия WQ
Tsunami;WQ;200WQ300-13-18.5;MultiChannel;200;0;18.5;1470;3~380 В;360.0;;8;8;8;0;CatalogTable;Сайт производителя tsunami-pump.ru, карточка модели, вкладка «Графики производительности», серия WQ
Tsunami;WQ;200WQ300-15-22;MultiChannel;200;0;22.0;1470;3~380 В;360.0;;8;8;8;0;CatalogTable;Сайт производителя tsunami-pump.ru, карточка модели, вкладка «Графики производительности», серия WQ
Tsunami;WQ;200WQ300-16-22;MultiChannel;200;0;22.0;0;3~380 В;400.0;31.0;8;0;0;0;CatalogTable;Сайт производителя tsunami-pump.ru, карточка модели, вкладка «Графики производительности», серия WQ
Tsunami;WQ;200WQ300-20-30;MultiChannel;200;0;30.0;980;3~380 В;375.0;;8;8;8;0;CatalogTable;Сайт производителя tsunami-pump.ru, карточка модели, вкладка «Графики производительности», серия WQ
Tsunami;WQ;200WQ300-25-37;MultiChannel;200;0;37.0;980;3~380 В;375.0;;8;8;8;0;CatalogTable;Сайт производителя tsunami-pump.ru, карточка модели, вкладка «Графики производительности», серия WQ
Tsunami;WQ;200WQ300-7-11;MultiChannel;200;0;11.0;1460;3~380 В;350.0;20.0;7;0;0;0;CatalogTable;Сайт производителя tsunami-pump.ru, карточка модели, вкладка «Графики производительности», серия WQ
Tsunami;WQ;200WQ350-10-18.5;MultiChannel;200;0;18.5;0;3~380 В;400.0;25.0;8;0;0;0;CatalogTable;Сайт производителя tsunami-pump.ru, карточка модели, вкладка «Графики производительности», серия WQ
Tsunami;WQ;200WQ400-10-22;MultiChannel;200;0;22.0;0;3~380 В;400.0;35.0;8;0;0;0;CatalogTable;Сайт производителя tsunami-pump.ru, карточка модели, вкладка «Графики производительности», серия WQ
Tsunami;WQ;200WQ400-27-45;MultiChannel;200;0;45.0;1480;3~380 В;500.0;;8;8;8;0;CatalogTable;Сайт производителя tsunami-pump.ru, карточка модели, вкладка «Графики производительности», серия WQ
Tsunami;WQ;200WQ400-34-55;MultiChannel;200;0;55.0;1480;3~380 В;500.0;;8;8;8;0;CatalogTable;Сайт производителя tsunami-pump.ru, карточка модели, вкладка «Графики производительности», серия WQ
Tsunami;WQ;200WQ400-40-75;MultiChannel;200;0;75.0;1480;3~380 В;500.0;;8;8;8;0;CatalogTable;Сайт производителя tsunami-pump.ru, карточка модели, вкладка «Графики производительности», серия WQ
Tsunami;WQ;200WQ400-48-90;MultiChannel;200;0;90.0;1480;3~380 В;500.0;;8;8;8;0;CatalogTable;Сайт производителя tsunami-pump.ru, карточка модели, вкладка «Графики производительности», серия WQ
Tsunami;WQ;250WQ400-10-18.5;MultiChannel;250;0;18.5;1470;3~380 В;480.0;;8;8;8;0;CatalogTable;Сайт производителя tsunami-pump.ru, карточка модели, вкладка «Графики производительности», серия WQ
Tsunami;WQ;250WQ400-13-22;MultiChannel;250;0;22.0;1470;3~380 В;480.0;;8;8;8;0;CatalogTable;Сайт производителя tsunami-pump.ru, карточка модели, вкладка «Графики производительности», серия WQ
Tsunami;WQ;250WQ400-5-11;MultiChannel;250;0;11.0;0;3~380 В;400.0;14.0;8;0;0;0;CatalogTable;Сайт производителя tsunami-pump.ru, карточка модели, вкладка «Графики производительности», серия WQ
Tsunami;WQ;250WQ400-7-15;MultiChannel;250;0;15.0;1460;3~380 В;480.0;;8;8;8;0;CatalogTable;Сайт производителя tsunami-pump.ru, карточка модели, вкладка «Графики производительности», серия WQ
Tsunami;WQ;250WQ500-12-30;MultiChannel;250;0;30.0;980;3~380 В;600.0;;8;8;8;0;CatalogTable;Сайт производителя tsunami-pump.ru, карточка модели, вкладка «Графики производительности», серия WQ
Tsunami;WQ;250WQ500-16-37;MultiChannel;250;0;37.0;980;3~380 В;625.0;;8;8;8;0;CatalogTable;Сайт производителя tsunami-pump.ru, карточка модели, вкладка «Графики производительности», серия WQ
Tsunami;WQ;250WQ500-20-45;MultiChannel;250;0;45.0;980;3~380 В;625.0;;8;8;8;0;CatalogTable;Сайт производителя tsunami-pump.ru, карточка модели, вкладка «Графики производительности», серия WQ
Tsunami;WQ;250WQ500-25-55;MultiChannel;250;0;55.0;980;3~380 В;625.0;;8;8;8;0;CatalogTable;Сайт производителя tsunami-pump.ru, карточка модели, вкладка «Графики производительности», серия WQ
Tsunami;WQ;250WQ500-5-15;MultiChannel;250;0;15.0;0;3~380 В;400.0;19.0;8;0;0;0;CatalogTable;Сайт производителя tsunami-pump.ru, карточка модели, вкладка «Графики производительности», серия WQ
Tsunami;WQ;250WQ500-7-18.5;MultiChannel;250;0;18.5;0;3~380 В;610.0;20.0;8;0;0;0;CatalogTable;Сайт производителя tsunami-pump.ru, карточка модели, вкладка «Графики производительности», серия WQ
Tsunami;WQ;250WQ500-9-22;MultiChannel;250;0;22.0;0;3~380 В;610.0;26.0;8;0;0;0;CatalogTable;Сайт производителя tsunami-pump.ru, карточка модели, вкладка «Графики производительности», серия WQ
Tsunami;WQ;250WQ600-28-75;MultiChannel;250;0;75.0;1480;3~380 В;750.0;;8;8;8;0;CatalogTable;Сайт производителя tsunami-pump.ru, карточка модели, вкладка «Графики производительности», серия WQ
Tsunami;WQ;250WQ600-34-90;MultiChannel;250;0;90.0;1480;3~380 В;750.0;;8;8;8;0;CatalogTable;Сайт производителя tsunami-pump.ru, карточка модели, вкладка «Графики производительности», серия WQ
Tsunami;WQ;250WQ600-40-110;MultiChannel;250;0;110.0;1480;3~380 В;750.0;;8;8;8;0;CatalogTable;Сайт производителя tsunami-pump.ru, карточка модели, вкладка «Графики производительности», серия WQ
Tsunami;WQ;250WQ600-50-132;MultiChannel;250;0;132.0;1480;3~380 В;750.0;;8;8;8;0;CatalogTable;Сайт производителя tsunami-pump.ru, карточка модели, вкладка «Графики производительности», серия WQ
Tsunami;WQ;25WQ5-22-1.1;MultiChannel;25;0;1.1;0;3~380 В;8.0;30.1;15;0;0;0;CatalogTable;Сайт производителя tsunami-pump.ru, карточка модели, вкладка «Графики производительности», серия WQ
Tsunami;WQ;300WQ1000-20-75;MultiChannel;300;0;75.0;990;3~380 В;1200.0;;8;8;8;0;CatalogTable;Сайт производителя tsunami-pump.ru, карточка модели, вкладка «Графики производительности», серия WQ
Tsunami;WQ;300WQ1000-24-90;MultiChannel;300;0;90.0;990;3~380 В;999.5;;15;0;0;0;CatalogTable;Сайт производителя tsunami-pump.ru, карточка модели, вкладка «Графики производительности», серия WQ
Tsunami;WQ;300WQ1000-28-110;MultiChannel;300;0;110.0;990;3~380 В;1250.0;;8;8;8;0;CatalogTable;Сайт производителя tsunami-pump.ru, карточка модели, вкладка «Графики производительности», серия WQ
Tsunami;WQ;300WQ1000-35-132;MultiChannel;300;0;132.0;1480;3~380 В;997.7;;15;0;0;0;CatalogTable;Сайт производителя tsunami-pump.ru, карточка модели, вкладка «Графики производительности», серия WQ
Tsunami;WQ;300WQ600-7-22;MultiChannel;300;0;22.0;1470;3~380 В;720.0;;8;8;8;0;CatalogTable;Сайт производителя tsunami-pump.ru, карточка модели, вкладка «Графики производительности», серия WQ
Tsunami;WQ;300WQ650-5-18.5;MultiChannel;300;0;18.5;0;3~380 В;800.0;14.0;5;0;0;0;CatalogTable;Сайт производителя tsunami-pump.ru, карточка модели, вкладка «Графики производительности», серия WQ
Tsunami;WQ;300WQ650-7-22;MultiChannel;300;0;22.0;0;3~380 В;800.0;17.0;5;0;0;0;CatalogTable;Сайт производителя tsunami-pump.ru, карточка модели, вкладка «Графики производительности», серия WQ
Tsunami;WQ;300WQ700-11-30;MultiChannel;300;0;30.0;980;3~380 В;840.0;;8;8;8;0;CatalogTable;Сайт производителя tsunami-pump.ru, карточка модели, вкладка «Графики производительности», серия WQ
Tsunami;WQ;300WQ700-14-37;MultiChannel;300;0;37.0;980;3~380 В;840.0;;8;8;8;0;CatalogTable;Сайт производителя tsunami-pump.ru, карточка модели, вкладка «Графики производительности», серия WQ
Tsunami;WQ;300WQ700-16-45;MultiChannel;300;0;45.0;980;3~380 В;875.0;;8;8;8;0;CatalogTable;Сайт производителя tsunami-pump.ru, карточка модели, вкладка «Графики производительности», серия WQ
Tsunami;WQ;300WQ700-19-55;MultiChannel;300;0;55.0;980;3~380 В;875.0;;8;8;8;0;CatalogTable;Сайт производителя tsunami-pump.ru, карточка модели, вкладка «Графики производительности», серия WQ
Tsunami;WQ;32WQ6-20-1.1;MultiChannel;32;0;1.1;0;3~380 В;8.0;28.0;4;0;0;0;CatalogTable;Сайт производителя tsunami-pump.ru, карточка модели, вкладка «Графики производительности», серия WQ
Tsunami;WQ;350WQ1100-10-45;MultiChannel;350;0;45.0;740;3~380 В;1320.0;;8;8;8;0;CatalogTable;Сайт производителя tsunami-pump.ru, карточка модели, вкладка «Графики производительности», серия WQ
Tsunami;WQ;350WQ1100-12-55;MultiChannel;350;0;55.0;740;3~380 В;1320.0;;8;8;8;0;CatalogTable;Сайт производителя tsunami-pump.ru, карточка модели, вкладка «Графики производительности», серия WQ
Tsunami;WQ;350WQ1100-16-75;MultiChannel;350;0;75.0;980;3~380 В;1320.0;;8;8;8;0;CatalogTable;Сайт производителя tsunami-pump.ru, карточка модели, вкладка «Графики производительности», серия WQ
Tsunami;WQ;350WQ1100-20-90;MultiChannel;350;0;90.0;980;3~380 В;1440.0;;8;8;8;0;CatalogTable;Сайт производителя tsunami-pump.ru, карточка модели, вкладка «Графики производительности», серия WQ
Tsunami;WQ;350WQ1100-25-110;MultiChannel;350;0;110.0;980;3~380 В;1375.0;;8;8;8;0;CatalogTable;Сайт производителя tsunami-pump.ru, карточка модели, вкладка «Графики производительности», серия WQ
Tsunami;WQ;350WQ1100-30-132;MultiChannel;350;0;132.0;980;3~380 В;1375.0;;8;8;8;0;CatalogTable;Сайт производителя tsunami-pump.ru, карточка модели, вкладка «Графики производительности», серия WQ
Tsunami;WQ;350WQ1100-36-160;MultiChannel;350;0;160.0;980;3~380 В;1375.0;;8;8;8;0;CatalogTable;Сайт производителя tsunami-pump.ru, карточка модели, вкладка «Графики производительности», серия WQ
Tsunami;WQ;350WQ1200-6-30;MultiChannel;350;0;30.0;730;3~380 В;1440.0;;8;8;8;0;CatalogTable;Сайт производителя tsunami-pump.ru, карточка модели, вкладка «Графики производительности», серия WQ
Tsunami;WQ;350WQ1200-8-37;MultiChannel;350;0;37.0;740;3~380 В;1440.0;;8;8;8;0;CatalogTable;Сайт производителя tsunami-pump.ru, карточка модели, вкладка «Графики производительности», серия WQ
Tsunami;WQ;350WQ1500-30-185;MultiChannel;350;0;185.0;980;3~380 В;1501.1;;15;0;0;0;CatalogTable;Сайт производителя tsunami-pump.ru, карточка модели, вкладка «Графики производительности», серия WQ
Tsunami;WQ;350WQ1500-32-200;MultiChannel;350;0;200.0;740;3~380 В;1501.1;;15;0;0;0;CatalogTable;Сайт производителя tsunami-pump.ru, карточка модели, вкладка «Графики производительности», серия WQ
Tsunami;WQ;350WQ1500-35-220;MultiChannel;350;0;220.0;740;3~380 В;1875.0;;8;8;8;0;CatalogTable;Сайт производителя tsunami-pump.ru, карточка модели, вкладка «Графики производительности», серия WQ
Tsunami;WQ;350WQ1500-40-250;MultiChannel;350;0;250.0;740;3~380 В;1401.7;;15;0;0;0;CatalogTable;Сайт производителя tsunami-pump.ru, карточка модели, вкладка «Графики производительности», серия WQ
Tsunami;WQ;350WQ1800-40-280;MultiChannel;350;0;280.0;740;3~380 В;2250.0;;8;8;8;0;CatalogTable;Сайт производителя tsunami-pump.ru, карточка модели, вкладка «Графики производительности», серия WQ
Tsunami;WQ;350WQ1800-43-315;MultiChannel;350;0;315.0;740;3~380 В;2250.0;;8;8;8;0;CatalogTable;Сайт производителя tsunami-pump.ru, карточка модели, вкладка «Графики производительности», серия WQ
Tsunami;WQ;350WQ1800-46-355;MultiChannel;350;0;355.0;740;3~380 В;2250.0;;8;8;8;0;CatalogTable;Сайт производителя tsunami-pump.ru, карточка модели, вкладка «Графики производительности», серия WQ
Tsunami;WQ;400WQ1500-10-55;MultiChannel;400;0;55.0;740;3~380 В;1800.0;;8;8;8;0;CatalogTable;Сайт производителя tsunami-pump.ru, карточка модели, вкладка «Графики производительности», серия WQ
Tsunami;WQ;400WQ1500-12-75;MultiChannel;400;0;75.0;990;3~380 В;1800.0;;8;8;8;0;CatalogTable;Сайт производителя tsunami-pump.ru, карточка модели, вкладка «Графики производительности», серия WQ
Tsunami;WQ;400WQ1500-15-90;MultiChannel;400;0;90.0;990;3~380 В;1800.0;;8;8;8;0;CatalogTable;Сайт производителя tsunami-pump.ru, карточка модели, вкладка «Графики производительности», серия WQ
Tsunami;WQ;400WQ1500-18-110;MultiChannel;400;0;110.0;990;3~380 В;1800.0;;8;8;8;0;CatalogTable;Сайт производителя tsunami-pump.ru, карточка модели, вкладка «Графики производительности», серия WQ
Tsunami;WQ;400WQ1500-22-132;MultiChannel;400;0;132.0;990;3~380 В;1499.4;;15;0;0;0;CatalogTable;Сайт производителя tsunami-pump.ru, карточка модели, вкладка «Графики производительности», серия WQ
Tsunami;WQ;400WQ1500-5-30;MultiChannel;400;0;30.0;730;3~380 В;1800.0;;8;8;8;0;CatalogTable;Сайт производителя tsunami-pump.ru, карточка модели, вкладка «Графики производительности», серия WQ
Tsunami;WQ;400WQ1500-6-37;MultiChannel;400;0;37.0;740;3~380 В;1800.0;;8;8;8;0;CatalogTable;Сайт производителя tsunami-pump.ru, карточка модели, вкладка «Графики производительности», серия WQ
Tsunami;WQ;400WQ1500-8-45;MultiChannel;400;0;45.0;740;3~380 В;1800.0;;8;8;8;0;CatalogTable;Сайт производителя tsunami-pump.ru, карточка модели, вкладка «Графики производительности», серия WQ
Tsunami;WQ;400WQ2000-20-160;MultiChannel;400;0;160.0;990;3~380 В;2400.0;;8;8;8;0;CatalogTable;Сайт производителя tsunami-pump.ru, карточка модели, вкладка «Графики производительности», серия WQ
Tsunami;WQ;400WQ2000-23-185;MultiChannel;400;0;185.0;990;3~380 В;2400.0;;8;8;8;0;CatalogTable;Сайт производителя tsunami-pump.ru, карточка модели, вкладка «Графики производительности», серия WQ
Tsunami;WQ;400WQ2000-25-200;MultiChannel;400;0;200.0;745;3~380 В;2500.0;;8;8;8;0;CatalogTable;Сайт производителя tsunami-pump.ru, карточка модели, вкладка «Графики производительности», серия WQ
Tsunami;WQ;400WQ2000-28-220;MultiChannel;400;0;220.0;745;3~380 В;2500.0;;8;8;8;0;CatalogTable;Сайт производителя tsunami-pump.ru, карточка модели, вкладка «Графики производительности», серия WQ
Tsunami;WQ;400WQ2000-32-250;MultiChannel;400;0;250.0;745;3~380 В;2500.0;;8;8;8;0;CatalogTable;Сайт производителя tsunami-pump.ru, карточка модели, вкладка «Графики производительности», серия WQ
Tsunami;WQ;400WQ2000-36-280;MultiChannel;400;0;280.0;745;3~380 В;2500.0;;8;8;8;0;CatalogTable;Сайт производителя tsunami-pump.ru, карточка модели, вкладка «Графики производительности», серия WQ
Tsunami;WQ;400WQ2000-40-315;MultiChannel;400;0;315.0;740;3~380 В;2500.0;;8;8;8;0;CatalogTable;Сайт производителя tsunami-pump.ru, карточка модели, вкладка «Графики производительности», серия WQ
Tsunami;WQ;400WQ2000-45-355;MultiChannel;400;0;355.0;740;3~380 В;1998.4;;15;0;0;0;CatalogTable;Сайт производителя tsunami-pump.ru, карточка модели, вкладка «Графики производительности», серия WQ
Tsunami;WQ;40WQ7-18-1.1;MultiChannel;40;0;1.1;0;3~380 В;8.0;27.0;4;0;0;0;CatalogTable;Сайт производителя tsunami-pump.ru, карточка модели, вкладка «Графики производительности», серия WQ
Tsunami;WQ;40WQ8-18-1.5;MultiChannel;40;0;1.5;0;3~380 В;12.0;20.1;15;0;0;0;CatalogTable;Сайт производителя tsunami-pump.ru, карточка модели, вкладка «Графики производительности», серия WQ
Tsunami;WQ;40WQ8-24-2.2;MultiChannel;40;0;2.2;0;3~380 В;12.0;33.9;15;0;0;0;CatalogTable;Сайт производителя tsunami-pump.ru, карточка модели, вкладка «Графики производительности», серия WQ
Tsunami;WQ;500WQ2000-7-55;MultiChannel;500;0;55.0;740;3~380 В;2400.0;;8;8;8;0;CatalogTable;Сайт производителя tsunami-pump.ru, карточка модели, вкладка «Графики производительности», серия WQ
Tsunami;WQ;500WQ2200-10-90;MultiChannel;500;0;90.0;990;3~380 В;2640.0;;8;8;8;0;CatalogTable;Сайт производителя tsunami-pump.ru, карточка модели, вкладка «Графики производительности», серия WQ
Tsunami;WQ;500WQ2200-12-110;MultiChannel;500;0;110.0;990;3~380 В;2640.0;;8;8;8;0;CatalogTable;Сайт производителя tsunami-pump.ru, карточка модели, вкладка «Графики производительности», серия WQ
Tsunami;WQ;500WQ2200-15-132;MultiChannel;500;0;132.0;990;3~380 В;2640.0;;8;8;8;0;CatalogTable;Сайт производителя tsunami-pump.ru, карточка модели, вкладка «Графики производительности», серия WQ
Tsunami;WQ;500WQ3000-11-132;MultiChannel;500;0;132.0;745;3~380 В;3600.0;;8;8;8;0;CatalogTable;Сайт производителя tsunami-pump.ru, карточка модели, вкладка «Графики производительности», серия WQ
Tsunami;WQ;500WQ3000-13-160;MultiChannel;500;0;160.0;745;3~380 В;3600.0;;8;8;8;0;CatalogTable;Сайт производителя tsunami-pump.ru, карточка модели, вкладка «Графики производительности», серия WQ
Tsunami;WQ;500WQ3000-15-185;MultiChannel;500;0;185.0;745;3~380 В;3000.2;;15;0;0;0;CatalogTable;Сайт производителя tsunami-pump.ru, карточка модели, вкладка «Графики производительности», серия WQ
Tsunami;WQ;500WQ3000-16-200;MultiChannel;500;0;200.0;745;3~380 В;3000.2;;15;0;0;0;CatalogTable;Сайт производителя tsunami-pump.ru, карточка модели, вкладка «Графики производительности», серия WQ
Tsunami;WQ;500WQ3000-21-250;MultiChannel;500;0;250.0;745;3~380 В;3600.0;;8;8;8;0;CatalogTable;Сайт производителя tsunami-pump.ru, карточка модели, вкладка «Графики производительности», серия WQ
Tsunami;WQ;50WQ10-10-0.75;MultiChannel;50;0;0.75;0;3~380 В;20.0;18.8;5;0;0;0;CatalogTable;Сайт производителя tsunami-pump.ru, карточка модели, вкладка «Графики производительности», серия WQ
Tsunami;WQ;50WQ10-12-1.1;MultiChannel;50;0;1.1;0;3~380 В;25.0;16.0;6;0;0;0;CatalogTable;Сайт производителя tsunami-pump.ru, карточка модели, вкладка «Графики производительности», серия WQ
Tsunami;WQ;50WQ10-16-1.5;MultiChannel;50;0;1.5;0;3~380 В;25.0;18.7;6;0;0;0;CatalogTable;Сайт производителя tsunami-pump.ru, карточка модели, вкладка «Графики производительности», серия WQ
Tsunami;WQ;50WQ15-15-1.5;MultiChannel;50;0;1.5;0;3~380 В;20.0;20.0;5;0;0;0;CatalogTable;Сайт производителя tsunami-pump.ru, карточка модели, вкладка «Графики производительности», серия WQ
Tsunami;WQ;50WQ15-20-2.2;MultiChannel;50;0;2.2;0;3~380 В;35.0;;15;0;0;0;CatalogTable;Сайт производителя tsunami-pump.ru, карточка модели, вкладка «Графики производительности», серия WQ
Tsunami;WQ;50WQ15-25-3;MultiChannel;50;0;3.0;0;3~380 В;45.1;;15;0;0;0;CatalogTable;Сайт производителя tsunami-pump.ru, карточка модели, вкладка «Графики производительности», серия WQ
Tsunami;WQ;50WQ15-30-4;MultiChannel;50;0;4.0;0;3~380 В;45.1;;15;0;0;0;CatalogTable;Сайт производителя tsunami-pump.ru, карточка модели, вкладка «Графики производительности», серия WQ
Tsunami;WQ;50WQ20-35-5.5;MultiChannel;50;0;5.5;0;3~380 В;44.9;;15;0;0;0;CatalogTable;Сайт производителя tsunami-pump.ru, карточка модели, вкладка «Графики производительности», серия WQ
Tsunami;WQ;50WQ7-15-1.1;MultiChannel;50;0;1.1;0;3~380 В;25.0;19.0;6;0;0;0;CatalogTable;Сайт производителя tsunami-pump.ru, карточка модели, вкладка «Графики производительности», серия WQ
Tsunami;WQ;50WQ9-22-2.2;MultiChannel;50;0;2.2;0;3~380 В;35.0;;15;0;0;0;CatalogTable;Сайт производителя tsunami-pump.ru, карточка модели, вкладка «Графики производительности», серия WQ
Tsunami;WQ;65WQ15-9-1.1;MultiChannel;65;0;1.1;0;3~380 В;30.0;15.0;6;0;0;0;CatalogTable;Сайт производителя tsunami-pump.ru, карточка модели, вкладка «Графики производительности», серия WQ
Tsunami;WQ;65WQ20-10-1.5;MultiChannel;65;0;1.5;0;3~380 В;40.0;14.9;15;0;0;0;CatalogTable;Сайт производителя tsunami-pump.ru, карточка модели, вкладка «Графики производительности», серия WQ
Tsunami;WQ;65WQ20-15-2.2;MultiChannel;65;0;2.2;0;3~380 В;40.0;22.0;8;0;0;0;CatalogTable;Сайт производителя tsunami-pump.ru, карточка модели, вкладка «Графики производительности», серия WQ
Tsunami;WQ;65WQ25-18-3;MultiChannel;65;0;3.0;0;3~380 В;40.0;26.0;8;0;0;0;CatalogTable;Сайт производителя tsunami-pump.ru, карточка модели, вкладка «Графики производительности», серия WQ
Tsunami;WQ;65WQ25-25-4;MultiChannel;65;0;4.0;0;3~380 В;40.0;32.0;8;0;0;0;CatalogTable;Сайт производителя tsunami-pump.ru, карточка модели, вкладка «Графики производительности», серия WQ
Tsunami;WQ;65WQ25-30-5.5;MultiChannel;65;0;5.5;0;3~380 В;40.0;38.0;8;0;0;0;CatalogTable;Сайт производителя tsunami-pump.ru, карточка модели, вкладка «Графики производительности», серия WQ
Tsunami;WQ;65WQ25-36-7.5;MultiChannel;65;0;7.5;0;3~380 В;40.0;45.0;8;0;0;0;CatalogTable;Сайт производителя tsunami-pump.ru, карточка модели, вкладка «Графики производительности», серия WQ
Tsunami;WQ;65WQ37-13-3;MultiChannel;65;0;3.0;0;3~380 В;40.0;28.0;8;0;0;0;CatalogTable;Сайт производителя tsunami-pump.ru, карточка модели, вкладка «Графики производительности», серия WQ
Tsunami;WQ;80WQ40-10-2.2;MultiChannel;80;0;2.2;0;3~380 В;50.0;16.0;8;0;0;0;CatalogTable;Сайт производителя tsunami-pump.ru, карточка модели, вкладка «Графики производительности», серия WQ
Tsunami;WQ;80WQ40-16-4;MultiChannel;80;0;4.0;0;3~380 В;69.8;;15;0;0;0;CatalogTable;Сайт производителя tsunami-pump.ru, карточка модели, вкладка «Графики производительности», серия WQ
Tsunami;WQ;80WQ40-22-5.5;MultiChannel;80;0;5.5;0;3~380 В;80.0;35.0;10;0;0;0;CatalogTable;Сайт производителя tsunami-pump.ru, карточка модели, вкладка «Графики производительности», серия WQ
Tsunami;WQ;80WQ40-28-7.5;MultiChannel;80;0;7.5;0;3~380 В;80.0;34.6;10;0;0;0;CatalogTable;Сайт производителя tsunami-pump.ru, карточка модели, вкладка «Графики производительности», серия WQ
Tsunami;WQ;80WQ40-7-1.5;MultiChannel;80;0;1.5;0;3~380 В;50.0;13.0;8;0;0;0;CatalogTable;Сайт производителя tsunami-pump.ru, карточка модели, вкладка «Графики производительности», серия WQ
Tsunami;WQ;80WQ43-13-3;MultiChannel;80;0;3.0;0;3~380 В;70.0;;15;0;0;0;CatalogTable;Сайт производителя tsunami-pump.ru, карточка модели, вкладка «Графики производительности», серия WQ
Tsunami;WQ;80WQ45-12-3;MultiChannel;80;0;3.0;0;3~380 В;70.0;20.0;9;0;0;0;CatalogTable;Сайт производителя tsunami-pump.ru, карточка модели, вкладка «Графики производительности», серия WQ
Tsunami;WQ;80WQ50-35-11;MultiChannel;80;0;11.0;2900;3~380 В;62.5;;8;8;8;0;CatalogTable;Сайт производителя tsunami-pump.ru, карточка модели, вкладка «Графики производительности», серия WQ
Tsunami;WQ;80WQ50-40-15;MultiChannel;80;0;15.0;2900;3~380 В;62.5;;8;8;8;0;CatalogTable;Сайт производителя tsunami-pump.ru, карточка модели, вкладка «Графики производительности», серия WQ
Tsunami;WQ;80WQ80-13-5.5;MultiChannel;80;0;5.5;0;3~380 В;130.2;;15;0;0;0;CatalogTable;Сайт производителя tsunami-pump.ru, карточка модели, вкладка «Графики производительности», серия WQ
Tsunami;WQ;80WQ80-20-7.5;MultiChannel;80;0;7.5;0;3~380 В;130.0;25.0;8;0;0;0;CatalogTable;Сайт производителя tsunami-pump.ru, карточка модели, вкладка «Графики производительности», серия WQ
Tsunami;ZGWQ;100ZGWQ100-15-7.5;Unknown;100;0;7.5;0;3~380 В;108.1;;15;0;0;0;CatalogTable;Сайт производителя tsunami-pump.ru, карточка модели, вкладка «Графики производительности», серия ZGWQ
Tsunami;ZGWQ;100ZGWQ60-22-7.5;Unknown;100;0;7.5;0;3~380 В;108.1;;15;0;0;0;CatalogTable;Сайт производителя tsunami-pump.ru, карточка модели, вкладка «Графики производительности», серия ZGWQ
Tsunami;ZGWQ;40ZGWQ6-12-0.75;Unknown;40;0;0.75;0;3~380 В;18.2;;15;0;0;0;CatalogTable;Сайт производителя tsunami-pump.ru, карточка модели, вкладка «Графики производительности», серия ZGWQ
Tsunami;ZGWQ;40ZGWQ7-15-1.1;Unknown;40;0;1.1;0;3~380 В;20.9;;15;0;0;0;CatalogTable;Сайт производителя tsunami-pump.ru, карточка модели, вкладка «Графики производительности», серия ZGWQ
Tsunami;ZGWQ;40ZGWQD6-12-0.75;Unknown;40;0;0.75;0;3~380 В;20.9;;15;0;0;0;CatalogTable;Сайт производителя tsunami-pump.ru, карточка модели, вкладка «Графики производительности», серия ZGWQ
Tsunami;ZGWQ;40ZGWQD7-15-1.1;Unknown;40;0;1.1;0;3~380 В;19.8;;15;0;0;0;CatalogTable;Сайт производителя tsunami-pump.ru, карточка модели, вкладка «Графики производительности», серия ZGWQ
Tsunami;ZGWQ;50ZGWQ10-10-0.75;Unknown;50;0;0.75;0;3~380 В;18.2;;15;0;0;0;CatalogTable;Сайт производителя tsunami-pump.ru, карточка модели, вкладка «Графики производительности», серия ZGWQ
Tsunami;ZGWQ;50ZGWQ12-10-1.1;Unknown;50;0;1.1;0;3~380 В;20.9;;15;0;0;0;CatalogTable;Сайт производителя tsunami-pump.ru, карточка модели, вкладка «Графики производительности», серия ZGWQ
Tsunami;ZGWQ;50ZGWQ15-22-3;Unknown;50;0;3.0;0;3~380 В;38.0;;15;0;0;0;CatalogTable;Сайт производителя tsunami-pump.ru, карточка модели, вкладка «Графики производительности», серия ZGWQ
Tsunami;ZGWQ;50ZGWQ9-22-2.2;Unknown;50;0;2.2;0;3~380 В;35.0;;15;0;0;0;CatalogTable;Сайт производителя tsunami-pump.ru, карточка модели, вкладка «Графики производительности», серия ZGWQ
Tsunami;ZGWQ;50ZGWQD10-10-0.75;Unknown;50;0;0.75;0;3~380 В;20.9;;15;0;0;0;CatalogTable;Сайт производителя tsunami-pump.ru, карточка модели, вкладка «Графики производительности», серия ZGWQ
Tsunami;ZGWQ;50ZGWQD12-10-1.1;Unknown;50;0;1.1;0;3~380 В;19.8;;15;0;0;0;CatalogTable;Сайт производителя tsunami-pump.ru, карточка модели, вкладка «Графики производительности», серия ZGWQ
Tsunami;ZGWQ;65ZGWQ20-18-2.2;Unknown;65;0;2.2;0;3~380 В;45.2;;15;0;0;0;CatalogTable;Сайт производителя tsunami-pump.ru, карточка модели, вкладка «Графики производительности», серия ZGWQ
Tsunami;ZGWQ;65ZGWQ25-10-1.5;Unknown;65;0;1.5;0;3~380 В;32.5;;15;0;0;0;CatalogTable;Сайт производителя tsunami-pump.ru, карточка модели, вкладка «Графики производительности», серия ZGWQ
Tsunami;ZGWQ;65ZGWQ25-30-5.5;Unknown;65;0;5.5;0;3~380 В;64.0;;15;0;0;0;CatalogTable;Сайт производителя tsunami-pump.ru, карточка модели, вкладка «Графики производительности», серия ZGWQ
Tsunami;ZGWQ;65ZGWQ25-35-7.5;Unknown;65;0;7.5;0;3~380 В;64.0;;15;0;0;0;CatalogTable;Сайт производителя tsunami-pump.ru, карточка модели, вкладка «Графики производительности», серия ZGWQ
Tsunami;ZGWQ;65ZGWQ26-22-4;Unknown;65;0;4.0;0;3~380 В;64.0;;15;0;0;0;CatalogTable;Сайт производителя tsunami-pump.ru, карточка модели, вкладка «Графики производительности», серия ZGWQ
Tsunami;ZGWQ;65ZGWQ35-15-3;Unknown;65;0;3.0;0;3~380 В;48.8;;15;0;0;0;CatalogTable;Сайт производителя tsunami-pump.ru, карточка модели, вкладка «Графики производительности», серия ZGWQ
Tsunami;ZGWQ;65ZGWQD25-10-1.5;Unknown;65;0;1.5;0;3~380 В;32.5;;15;0;0;0;CatalogTable;Сайт производителя tsunami-pump.ru, карточка модели, вкладка «Графики производительности», серия ZGWQ
Tsunami;ZGWQ;80ZGWQ45-17-4;Unknown;80;0;4.0;0;3~380 В;73.8;;15;0;0;0;CatalogTable;Сайт производителя tsunami-pump.ru, карточка модели, вкладка «Графики производительности», серия ZGWQ
Tsunami;ZGWQ;80ZGWQ45-25-7.5;Unknown;80;0;7.5;0;3~380 В;86.4;;15;0;0;0;CatalogTable;Сайт производителя tsunami-pump.ru, карточка модели, вкладка «Графики производительности», серия ZGWQ
Tsunami;ZGWQ;80ZGWQ45-9-2.2;Unknown;80;0;2.2;0;3~380 В;51.7;;15;0;0;0;CatalogTable;Сайт производителя tsunami-pump.ru, карточка модели, вкладка «Графики производительности», серия ZGWQ
Purity;WQ;100WQ100-100-110/4;MultiChannel;100;0;110.0;1450;3~380 В;179.79;112.54;16;0;0;0;CatalogTable;PURITY «Sewage Pump» каталог 2024.03, стр. PDF 10
Purity;WQ;100WQ100-15-7.5/4;MultiChannel;100;0;7.5;1450;3~380 В;149.78;27.46;16;0;0;0;CatalogTable;PURITY «Sewage Pump» каталог 2024.03, стр. PDF 10
Purity;WQ;100WQ100-25-11;MultiChannel;100;0;11.0;2900;3~380 В;159.79;36.76;16;0;0;0;CatalogTable;PURITY «Sewage Pump» каталог 2024.03, стр. PDF 10
Purity;WQ…A (новая серия);100WQ100-25-11A;MultiChannel;100;0;11.0;2900;3~380 В;159.91;41.71;16;0;0;0;CatalogTable;PURITY «Sewage Pump» каталог 2024.03, стр. PDF 10
Purity;WQ;100WQ100-30-15/4;MultiChannel;100;0;15.0;1450;3~380 В;164.53;42.82;16;0;0;0;CatalogTable;PURITY «Sewage Pump» каталог 2024.03, стр. PDF 10
Purity;WQ;100WQ100-35-18.5/4;MultiChannel;100;0;18.5;1450;3~380 В;164.53;47.82;16;0;0;0;CatalogTable;PURITY «Sewage Pump» каталог 2024.03, стр. PDF 10
Purity;WQ;100WQ100-40-22/4;MultiChannel;100;0;22.0;1450;3~380 В;165.86;52.15;16;0;0;0;CatalogTable;PURITY «Sewage Pump» каталог 2024.03, стр. PDF 10
Purity;WQ…A (новая серия);100WQ100-40-22A;MultiChannel;100;0;22.0;2900;3~380 В;146.15;56.17;16;0;0;0;CatalogTable;PURITY «Sewage Pump» каталог 2024.03, стр. PDF 10
Purity;WQ;100WQ100-57-45/4;MultiChannel;100;0;45.0;1450;3~380 В;179.79;55.46;16;0;0;0;CatalogTable;PURITY «Sewage Pump» каталог 2024.03, стр. PDF 10
Purity;WQ;100WQ100-65-55/4;MultiChannel;100;0;55.0;1450;3~380 В;169.79;77.45;16;0;0;0;CatalogTable;PURITY «Sewage Pump» каталог 2024.03, стр. PDF 10
Purity;WQ;100WQ110-10-5.5/4;MultiChannel;100;0;5.5;1450;3~380 В;129.77;23.81;16;0;0;0;CatalogTable;PURITY «Sewage Pump» каталог 2024.03, стр. PDF 10
Purity;WQ;100WQ120-45-30/4;MultiChannel;100;0;30.0;1450;3~380 В;183.53;58.86;16;0;0;0;CatalogTable;PURITY «Sewage Pump» каталог 2024.03, стр. PDF 10
Purity;WQ;100WQ120-50-37/4;MultiChannel;100;0;37.0;1450;3~380 В;167.18;68.85;16;0;0;0;CatalogTable;PURITY «Sewage Pump» каталог 2024.03, стр. PDF 10
Purity;WQ;100WQ120-75-75/4;MultiChannel;100;0;75.0;1450;3~380 В;184.64;84.52;16;0;0;0;CatalogTable;PURITY «Sewage Pump» каталог 2024.03, стр. PDF 10
Purity;WQ;100WQ120-85-90/4;MultiChannel;100;0;90.0;1450;3~380 В;189.8;94.04;16;0;0;0;CatalogTable;PURITY «Sewage Pump» каталог 2024.03, стр. PDF 10
Purity;WQ…A (новая серия);100WQ60-13-4A;MultiChannel;100;0;4.0;2900;3~380 В;73.58;21.52;16;0;0;0;CatalogTable;PURITY «Sewage Pump» каталог 2024.03, стр. PDF 10
Purity;WQ…A (новая серия);100WQ60-9-3A;MultiChannel;100;0;3.0;2900;3~380 В;71.04;20.76;16;0;0;0;CatalogTable;PURITY «Sewage Pump» каталог 2024.03, стр. PDF 10
Purity;WQ…QG;100WQ65-12-4QG/2;Cutter;100;0;4.0;2900;3~380 В;93.43;27.43;16;0;0;0;CatalogTable;PURITY «Sewage Pump» каталог 2024.03, стр. PDF 6
Purity;WQ…A (новая серия);100WQ65-15-5.5A;MultiChannel;100;0;5.5;2900;3~380 В;75.21;25.76;16;0;0;0;CatalogTable;PURITY «Sewage Pump» каталог 2024.03, стр. PDF 10
Purity;WQ…QG;100WQ65-17-5.5QG;Cutter;100;0;5.5;2900;3~380 В;109.56;31.65;16;0;0;0;CatalogTable;PURITY «Sewage Pump» каталог 2024.03, стр. PDF 6
Purity;WQ…A (новая серия);100WQ65-22-7.5A;MultiChannel;100;0;7.5;2900;3~380 В;85.23;30.23;16;0;0;0;CatalogTable;PURITY «Sewage Pump» каталог 2024.03, стр. PDF 10
Purity;WQ…QG;100WQ65-23-7.5QG/2;Cutter;100;0;7.5;2900;3~380 В;130.12;36.66;16;0;0;0;CatalogTable;PURITY «Sewage Pump» каталог 2024.03, стр. PDF 6
Purity;WQ…A (новая серия);100WQ80-40-18.5A;MultiChannel;100;0;18.5;2900;3~380 В;143.74;51.49;16;0;0;0;CatalogTable;PURITY «Sewage Pump» каталог 2024.03, стр. PDF 10
Purity;WQV;100WQV100-30-15/2;Vortex;100;0;15.0;2900;3~380 В;171.03;44.23;16;0;0;0;CatalogTable;PURITY «Sewage Pump» каталог 2024.03, стр. PDF 6
Purity;WQV;100WQV80-25-11/4;Vortex;100;0;11.0;1450;3~380 В;194.03;29.15;16;0;0;0;CatalogTable;PURITY «Sewage Pump» каталог 2024.03, стр. PDF 6
Purity;WQV;100WQV80-30-15/4;Vortex;100;0;15.0;1450;3~380 В;194.03;34.21;16;0;0;0;CatalogTable;PURITY «Sewage Pump» каталог 2024.03, стр. PDF 6
Purity;WQV;100WQV80-40-18.5/2;Vortex;100;0;18.5;2900;3~380 В;171.03;51.36;16;0;0;0;CatalogTable;PURITY «Sewage Pump» каталог 2024.03, стр. PDF 6
Purity;WQV;100WQV80-45-22/2;Vortex;100;0;22.0;2900;3~380 В;171.03;56.33;16;0;0;0;CatalogTable;PURITY «Sewage Pump» каталог 2024.03, стр. PDF 6
Purity;WQ…QG;150WQ100-12-7.5QG/2;Cutter;150;0;7.5;2900;3~380 В;151.88;26.42;16;0;0;0;CatalogTable;PURITY «Sewage Pump» каталог 2024.03, стр. PDF 6
Purity;WQ…A (новая серия);150WQ100-7-5.5A;MultiChannel;150;0;5.5;2900;3~380 В;116.11;16.61;16;0;0;0;CatalogTable;PURITY «Sewage Pump» каталог 2024.03, стр. PDF 10
Purity;WQ…A (новая серия);150WQ130-25-18.5A;MultiChannel;150;0;18.5;2900;3~380 В;164.71;41.38;16;0;0;0;CatalogTable;PURITY «Sewage Pump» каталог 2024.03, стр. PDF 10
Purity;WQ…A (новая серия);150WQ130-30-22A;MultiChannel;150;0;22.0;2900;3~380 В;177.11;49.54;16;0;0;0;CatalogTable;PURITY «Sewage Pump» каталог 2024.03, стр. PDF 10
Purity;WQ;150WQ145-9-7.5/4;MultiChannel;150;0;7.5;1450;3~380 В;315.75;13.53;16;0;0;0;CatalogTable;PURITY «Sewage Pump» каталог 2024.03, стр. PDF 10
Purity;WQ…A (новая серия);150WQ150-15-11A;MultiChannel;150;0;11.0;2900;3~380 В;187.95;37.1;16;0;0;0;CatalogTable;PURITY «Sewage Pump» каталог 2024.03, стр. PDF 10
Purity;WQ;150WQ150-7-5.5/4;MultiChannel;150;0;5.5;1450;3~380 В;249.06;10.3;16;0;0;0;CatalogTable;PURITY «Sewage Pump» каталог 2024.03, стр. PDF 10
Purity;WQ;150WQ180-11-11/4;MultiChannel;150;0;11.0;1450;3~380 В;284.46;21.61;16;0;0;0;CatalogTable;PURITY «Sewage Pump» каталог 2024.03, стр. PDF 10
Purity;WQ;150WQ180-20-18.5/4;MultiChannel;150;0;18.5;1450;3~380 В;313.72;31.97;16;0;0;0;CatalogTable;PURITY «Sewage Pump» каталог 2024.03, стр. PDF 10
Purity;WQ;150WQ180-30-30/4;MultiChannel;150;0;30.0;1450;3~380 В;499.01;38.46;16;0;0;0;CatalogTable;PURITY «Sewage Pump» каталог 2024.03, стр. PDF 11
Purity;WQ;150WQ180-50-55/4;MultiChannel;150;0;55.0;1450;3~380 В;459.96;58.45;16;0;0;0;CatalogTable;PURITY «Sewage Pump» каталог 2024.03, стр. PDF 11
Purity;WQ;150WQ180-80-110/4;MultiChannel;150;0;110.0;1450;3~380 В;499.01;86.56;16;0;0;0;CatalogTable;PURITY «Sewage Pump» каталог 2024.03, стр. PDF 11
Purity;WQ;150WQ200-110-185/4;MultiChannel;150;0;185.0;1450;3~380 В;539.9;118.42;16;0;0;0;CatalogTable;PURITY «Sewage Pump» каталог 2024.03, стр. PDF 11
Purity;WQ;150WQ200-15-15/4;MultiChannel;150;0;15.0;1450;3~380 В;268.09;26.37;16;0;0;0;CatalogTable;PURITY «Sewage Pump» каталог 2024.03, стр. PDF 10
Purity;WQ;150WQ200-22-22/4;MultiChannel;150;0;22.0;1450;3~380 В;299.07;35.51;16;0;0;0;CatalogTable;PURITY «Sewage Pump» каталог 2024.03, стр. PDF 10
Purity;WQ;150WQ200-35-37/4;MultiChannel;150;0;37.0;1450;3~380 В;441.79;45.11;16;0;0;0;CatalogTable;PURITY «Sewage Pump» каталог 2024.03, стр. PDF 10
Purity;WQ;150WQ200-40-45/4;MultiChannel;150;0;45.0;1450;3~380 В;451.27;48.45;16;0;0;0;CatalogTable;PURITY «Sewage Pump» каталог 2024.03, стр. PDF 11
Purity;WQ;150WQ200-60-75/4;MultiChannel;150;0;75.0;1450;3~380 В;472.99;68.44;16;0;0;0;CatalogTable;PURITY «Sewage Pump» каталог 2024.03, стр. PDF 11
Purity;WQ;150WQ200-70-90/4;MultiChannel;150;0;90.0;1450;3~380 В;483.42;78.44;16;0;0;0;CatalogTable;PURITY «Sewage Pump» каталог 2024.03, стр. PDF 11
Purity;WQ;150WQ200-90-132/4;MultiChannel;150;0;132.0;1450;3~380 В;514.7;98.43;16;0;0;0;CatalogTable;PURITY «Sewage Pump» каталог 2024.03, стр. PDF 11
Purity;WQ;150WQ220-100-160/4;MultiChannel;150;0;160.0;1450;3~380 В;525.12;106.78;16;0;0;0;CatalogTable;PURITY «Sewage Pump» каталог 2024.03, стр. PDF 11
Purity;WQV;150WQV100-30-15;Vortex;150;0;15.0;2900;3~380 В;168.48;35.15;16;0;0;0;CatalogTable;PURITY «Sewage Pump» каталог 2024.03, стр. PDF 6
Purity;WQV;150WQV100-36-18.5/2;Vortex;150;0;18.5;2900;3~380 В;168.48;45.1;16;0;0;0;CatalogTable;PURITY «Sewage Pump» каталог 2024.03, стр. PDF 6
Purity;WQV;150WQV100-40-22/2;Vortex;150;0;22.0;2900;3~380 В;168.02;51.19;16;0;0;0;CatalogTable;PURITY «Sewage Pump» каталог 2024.03, стр. PDF 6
Purity;WQV;150WQV150-15-11/4;Vortex;150;0;11.0;1450;3~380 В;232.16;22.62;16;0;0;0;CatalogTable;PURITY «Sewage Pump» каталог 2024.03, стр. PDF 6
Purity;WQV;150WQV250-15-18.5/4;Vortex;150;0;18.5;1450;3~380 В;256.33;25.79;16;0;0;0;CatalogTable;PURITY «Sewage Pump» каталог 2024.03, стр. PDF 6
Purity;WQV;150WQV300-15-22/4;Vortex;150;0;22.0;1450;3~380 В;334.45;29.1;16;0;0;0;CatalogTable;PURITY «Sewage Pump» каталог 2024.03, стр. PDF 6
Purity;WQ;200WQ180-11-11/2;MultiChannel;200;0;11.0;2900;3~380 В;341.13;17.8;16;0;0;0;CatalogTable;PURITY «Sewage Pump» каталог 2024.03, стр. PDF 11
Purity;WQ;200WQ180-15-15/2;MultiChannel;200;0;15.0;2900;3~380 В;398.61;23.1;16;0;0;0;CatalogTable;PURITY «Sewage Pump» каталог 2024.03, стр. PDF 11
Purity;WQ;200WQ180-18-18.5/2;MultiChannel;200;0;18.5;2900;3~380 В;398.61;25.17;16;0;0;0;CatalogTable;PURITY «Sewage Pump» каталог 2024.03, стр. PDF 11
Purity;WQ…A (новая серия);200WQ200-15-18.5A;MultiChannel;200;0;18.5;2900;3~380 В;231.31;35.35;16;0;0;0;CatalogTable;PURITY «Sewage Pump» каталог 2024.03, стр. PDF 10
Purity;WQ;200WQ200-20-22/2;MultiChannel;200;0;22.0;2900;3~380 В;469.47;28.93;16;0;0;0;CatalogTable;PURITY «Sewage Pump» каталог 2024.03, стр. PDF 11
Purity;WQ…A (новая серия);200WQ210-7-11A;MultiChannel;200;0;11.0;2900;3~380 В;231.14;27.64;16;0;0;0;CatalogTable;PURITY «Sewage Pump» каталог 2024.03, стр. PDF 10
Purity;WQ…A (новая серия);200WQ220-12-15A;MultiChannel;200;0;15.0;2900;3~380 В;221.68;33.58;16;0;0;0;CatalogTable;PURITY «Sewage Pump» каталог 2024.03, стр. PDF 10
Purity;WQ;200WQ250-11-15/4;MultiChannel;200;0;15.0;1450;3~380 В;423.64;21.74;16;0;0;0;CatalogTable;PURITY «Sewage Pump» каталог 2024.03, стр. PDF 11
Purity;WQ;200WQ250-22-30/4;MultiChannel;200;0;30.0;1450;3~380 В;535.69;33.02;16;0;0;0;CatalogTable;PURITY «Sewage Pump» каталог 2024.03, стр. PDF 11
Purity;WQ;200WQ250-6-7.5/4;MultiChannel;200;0;7.5;1450;3~380 В;322.65;13.86;16;0;0;0;CatalogTable;PURITY «Sewage Pump» каталог 2024.03, стр. PDF 11
Purity;WQ;200WQ300-28-37/4;MultiChannel;200;0;37.0;1450;3~380 В;520.5;35.61;16;0;0;0;CatalogTable;PURITY «Sewage Pump» каталог 2024.03, стр. PDF 11
Purity;WQ;200WQ300-65-110/4;MultiChannel;200;0;110.0;1450;3~380 В;698.11;78.99;16;0;0;0;CatalogTable;PURITY «Sewage Pump» каталог 2024.03, стр. PDF 11
Purity;WQ;200WQ300-7-11/4;MultiChannel;200;0;11.0;1450;3~380 В;374.76;17.94;16;0;0;0;CatalogTable;PURITY «Sewage Pump» каталог 2024.03, стр. PDF 11
Purity;WQ;200WQ350-45-75/4;MultiChannel;200;0;75.0;1450;3~380 В;667.62;57.57;16;0;0;0;CatalogTable;PURITY «Sewage Pump» каталог 2024.03, стр. PDF 11
Purity;WQ;200WQ400-25-45/4;MultiChannel;200;0;45.0;1450;3~380 В;581.09;44.01;16;0;0;0;CatalogTable;PURITY «Sewage Pump» каталог 2024.03, стр. PDF 11
Purity;WQ;200WQ400-50-90/4;MultiChannel;200;0;90.0;1450;3~380 В;684.6;74.72;16;0;0;0;CatalogTable;PURITY «Sewage Pump» каталог 2024.03, стр. PDF 11
Purity;WQ;200WQ400-75-132/4;MultiChannel;200;0;132.0;1450;3~380 В;712.91;89.0;16;0;0;0;CatalogTable;PURITY «Sewage Pump» каталог 2024.03, стр. PDF 11
Purity;WQ;200WQ400-85-160/4;MultiChannel;200;0;160.0;1450;3~380 В;720.46;97.5;16;0;0;0;CatalogTable;PURITY «Sewage Pump» каталог 2024.03, стр. PDF 11
Purity;WQ;200WQ400-90-185/4;MultiChannel;200;0;185.0;1450;3~380 В;733.67;103.9;16;0;0;0;CatalogTable;PURITY «Sewage Pump» каталог 2024.03, стр. PDF 11
Purity;WQV;200WQV180-11-11/4;Vortex;200;0;11.0;1450;3~380 В;312.3;16.91;16;0;0;0;CatalogTable;PURITY «Sewage Pump» каталог 2024.03, стр. PDF 6
Purity;WQV;200WQV180-15-15/2;Vortex;200;0;15.0;2900;3~380 В;223.45;30.81;16;0;0;0;CatalogTable;PURITY «Sewage Pump» каталог 2024.03, стр. PDF 6
Purity;WQV;200WQV180-18-18.5/2;Vortex;200;0;18.5;2900;3~380 В;223.45;34.15;16;0;0;0;CatalogTable;PURITY «Sewage Pump» каталог 2024.03, стр. PDF 6
Purity;WQV;200WQV200-20-22/2;Vortex;200;0;22.0;2900;3~380 В;223.45;37.88;16;0;0;0;CatalogTable;PURITY «Sewage Pump» каталог 2024.03, стр. PDF 6
Purity;WQV;200WQV250-11-15/4;Vortex;200;0;15.0;1450;3~380 В;411.22;25.96;16;0;0;0;CatalogTable;PURITY «Sewage Pump» каталог 2024.03, стр. PDF 6
Purity;WQV;200WQV250-21-30/4;Vortex;250;0;30.0;1450;3~380 В;435.33;29.1;16;0;0;0;CatalogTable;PURITY «Sewage Pump» каталог 2024.03, стр. PDF 6
Purity;WQV;200WQV350-12-18.5/4;Vortex;200;0;18.5;1450;3~380 В;411.22;27.66;16;0;0;0;CatalogTable;PURITY «Sewage Pump» каталог 2024.03, стр. PDF 6
Purity;WQ;250WQ400-5-11/4;MultiChannel;250;0;11.0;1450;3~380 В;535.87;13.83;16;0;0;0;CatalogTable;PURITY «Sewage Pump» каталог 2024.03, стр. PDF 11
Purity;WQ;250WQ500-5-15/4;MultiChannel;250;0;15.0;1450;3~380 В;598.0;15.88;16;0;0;0;CatalogTable;PURITY «Sewage Pump» каталог 2024.03, стр. PDF 11
Purity;WQ;250WQ500-7-18.5/4;MultiChannel;250;0;18.5;1450;3~380 В;653.66;17.74;16;0;0;0;CatalogTable;PURITY «Sewage Pump» каталог 2024.03, стр. PDF 11
Purity;WQ;250WQ500-9-22/4;MultiChannel;250;0;22.0;1450;3~380 В;697.95;19.7;16;0;0;0;CatalogTable;PURITY «Sewage Pump» каталог 2024.03, стр. PDF 11
Purity;WQ;250WQ600-12-37/4;MultiChannel;250;0;37.0;1450;3~380 В;897.86;25.75;16;0;0;0;CatalogTable;PURITY «Sewage Pump» каталог 2024.03, стр. PDF 11
Purity;WQ;250WQ600-15-45/4;MultiChannel;250;0;45.0;1450;3~380 В;875.35;27.57;16;0;0;0;CatalogTable;PURITY «Sewage Pump» каталог 2024.03, стр. PDF 11
Purity;WQ;250WQ600-20-55/4;MultiChannel;250;0;55.0;1450;3~380 В;913.69;34.31;16;0;0;0;CatalogTable;PURITY «Sewage Pump» каталог 2024.03, стр. PDF 11
Purity;WQ;250WQ600-25-75/4;MultiChannel;250;0;75.0;1450;3~380 В;949.45;41.2;16;0;0;0;CatalogTable;PURITY «Sewage Pump» каталог 2024.03, стр. PDF 11
Purity;WQ;250WQ600-30-90/4;MultiChannel;250;0;90.0;1450;3~380 В;972.86;46.17;16;0;0;0;CatalogTable;PURITY «Sewage Pump» каталог 2024.03, стр. PDF 11
Purity;WQ;250WQ600-40-110/4;MultiChannel;250;0;110.0;1450;3~380 В;1021.95;56.63;16;0;0;0;CatalogTable;PURITY «Sewage Pump» каталог 2024.03, стр. PDF 11
Purity;WQ;250WQ600-50-132/4;MultiChannel;250;0;132.0;1450;3~380 В;1057.46;66.82;16;0;0;0;CatalogTable;PURITY «Sewage Pump» каталог 2024.03, стр. PDF 11
Purity;WQ;250WQ600-60-160/4;MultiChannel;250;0;160.0;1450;3~380 В;1101.49;76.15;16;0;0;0;CatalogTable;PURITY «Sewage Pump» каталог 2024.03, стр. PDF 11
Purity;WQ;250WQ600-70-185/4;MultiChannel;250;0;185.0;1450;3~380 В;1119.17;86.15;16;0;0;0;CatalogTable;PURITY «Sewage Pump» каталог 2024.03, стр. PDF 11
Purity;WQ;250WQ600-9-30/4;MultiChannel;250;0;30.0;1450;3~380 В;797.91;23.05;16;0;0;0;CatalogTable;PURITY «Sewage Pump» каталог 2024.03, стр. PDF 11
Purity;WQ;250WQ750-75-200/4;MultiChannel;250;0;200.0;1450;3~380 В;1150.1;92.42;16;0;0;0;CatalogTable;PURITY «Sewage Pump» каталог 2024.03, стр. PDF 11
Purity;WQV;250WQV450-15-30/4;Vortex;250;0;30.0;1450;3~380 В;759.97;25.43;16;0;0;0;CatalogTable;PURITY «Sewage Pump» каталог 2024.03, стр. PDF 6
Purity;WQ;300WQ1000-25-110/4;MultiChannel;300;0;110.0;1450;3~380 В;1396.95;32.24;16;0;0;0;CatalogTable;PURITY «Sewage Pump» каталог 2024.03, стр. PDF 11
Purity;WQ;300WQ1000-45-200/4;MultiChannel;300;0;200.0;1450;3~380 В;1544.03;54.6;16;0;0;0;CatalogTable;PURITY «Sewage Pump» каталог 2024.03, стр. PDF 11
Purity;WQ;300WQ1000-55-315/4;MultiChannel;300;0;315.0;1450;3~380 В;1583.88;64.38;16;0;0;0;CatalogTable;PURITY «Sewage Pump» каталог 2024.03, стр. PDF 11
Purity;WQ;300WQ1000-6-30/6;MultiChannel;300;0;30.0;960;3~380 В;1197.81;19.67;16;0;0;0;CatalogTable;PURITY «Sewage Pump» каталог 2024.03, стр. PDF 11
Purity;WQ;300WQ1100-45-250/4;MultiChannel;300;0;250.0;1450;3~380 В;1570.59;57.58;16;0;0;0;CatalogTable;PURITY «Sewage Pump» каталог 2024.03, стр. PDF 11
Purity;WQ;300WQ650-5-18.5/4;MultiChannel;300;0;18.5;1450;3~380 В;777.72;16.56;16;0;0;0;CatalogTable;PURITY «Sewage Pump» каталог 2024.03, стр. PDF 11
Purity;WQ;300WQ650-7-22/4;MultiChannel;300;0;22.0;1450;3~380 В;844.07;18.29;16;0;0;0;CatalogTable;PURITY «Sewage Pump» каталог 2024.03, стр. PDF 11
Purity;WQ;300WQ800-12-45/4;MultiChannel;300;0;45.0;1450;3~380 В;948.59;31.27;16;0;0;0;CatalogTable;PURITY «Sewage Pump» каталог 2024.03, стр. PDF 11
Purity;WQ;300WQ800-15-55/4;MultiChannel;300;0;55.0;1450;3~380 В;1019.92;34.07;16;0;0;0;CatalogTable;PURITY «Sewage Pump» каталог 2024.03, стр. PDF 11
Purity;WQ;300WQ800-20-75/4;MultiChannel;300;0;75.0;1450;3~380 В;1196.83;27.23;16;0;0;0;CatalogTable;PURITY «Sewage Pump» каталог 2024.03, стр. PDF 11
Purity;WQ;300WQ800-25-90/4;MultiChannel;300;0;90.0;1450;3~380 В;1296.87;30.24;16;0;0;0;CatalogTable;PURITY «Sewage Pump» каталог 2024.03, стр. PDF 11
Purity;WQ;300WQ800-36-132/4;MultiChannel;300;0;132.0;1450;3~380 В;1446.99;41.24;16;0;0;0;CatalogTable;PURITY «Sewage Pump» каталог 2024.03, стр. PDF 11
Purity;WQ;300WQ800-40-160/4;MultiChannel;300;0;160.0;1450;3~380 В;1529.28;47.25;16;0;0;0;CatalogTable;PURITY «Sewage Pump» каталог 2024.03, стр. PDF 11
Purity;WQ;300WQ800-7-30/4;MultiChannel;300;0;30.0;1450;3~380 В;897.84;26.04;16;0;0;0;CatalogTable;PURITY «Sewage Pump» каталог 2024.03, стр. PDF 11
Purity;WQ;300WQ800-9-37/4;MultiChannel;300;0;37.0;1450;3~380 В;948.59;28.77;16;0;0;0;CatalogTable;PURITY «Sewage Pump» каталог 2024.03, стр. PDF 11
Purity;WQ;300WQ900-40-185/4;MultiChannel;300;0;185.0;1450;3~380 В;1497.04;45.24;16;0;0;0;CatalogTable;PURITY «Sewage Pump» каталог 2024.03, стр. PDF 11
Purity;WQV;300WQV600-10-30/4;Vortex;300;0;30.0;1450;3~380 В;832.42;21.6;16;0;0;0;CatalogTable;PURITY «Sewage Pump» каталог 2024.03, стр. PDF 6
Purity;WQ;350WQ1000-10-55/4;MultiChannel;350;0;55.0;1450;3~380 В;1662.12;11.69;16;0;0;0;CatalogTable;PURITY «Sewage Pump» каталог 2024.03, стр. PDF 11
Purity;WQ;350WQ1000-15-75/4;MultiChannel;350;0;75.0;1450;3~380 В;1720.63;16.98;16;0;0;0;CatalogTable;PURITY «Sewage Pump» каталог 2024.03, стр. PDF 11
Purity;WQ;350WQ1000-18-90/4;MultiChannel;350;0;90.0;1450;3~380 В;1772.63;20.39;16;0;0;0;CatalogTable;PURITY «Sewage Pump» каталог 2024.03, стр. PDF 11
Purity;WQ;350WQ1000-35-160/4;MultiChannel;350;0;160.0;1450;3~380 В;1909.14;36.11;16;0;0;0;CatalogTable;PURITY «Sewage Pump» каталог 2024.03, стр. PDF 11
Purity;WQ;350WQ1000-6-37/4;MultiChannel;350;0;37.0;1450;3~380 В;1595.76;7.57;16;0;0;0;CatalogTable;PURITY «Sewage Pump» каталог 2024.03, стр. PDF 11
Purity;WQ;350WQ1100-10-55/6;MultiChannel;350;0;55.0;960;3~380 В;1953.05;11.95;16;0;0;0;CatalogTable;PURITY «Sewage Pump» каталог 2024.03, стр. PDF 11
Purity;WQ;350WQ1100-28-132/4;MultiChannel;350;0;132.0;1450;3~380 В;1860.39;31.6;16;0;0;0;CatalogTable;PURITY «Sewage Pump» каталог 2024.03, стр. PDF 11
Purity;WQ;350WQ1100-38-185/4;MultiChannel;350;0;185.0;1450;3~380 В;1967.65;40.61;16;0;0;0;CatalogTable;PURITY «Sewage Pump» каталог 2024.03, стр. PDF 11
Purity;WQ;350WQ1200-18-90/6;MultiChannel;350;0;90.0;960;3~380 В;1970.48;28.1;16;0;0;0;CatalogTable;PURITY «Sewage Pump» каталог 2024.03, стр. PDF 11
Purity;WQ;350WQ1200-35-160/6;MultiChannel;350;0;160.0;960;3~380 В;2193.63;39.46;16;0;0;0;CatalogTable;PURITY «Sewage Pump» каталог 2024.03, стр. PDF 11
Purity;WQ;350WQ1200-8-45/4;MultiChannel;350;0;45.0;1450;3~380 В;1626.36;9.48;16;0;0;0;CatalogTable;PURITY «Sewage Pump» каталог 2024.03, стр. PDF 11
Purity;WQ;350WQ1300-20-110/4;MultiChannel;350;0;110.0;1450;3~380 В;1795.64;22.89;16;0;0;0;CatalogTable;PURITY «Sewage Pump» каталог 2024.03, стр. PDF 11
Purity;WQ;350WQ1300-35-200/4;MultiChannel;350;0;200.0;1450;3~380 В;2234.29;45.91;16;0;0;0;CatalogTable;PURITY «Sewage Pump» каталог 2024.03, стр. PDF 11
Purity;WQ;350WQ1500-12-75/6;MultiChannel;350;0;75.0;960;3~380 В;1952.43;25.52;16;0;0;0;CatalogTable;PURITY «Sewage Pump» каталог 2024.03, стр. PDF 11
Purity;WQ;350WQ1500-20-132/6;MultiChannel;350;0;132.0;960;3~380 В;2060.08;35.31;16;0;0;0;CatalogTable;PURITY «Sewage Pump» каталог 2024.03, стр. PDF 11
Purity;WQ;350WQ1500-36-250/4;MultiChannel;350;0;250.0;1450;3~380 В;2253.23;41.62;16;0;0;0;CatalogTable;PURITY «Sewage Pump» каталог 2024.03, стр. PDF 11
Purity;WQ;350WQ1500-4-30/6;MultiChannel;350;0;30.0;960;3~380 В;1903.77;6.61;16;0;0;0;CatalogTable;PURITY «Sewage Pump» каталог 2024.03, стр. PDF 11
Purity;WQ;350WQ1500-45-315/4;MultiChannel;350;0;315.0;1450;3~380 В;2347.9;53.51;16;0;0;0;CatalogTable;PURITY «Sewage Pump» каталог 2024.03, стр. PDF 11
Purity;WQ;350WQ1600-16-110/6;MultiChannel;350;0;110.0;960;3~380 В;1993.9;32.74;16;0;0;0;CatalogTable;PURITY «Sewage Pump» каталог 2024.03, стр. PDF 11
Purity;WQ…A (новая серия);40WQ6-16-0.75A;MultiChannel;40;0;0.75;2900;3~380 В;20.58;16.21;16;0;0;0;CatalogTable;PURITY «Sewage Pump» каталог 2024.03, стр. PDF 10
Purity;WQ…A (новая серия);50WQ(D)10-10-0.75A;MultiChannel;50;0;0.75;2900;3~380 В;14.36;18.4;16;0;0;0;CatalogTable;PURITY «Sewage Pump» каталог 2024.03, стр. PDF 10
Purity;WQ…A (новая серия);50WQ(D)15-15-1.5A;MultiChannel;50;0;1.5;2900;3~380 В;29.15;18.44;16;0;0;0;CatalogTable;PURITY «Sewage Pump» каталог 2024.03, стр. PDF 10
Purity;WQ…QG;50WQ15-15-1.5QG/2;Cutter;50;0;1.5;2900;3~380 В;26.32;21.01;16;0;0;0;CatalogTable;PURITY «Sewage Pump» каталог 2024.03, стр. PDF 5
Purity;WQ…A (новая серия);50WQ(D)15-20-2.2A;MultiChannel;50;0;2.2;2900;3~380 В;31.01;23.53;16;0;0;0;CatalogTable;PURITY «Sewage Pump» каталог 2024.03, стр. PDF 10
Purity;WQ…QG;50WQ15-20-2.2QG/2;Cutter;50;0;2.2;2900;3~380 В;30.44;26.05;16;0;0;0;CatalogTable;PURITY «Sewage Pump» каталог 2024.03, стр. PDF 5
Purity;WQ…A (новая серия);50WQ15-30-3A;MultiChannel;50;0;3.0;2900;3~380 В;39.38;31.43;16;0;0;0;CatalogTable;PURITY «Sewage Pump» каталог 2024.03, стр. PDF 10
Purity;WQ…A (новая серия);50WQ15-35-4A;MultiChannel;50;0;4.0;2900;3~380 В;45.02;38.73;16;0;0;0;CatalogTable;PURITY «Sewage Pump» каталог 2024.03, стр. PDF 10
Purity;WQ…A (новая серия);50WQ15-40-5.5A;MultiChannel;50;0;5.5;2900;3~380 В;46.7;44.23;16;0;0;0;CatalogTable;PURITY «Sewage Pump» каталог 2024.03, стр. PDF 10
Purity;WQ…A (новая серия);50WQ20-45-7.5A;MultiChannel;50;0;7.5;2900;3~380 В;45.02;56.25;16;0;0;0;CatalogTable;PURITY «Sewage Pump» каталог 2024.03, стр. PDF 10
Purity;WQ…A (новая серия);50WQ(D)8-16-1.1A;MultiChannel;50;0;1.1;2900;3~380 В;29.15;17.2;16;0;0;0;CatalogTable;PURITY «Sewage Pump» каталог 2024.03, стр. PDF 10
Purity;WQ…A (новая серия);50WQ(D)8-20-1.5A;MultiChannel;50;0;1.5;2900;3~380 В;30.55;20.85;16;0;0;0;CatalogTable;PURITY «Sewage Pump» каталог 2024.03, стр. PDF 10
Purity;WQ…A (новая серия);65WQ(D)15-10-1.1A;MultiChannel;65;0;1.1;2900;3~380 В;30.37;;16;0;0;0;CatalogTable;PURITY «Sewage Pump» каталог 2024.03, стр. PDF 10
Purity;WQ…A (новая серия);65WQ(D)25-10-1.5A;MultiChannel;65;0;1.5;2900;3~380 В;33.66;;16;0;0;0;CatalogTable;PURITY «Sewage Pump» каталог 2024.03, стр. PDF 10
Purity;WQ…QG;65WQ25-10-1.5QG/2;Cutter;65;0;1.5;2900;3~380 В;31.14;16.83;16;0;0;0;CatalogTable;PURITY «Sewage Pump» каталог 2024.03, стр. PDF 5
Purity;WQ…A (новая серия);65WQ(D)25-17-2.2A;MultiChannel;65;0;2.2;2900;3~380 В;41.74;;16;0;0;0;CatalogTable;PURITY «Sewage Pump» каталог 2024.03, стр. PDF 10
Purity;WQ…QG;65WQ25-17-2.2QG/2;Cutter;65;0;2.2;2900;3~380 В;35.82;22.23;16;0;0;0;CatalogTable;PURITY «Sewage Pump» каталог 2024.03, стр. PDF 5
Purity;WQ…QG;65WQ25-21-3QG/2;Cutter;65;0;3.0;2900;3~380 В;49.96;28.06;16;0;0;0;CatalogTable;PURITY «Sewage Pump» каталог 2024.03, стр. PDF 5
Purity;WQ…A (новая серия);65WQ25-22-3A;MultiChannel;65;0;3.0;2900;3~380 В;45.07;33.64;16;0;0;0;CatalogTable;PURITY «Sewage Pump» каталог 2024.03, стр. PDF 10
Purity;WQ…QG;65WQ25-26-4QG/2;Cutter;65;0;4.0;2900;3~380 В;54.0;30.64;16;0;0;0;CatalogTable;PURITY «Sewage Pump» каталог 2024.03, стр. PDF 5
Purity;WQ…A (новая серия);65WQ25-28-4A;MultiChannel;65;0;4.0;2900;3~380 В;48.8;37.32;16;0;0;0;CatalogTable;PURITY «Sewage Pump» каталог 2024.03, стр. PDF 10
Purity;WQ…A (новая серия);65WQ25-45-11A;MultiChannel;65;0;11.0;2900;3~380 В;75.11;53.94;16;0;0;0;CatalogTable;PURITY «Sewage Pump» каталог 2024.03, стр. PDF 10
Purity;WQ…A (новая серия);65WQ25-60-15A;MultiChannel;65;0;15.0;2900;3~380 В;72.31;65.59;16;0;0;0;CatalogTable;PURITY «Sewage Pump» каталог 2024.03, стр. PDF 10
Purity;WQ…A (новая серия);65WQ30-30-5.5A;MultiChannel;65;0;5.5;2900;3~380 В;52.04;39.39;16;0;0;0;CatalogTable;PURITY «Sewage Pump» каталог 2024.03, стр. PDF 10
Purity;WQ…QG;65WQ30-30-5.5QG/2;Cutter;65;0;5.5;2900;3~380 В;62.08;36.69;16;0;0;0;CatalogTable;PURITY «Sewage Pump» каталог 2024.03, стр. PDF 5
Purity;WQ…A (новая серия);65WQ30-35-7.5A;MultiChannel;65;0;7.5;2900;3~380 В;85.51;40.76;16;0;0;0;CatalogTable;PURITY «Sewage Pump» каталог 2024.03, стр. PDF 10
Purity;WQ…QG;65WQ30-36-7.5QG/2;Cutter;65;0;7.5;2900;3~380 В;66.34;42.84;16;0;0;0;CatalogTable;PURITY «Sewage Pump» каталог 2024.03, стр. PDF 5
Purity;WQ…A (новая серия);80WQ30-30-5.5A;MultiChannel;80;0;5.5;2900;3~380 В;81.11;34.02;16;0;0;0;CatalogTable;PURITY «Sewage Pump» каталог 2024.03, стр. PDF 10
Purity;WQ…A (новая серия);80WQ30-36-7.5A;MultiChannel;80;0;7.5;2900;3~380 В;86.23;40.53;16;0;0;0;CatalogTable;PURITY «Sewage Pump» каталог 2024.03, стр. PDF 10
Purity;WQ…A (новая серия);80WQ40-18-4A;MultiChannel;80;0;4.0;2900;3~380 В;73.09;27.08;16;0;0;0;CatalogTable;PURITY «Sewage Pump» каталог 2024.03, стр. PDF 10
Purity;WQ…QG;80WQ40-23-5.5QG/2;Cutter;80;0;5.5;2900;3~380 В;95.91;31.02;16;0;0;0;CatalogTable;PURITY «Sewage Pump» каталог 2024.03, стр. PDF 6
Purity;WQ…A (новая серия);80WQ40-40-11A;MultiChannel;80;0;11.0;2900;3~380 В;97.61;51.03;16;0;0;0;CatalogTable;PURITY «Sewage Pump» каталог 2024.03, стр. PDF 10
Purity;WQ…A (новая серия);80WQ40-50-15A;MultiChannel;80;0;15.0;2900;3~380 В;103.03;58.69;16;0;0;0;CatalogTable;PURITY «Sewage Pump» каталог 2024.03, стр. PDF 10
Purity;WQ…A (новая серия);80WQ43-13-3A;MultiChannel;80;0;3.0;2900;3~380 В;73.09;22.49;16;0;0;0;CatalogTable;PURITY «Sewage Pump» каталог 2024.03, стр. PDF 10
Purity;WQ…QG;80WQ43-13-3QG/2;Cutter;80;0;3.0;2900;3~380 В;73.82;23.51;16;0;0;0;CatalogTable;PURITY «Sewage Pump» каталог 2024.03, стр. PDF 6
Purity;WQ…QG;80WQ45-17-4QG/2;Cutter;80;0;4.0;2900;3~380 В;86.14;27.11;16;0;0;0;CatalogTable;PURITY «Sewage Pump» каталог 2024.03, стр. PDF 6
Purity;WQ…QG;80WQ45-28-7.5QG/2;Cutter;80;0;7.5;2900;3~380 В;112.75;37.03;16;0;0;0;CatalogTable;PURITY «Sewage Pump» каталог 2024.03, стр. PDF 6
Purity;WQ…A (новая серия);80WQ(D)45-9-2.2A;MultiChannel;80;0;2.2;2900;3~380 В;65.14;17.78;16;0;0;0;CatalogTable;PURITY «Sewage Pump» каталог 2024.03, стр. PDF 10
Purity;WQ…QG;80WQ45-9-2.2QG/2;Cutter;80;0;2.2;2900;3~380 В;68.72;19.35;16;0;0;0;CatalogTable;PURITY «Sewage Pump» каталог 2024.03, стр. PDF 6
Purity;WQ…A (новая серия);80WQ60-45-18.5A;MultiChannel;80;0;18.5;2900;3~380 В;110.86;64.08;16;0;0;0;CatalogTable;PURITY «Sewage Pump» каталог 2024.03, стр. PDF 10
Purity;WQ…A (новая серия);80WQ60-50-22A;MultiChannel;80;0;22.0;2900;3~380 В;116.18;70.23;16;0;0;0;CatalogTable;PURITY «Sewage Pump» каталог 2024.03, стр. PDF 10
Purity;WQV;80WQV50-30-11/2;Vortex;80;0;11.0;2900;3~380 В;93.08;41.08;16;0;0;0;CatalogTable;PURITY «Sewage Pump» каталог 2024.03, стр. PDF 6
Purity;WQV;80WQV60-45-18.5/2;Vortex;80;0;18.5;2900;3~380 В;108.2;58.23;16;0;0;0;CatalogTable;PURITY «Sewage Pump» каталог 2024.03, стр. PDF 6
Purity;WQV;80WQV60-50-22/2;Vortex;80;0;22.0;2900;3~380 В;99.13;64.38;16;0;0;0;CatalogTable;PURITY «Sewage Pump» каталог 2024.03, стр. PDF 6
Purity;WQV;80WQV80-25-11/4;Vortex;80;0;11.0;1450;3~380 В;119.88;39.26;16;0;0;0;CatalogTable;PURITY «Sewage Pump» каталог 2024.03, стр. PDF 6
Purity;WQV;80WQV80-30-15/4;Vortex;80;0;15.0;1450;3~380 В;119.88;44.28;16;0;0;0;CatalogTable;PURITY «Sewage Pump» каталог 2024.03, стр. PDF 6
Aikon;SSC;50SSC20-55-11;MultiChannel;50;10.0;11.0;2900;3~380 В;24.82;;16;12;0;0;CatalogTable;Aikon «Погружные канализационные насосы SSC», каталог 22.09.2025, стр. 14
Aikon;SSC;50SSC20-80-18.5;MultiChannel;50;10.0;18.5;2900;3~380 В;40.16;;16;12;12;0;CatalogTable;Aikon «Погружные канализационные насосы SSC», каталог 22.09.2025, стр. 14
Aikon;SSC;50SSC20-70-15;MultiChannel;50;10.0;15.0;2900;3~380 В;44.97;;16;12;12;0;CatalogTable;Aikon «Погружные канализационные насосы SSC», каталог 22.09.2025, стр. 14
Aikon;SSC;50SSC20-90-22;MultiChannel;50;0;22.0;2900;3~380 В;40.15;;16;12;0;0;CatalogTable;Aikon «Погружные канализационные насосы SSC», каталог 22.09.2025, стр. 14
Aikon;SSC;50SSC20-90-30;MultiChannel;50;0;30.0;0;3~380 В;41.85;;16;12;0;0;CatalogTable;Aikon «Погружные канализационные насосы SSC», каталог 22.09.2025, стр. 15
Aikon;SSC;65SSC30-60-15;MultiChannel;65;10.0;15.0;2900;3~380 В;39.99;;16;12;0;0;CatalogTable;Aikon «Погружные канализационные насосы SSC», каталог 22.09.2025, стр. 15
Aikon;SSC;65SSC30-40-11;MultiChannel;65;10.0;11.0;2900;3~380 В;36.87;;16;12;0;0;CatalogTable;Aikon «Погружные канализационные насосы SSC», каталог 22.09.2025, стр. 15
Aikon;SSC;65SSC30-68-18.5;MultiChannel;65;10.0;18.5;2900;3~380 В;45.79;;16;12;0;0;CatalogTable;Aikon «Погружные канализационные насосы SSC», каталог 22.09.2025, стр. 15
Aikon;SSC;65SSC30-75-22;MultiChannel;65;10.0;22.0;2900;3~380 В;49.65;;16;12;0;0;CatalogTable;Aikon «Погружные канализационные насосы SSC», каталог 22.09.2025, стр. 16
Aikon;SSC;80SSC60-30-11;MultiChannel;80;24.0;11.0;2900;3~380 В;36.87;;16;12;0;0;CatalogTable;Aikon «Погружные канализационные насосы SSC», каталог 22.09.2025, стр. 16
Aikon;SSC;65SSC30-75-30;MultiChannel;65;0;30.0;0;3~380 В;49.64;;16;12;0;0;CatalogTable;Aikon «Погружные канализационные насосы SSC», каталог 22.09.2025, стр. 16
Aikon;SSC;80SSC60-40-15;MultiChannel;80;24.0;15.0;2900;3~380 В;86.65;;16;12;12;0;CatalogTable;Aikon «Погружные канализационные насосы SSC», каталог 22.09.2025, стр. 16
Aikon;SSC;80SSC60-45-18.5;MultiChannel;80;40.0;18.5;2900;3~380 В;100.34;;16;12;0;0;CatalogTable;Aikon «Погружные канализационные насосы SSC», каталог 22.09.2025, стр. 17
Aikon;SSC;80SSC60-50-30;MultiChannel;80;0;30.0;0;3~380 В;100.32;;16;12;0;0;CatalogTable;Aikon «Погружные канализационные насосы SSC», каталог 22.09.2025, стр. 17
Aikon;SSC;80SSC60-50-22;MultiChannel;80;40.0;22.0;2900;3~380 В;119.28;;16;0;0;0;CatalogTable;Aikon «Погружные канализационные насосы SSC», каталог 22.09.2025, стр. 17
Aikon;SSC;100SSC80-25-11;MultiChannel;100;32.0;11.0;2900;3~380 В;124.54;;16;12;12;0;CatalogTable;Aikon «Погружные канализационные насосы SSC», каталог 22.09.2025, стр. 17
Aikon;SSC;100SSC80-35-15;MultiChannel;100;32.0;15.0;2900;3~380 В;59.78;;16;12;0;0;CatalogTable;Aikon «Погружные канализационные насосы SSC», каталог 22.09.2025, стр. 18
Aikon;SSC;100SSC80-45-22;MultiChannel;100;40.0;22.0;2900;3~380 В;111.38;;16;0;0;0;CatalogTable;Aikon «Погружные канализационные насосы SSC», каталог 22.09.2025, стр. 18
Aikon;SSC;100SSC80-40-18.5;MultiChannel;100;40.0;18.5;2900;3~380 В;110.45;;16;12;0;0;CatalogTable;Aikon «Погружные канализационные насосы SSC», каталог 22.09.2025, стр. 18
Aikon;SSC;100SSC80-65-45;MultiChannel;100;0;45.0;1470;3~380 В;248.49;;16;12;12;0;CatalogTable;Aikon «Погружные канализационные насосы SSC», каталог 22.09.2025, стр. 18
Aikon;SSC;100SSC100-25-11;MultiChannel;100;35.0;11.0;1450;3~380 В;159.56;;16;12;12;0;CatalogTable;Aikon «Погружные канализационные насосы SSC», каталог 22.09.2025, стр. 19
Aikon;SSC;100SSC100-35-18.5;MultiChannel;100;35.0;18.5;1450;3~380 В;151.02;;16;12;0;0;CatalogTable;Aikon «Погружные канализационные насосы SSC», каталог 22.09.2025, стр. 19
Aikon;SSC;100SSC100-30-15;MultiChannel;100;35.0;15.0;1450;3~380 В;160.74;;16;12;12;0;CatalogTable;Aikon «Погружные канализационные насосы SSC», каталог 22.09.2025, стр. 19
Aikon;SSC;100SSC100-40-22;MultiChannel;100;35.0;22.0;1450;3~380 В;158.93;;16;12;0;0;CatalogTable;Aikon «Погружные канализационные насосы SSC», каталог 22.09.2025, стр. 19
Aikon;SSC;100SSC120-50-45;MultiChannel;100;0;45.0;0;3~380 В;178.69;;16;12;0;0;CatalogTable;Aikon «Погружные канализационные насосы SSC», каталог 22.09.2025, стр. 20
Aikon;SSC;100SSC120-45-30;MultiChannel;100;31.0;30.0;1450;3~380 В;180.78;;16;12;0;0;CatalogTable;Aikon «Погружные канализационные насосы SSC», каталог 22.09.2025, стр. 20
Aikon;SSC;100SSC150-42-37;MultiChannel;100;0;37.0;0;3~380 В;200.64;;16;12;0;0;CatalogTable;Aikon «Погружные канализационные насосы SSC», каталог 22.09.2025, стр. 20
Aikon;SSC;100SSC230-75-90;MultiChannel;100;0;90.0;1470;3~380 В;364.24;;16;12;0;0;CatalogTable;Aikon «Погружные канализационные насосы SSC», каталог 22.09.2025, стр. 21
Aikon;SSC;150SSC100-30-15;MultiChannel;150;46.0;15.0;2900;3~380 В;131.68;;16;12;12;0;CatalogTable;Aikon «Погружные канализационные насосы SSC», каталог 22.09.2025, стр. 21
Aikon;SSC;150SSC100-20-11;MultiChannel;150;46.0;11.0;2900;3~380 В;143.74;;16;12;12;0;CatalogTable;Aikon «Погружные канализационные насосы SSC», каталог 22.09.2025, стр. 21
Aikon;SSC;150SSC100-36-18.5;MultiChannel;150;47.0;18.5;2900;3~380 В;129.79;;16;12;0;0;CatalogTable;Aikon «Погружные канализационные насосы SSC», каталог 22.09.2025, стр. 21
Aikon;SSC;150SSC100-40-22;MultiChannel;150;47.0;22.0;2900;3~380 В;142.52;;16;12;12;0;CatalogTable;Aikon «Погружные канализационные насосы SSC», каталог 22.09.2025, стр. 22
Aikon;SSC;150SSC120-25-15;MultiChannel;150;46.0;15.0;2900;3~380 В;131.67;;16;12;0;0;CatalogTable;Aikon «Погружные канализационные насосы SSC», каталог 22.09.2025, стр. 22
Aikon;SSC;150SSC120-15-11;MultiChannel;150;46.0;11.0;2900;3~380 В;150.55;;16;12;12;0;CatalogTable;Aikon «Погружные канализационные насосы SSC», каталог 22.09.2025, стр. 22
Aikon;SSC;150SSC150-10-7.5;MultiChannel;150;0;7.5;0;3~380 В;219.43;;16;12;12;0;CatalogTable;Aikon «Погружные канализационные насосы SSC», каталог 22.09.2025, стр. 22
Aikon;SSC;150SSC180-11-11;MultiChannel;150;74.0;11.0;1450;3~380 В;261.3;;16;12;12;0;CatalogTable;Aikon «Погружные канализационные насосы SSC», каталог 22.09.2025, стр. 23
Aikon;SSC;150SSC180-30-30;MultiChannel;150;36.0;30.0;1450;3~380 В;260.36;;16;12;0;0;CatalogTable;Aikon «Погружные канализационные насосы SSC», каталог 22.09.2025, стр. 23
Aikon;SSC;150SSC180-20-18.5;MultiChannel;150;71.0;18.5;1450;3~380 В;393.18;;16;12;12;0;CatalogTable;Aikon «Погружные канализационные насосы SSC», каталог 22.09.2025, стр. 23
Aikon;SSC;150SSC180-50-55;MultiChannel;150;36.0;55.0;1450;3~380 В;301.35;;16;12;0;0;CatalogTable;Aikon «Погружные канализационные насосы SSC», каталог 22.09.2025, стр. 23
Aikon;SSC;150SSC200-15-15;MultiChannel;150;74.0;15.0;1450;3~380 В;294.05;;16;12;12;0;CatalogTable;Aikon «Погружные канализационные насосы SSC», каталог 22.09.2025, стр. 24
Aikon;SSC;150SSC200-35-37;MultiChannel;150;36.0;37.0;1450;3~380 В;301.38;;16;12;12;0;CatalogTable;Aikon «Погружные канализационные насосы SSC», каталог 22.09.2025, стр. 24
Aikon;SSC;150SSC200-22-22;MultiChannel;150;71.0;22.0;1450;3~380 В;350.08;;16;12;12;0;CatalogTable;Aikon «Погружные канализационные насосы SSC», каталог 22.09.2025, стр. 24
Aikon;SSC;150SSC200-40-45;MultiChannel;150;36.0;45.0;1450;3~380 В;338.76;;16;12;0;0;CatalogTable;Aikon «Погружные канализационные насосы SSC», каталог 22.09.2025, стр. 24
Aikon;SSC;150SSC200-60-75;MultiChannel;150;31.0;75.0;1450;3~380 В;301.36;;16;12;0;0;CatalogTable;Aikon «Погружные канализационные насосы SSC», каталог 22.09.2025, стр. 25
Aikon;SSC;200SSC500-75-200;MultiChannel;200;0;200.0;0;3~380 В;717.16;;16;12;0;0;CatalogTable;Aikon «Погружные канализационные насосы SSC», каталог 22.09.2025, стр. 25
Aikon;SSC;150SSC200-70-110;MultiChannel;150;0;110.0;1450;3~380 В;301.07;;16;0;0;0;CatalogTable;Aikon «Погружные канализационные насосы SSC», каталог 22.09.2025, стр. 25
Aikon;SSC;200SSC180-11-11;MultiChannel;200;42.0;11.0;2900;3~380 В;250.61;;16;12;12;0;CatalogTable;Aikon «Погружные канализационные насосы SSC», каталог 22.09.2025, стр. 25
Aikon;SSC;200SSC180-15-15;MultiChannel;200;42.0;15.0;2900;3~380 В;251.17;;16;12;0;0;CatalogTable;Aikon «Погружные канализационные насосы SSC», каталог 22.09.2025, стр. 26
Aikon;SSC;200SSC250-11-15;MultiChannel;200;74.0;15.0;1450;3~380 В;343.9;;16;12;12;0;CatalogTable;Aikon «Погружные канализационные насосы SSC», каталог 22.09.2025, стр. 26
Aikon;SSC;200SSC180-18-18.5;MultiChannel;200;42.0;18.5;2900;3~380 В;359.79;;16;12;0;0;CatalogTable;Aikon «Погружные канализационные насосы SSC», каталог 22.09.2025, стр. 26
Aikon;SSC;200SSC250-15-18.5;MultiChannel;200;71.0;18.5;1450;3~380 В;401.13;;16;12;12;0;CatalogTable;Aikon «Погружные канализационные насосы SSC», каталог 22.09.2025, стр. 26
Aikon;SSC;200SSC250-22-30;MultiChannel;200;48.0;30.0;1450;3~380 В;443.36;;16;12;0;0;CatalogTable;Aikon «Погружные канализационные насосы SSC», каталог 22.09.2025, стр. 27
Aikon;SSC;200SSC300-32-45;MultiChannel;200;48.0;45.0;1450;3~380 В;429.79;;16;12;0;0;CatalogTable;Aikon «Погружные канализационные насосы SSC», каталог 22.09.2025, стр. 27
Aikon;SSC;200SSC300-40-55;MultiChannel;200;48.0;55.0;1450;3~380 В;417.39;;16;12;12;0;CatalogTable;Aikon «Погружные канализационные насосы SSC», каталог 22.09.2025, стр. 27
Aikon;SSC;200SSC300-55-110;MultiChannel;200;0;110.0;1450;3~380 В;402.04;;16;12;0;0;CatalogTable;Aikon «Погружные канализационные насосы SSC», каталог 22.09.2025, стр. 28
Aikon;SSC;200SSC300-56-90;MultiChannel;200;0;90.0;1450;3~380 В;470.99;;16;12;0;0;CatalogTable;Aikon «Погружные канализационные насосы SSC», каталог 22.09.2025, стр. 28
Aikon;SSC;200SSC350-25-37;MultiChannel;200;48.0;37.0;1450;3~380 В;439.89;;16;12;12;0;CatalogTable;Aikon «Погружные канализационные насосы SSC», каталог 22.09.2025, стр. 28
Aikon;SSC;200SSC350-45-75;MultiChannel;200;42.0;75.0;1450;3~380 В;491.19;;16;12;12;0;CatalogTable;Aikon «Погружные канализационные насосы SSC», каталог 22.09.2025, стр. 29
Aikon;SSC;200SSC400-25-45;MultiChannel;200;48.0;45.0;1450;3~380 В;606.52;;16;12;12;0;CatalogTable;Aikon «Погружные канализационные насосы SSC», каталог 22.09.2025, стр. 29
Aikon;SSC;200SSC400-10-22;MultiChannel;200;0;22.0;1450;3~380 В;377.13;;16;12;12;0;CatalogTable;Aikon «Погружные канализационные насосы SSC», каталог 22.09.2025, стр. 29
Aikon;SSC;200SSC400-30-55;MultiChannel;200;48.0;55.0;1450;3~380 В;451.78;;16;12;12;0;CatalogTable;Aikon «Погружные канализационные насосы SSC», каталог 22.09.2025, стр. 29
Aikon;SSC;200SSC400-50-90;MultiChannel;200;42.0;90.0;1450;3~380 В;470.2;;16;12;0;0;CatalogTable;Aikon «Погружные канализационные насосы SSC», каталог 22.09.2025, стр. 30
Aikon;SSC;200SSC400-85-185;MultiChannel;200;145.0;185.0;0;3~380 В;589.49;;16;12;0;0;CatalogTable;Aikon «Погружные канализационные насосы SSC», каталог 22.09.2025, стр. 30
Aikon;SSC;200SSC500-70-185;MultiChannel;200;0;185.0;1470;3~380 В;695.45;;16;12;0;0;CatalogTable;Aikon «Погружные канализационные насосы SSC», каталог 22.09.2025, стр. 30
Aikon;SSC;250SSC400-5-11;MultiChannel;250;40.0;11.0;1450;3~380 В;519.33;;16;12;12;0;CatalogTable;Aikon «Погружные канализационные насосы SSC», каталог 22.09.2025, стр. 31
Aikon;SSC;250SSC500-7-18.5;MultiChannel;250;56.0;18.5;1450;3~380 В;468.61;;16;12;0;0;CatalogTable;Aikon «Погружные канализационные насосы SSC», каталог 22.09.2025, стр. 31
Aikon;SSC;250SSC500-5-15;MultiChannel;250;40.0;15.0;1450;3~380 В;552.4;;16;12;12;0;CatalogTable;Aikon «Погружные канализационные насосы SSC», каталог 22.09.2025, стр. 31
Aikon;SSC;250SSC500-9-22;MultiChannel;250;56.0;22.0;1450;3~380 В;650.35;;16;12;0;0;CatalogTable;Aikon «Погружные канализационные насосы SSC», каталог 22.09.2025, стр. 31
Aikon;SSC;250SSC500-12-30;MultiChannel;250;50.0;30.0;1450;3~380 В;830.03;;16;12;12;0;CatalogTable;Aikon «Погружные канализационные насосы SSC», каталог 22.09.2025, стр. 32
Aikon;SSC;250SSC600-15-45;MultiChannel;250;64.0;45.0;1450;3~380 В;993.69;;16;12;12;0;CatalogTable;Aikon «Погружные канализационные насосы SSC», каталог 22.09.2025, стр. 32
Aikon;SSC;250SSC600-12-37;MultiChannel;250;50.0;37.0;1450;3~380 В;901.21;;16;12;12;0;CatalogTable;Aikon «Погружные канализационные насосы SSC», каталог 22.09.2025, стр. 32
Aikon;SSC;250SSC600-20-55;MultiChannel;250;64.0;55.0;1450;3~380 В;1040.74;;16;12;12;0;CatalogTable;Aikon «Погружные канализационные насосы SSC», каталог 22.09.2025, стр. 32
Aikon;SSC;250SSC600-25-75;MultiChannel;250;66.0;75.0;1450;3~380 В;1125.1;;16;12;12;0;CatalogTable;Aikon «Погружные канализационные насосы SSC», каталог 22.09.2025, стр. 33
Aikon;SSC;250SSC600-40-110;MultiChannel;250;70.0;110.0;1450;3~380 В;1116.92;;16;12;12;0;CatalogTable;Aikon «Погружные канализационные насосы SSC», каталог 22.09.2025, стр. 33
Aikon;SSC;250SSC600-30-90;MultiChannel;250;66.0;90.0;1450;3~380 В;1008.24;;16;12;12;0;CatalogTable;Aikon «Погружные канализационные насосы SSC», каталог 22.09.2025, стр. 33
Aikon;SSC;250SSC600-50-160;MultiChannel;250;0;160.0;1450;3~380 В;702.35;;16;12;0;0;CatalogTable;Aikon «Погружные канализационные насосы SSC», каталог 22.09.2025, стр. 33
Aikon;SSC;250SSC600-60-160;MultiChannel;250;75.0;160.0;1450;3~380 В;695.56;;16;12;0;0;CatalogTable;Aikon «Погружные канализационные насосы SSC», каталог 22.09.2025, стр. 34
Aikon;SSC;250SSC1000-80-330;MultiChannel;250;0;330.0;1450;3~380 В;996.87;;16;12;12;0;CatalogTable;Aikon «Погружные канализационные насосы SSC», каталог 22.09.2025, стр. 34
Aikon;SSC;250SSC600-65-200;MultiChannel;250;0;200.0;1450;3~380 В;756.09;;16;12;12;0;CatalogTable;Aikon «Погружные канализационные насосы SSC», каталог 22.09.2025, стр. 34
Aikon;SSC;300SSC650-5-18.5;MultiChannel;300;62.0;18.5;1450;3~380 В;649.86;;16;0;0;0;CatalogTable;Aikon «Погружные канализационные насосы SSC», каталог 22.09.2025, стр. 34
Aikon;SSC;300SSC650-7-22;MultiChannel;300;62.0;22.0;1450;3~380 В;775.62;;16;12;0;0;CatalogTable;Aikon «Погружные канализационные насосы SSC», каталог 22.09.2025, стр. 35
Aikon;SSC;300SSC800-20-75;MultiChannel;300;83.0;75.0;1450;3~380 В;1255.33;;16;12;12;0;CatalogTable;Aikon «Погружные канализационные насосы SSC», каталог 22.09.2025, стр. 35
Aikon;SSC;300SSC800-7-30;MultiChannel;300;80.0;30.0;1450;3~380 В;1003.94;;16;12;12;0;CatalogTable;Aikon «Погружные канализационные насосы SSC», каталог 22.09.2025, стр. 35
Aikon;SSC;300SSC800-25-90;MultiChannel;300;83.0;90.0;1450;3~380 В;1100.56;;16;12;0;0;CatalogTable;Aikon «Погружные канализационные насосы SSC», каталог 22.09.2025, стр. 35
Aikon;SSC;300SSC800-36-132;MultiChannel;300;92.0;132.0;1450;3~380 В;1048.16;;16;0;0;0;CatalogTable;Aikon «Погружные канализационные насосы SSC», каталог 22.09.2025, стр. 36
Aikon;SSC;300SSC900-40-185;MultiChannel;300;92.0;185.0;1450;3~380 В;1100.68;;16;12;0;0;CatalogTable;Aikon «Погружные канализационные насосы SSC», каталог 22.09.2025, стр. 36
Aikon;SSC;300SSC800-40-160;MultiChannel;300;90.0;160.0;1450;3~380 В;1001.25;;16;12;0;0;CatalogTable;Aikon «Погружные канализационные насосы SSC», каталог 22.09.2025, стр. 36
Aikon;SSC;300SSC1000-25-110;MultiChannel;300;83.0;110.0;1450;3~380 В;1097.46;;16;12;12;0;CatalogTable;Aikon «Погружные канализационные насосы SSC», каталог 22.09.2025, стр. 36
Aikon;SSC;300SSC1000-45-200;MultiChannel;300;90.0;200.0;1450;3~380 В;1101.01;;16;12;12;0;CatalogTable;Aikon «Погружные канализационные насосы SSC», каталог 22.09.2025, стр. 37
Aikon;SSC;350SSC1000-6-37;MultiChannel;350;100.0;37.0;1450;3~380 В;1299.93;;16;12;0;0;CatalogTable;Aikon «Погружные канализационные насосы SSC», каталог 22.09.2025, стр. 37
Aikon;SSC;300SSC1200-45-250;MultiChannel;300;90.0;250.0;1450;3~380 В;1755.12;;16;12;12;0;CatalogTable;Aikon «Погружные канализационные насосы SSC», каталог 22.09.2025, стр. 37
Aikon;SSC;350SSC1000-18-90;MultiChannel;350;90.0;90.0;1450;3~380 В;1299.43;;16;12;12;0;CatalogTable;Aikon «Погружные канализационные насосы SSC», каталог 22.09.2025, стр. 37
Aikon;SSC;350SSC1000-35-160;MultiChannel;350;100.0;160.0;1450;3~380 В;1306.09;;16;12;0;0;CatalogTable;Aikon «Погружные канализационные насосы SSC», каталог 22.09.2025, стр. 38
Aikon;SSC;350SSC1100-10-55;MultiChannel;350;100.0;55.0;980;3~380 В;1329.02;;16;12;12;0;CatalogTable;Aikon «Погружные канализационные насосы SSC», каталог 22.09.2025, стр. 38
Aikon;SSC;350SSC1100-6-37;MultiChannel;350;100.0;37.0;980;3~380 В;1301.46;;16;12;12;0;CatalogTable;Aikon «Погружные канализационные насосы SSC», каталог 22.09.2025, стр. 38
Aikon;SSC;350SSC1100-28-132;MultiChannel;350;100.0;132.0;1450;3~380 В;1308.64;;16;12;0;0;CatalogTable;Aikon «Погружные канализационные насосы SSC», каталог 22.09.2025, стр. 38
Aikon;SSC;350SSC1200-18-90;MultiChannel;350;100.0;90.0;980;3~380 В;1686.67;;16;12;12;0;CatalogTable;Aikon «Погружные канализационные насосы SSC», каталог 22.09.2025, стр. 39
Aikon;SSC;350SSC1300-8-45;MultiChannel;350;100.0;45.0;980;3~380 В;1330.74;;16;12;12;0;CatalogTable;Aikon «Погружные канализационные насосы SSC», каталог 22.09.2025, стр. 39
Aikon;SSC;350SSC1200-35-160;MultiChannel;350;0;160.0;0;3~380 В;2284.39;;16;12;12;0;CatalogTable;Aikon «Погружные канализационные насосы SSC», каталог 22.09.2025, стр. 39
Aikon;SSC;350SSC1300-20-110;MultiChannel;350;92.0;110.0;1450;3~380 В;1611.54;;16;12;12;0;CatalogTable;Aikon «Погружные канализационные насосы SSC», каталог 22.09.2025, стр. 39
Aikon;SSC;350SSC1300-35-200;MultiChannel;350;100.0;200.0;1450;3~380 В;1595.92;;16;12;0;0;CatalogTable;Aikon «Погружные канализационные насосы SSC», каталог 22.09.2025, стр. 40
Aikon;SSC;350SSC1500-12-75;MultiChannel;350;100.0;75.0;980;3~380 В;1503.3;;16;12;12;0;CatalogTable;Aikon «Погружные канализационные насосы SSC», каталог 22.09.2025, стр. 40
Aikon;SSC;350SSC1500-4-30;MultiChannel;350;100.0;30.0;980;3~380 В;1294.36;;16;12;12;0;CatalogTable;Aikon «Погружные канализационные насосы SSC», каталог 22.09.2025, стр. 40
Aikon;SSC;350SSC1500-20-132;MultiChannel;350;88.0;132.0;980;3~380 В;2001.64;;16;12;12;0;CatalogTable;Aikon «Погружные канализационные насосы SSC», каталог 22.09.2025, стр. 40
Aikon;SSC;350SSC1500-36-250;MultiChannel;350;100.0;250.0;1450;3~380 В;1788.67;;16;12;0;0;CatalogTable;Aikon «Погружные канализационные насосы SSC», каталог 22.09.2025, стр. 41
Aikon;SSC;400SSC1300-13-75;MultiChannel;400;90.0;75.0;1450;3~380 В;1430.06;;16;12;12;0;CatalogTable;Aikon «Погружные канализационные насосы SSC», каталог 22.09.2025, стр. 41
Aikon;SSC;350SSC1600-16-110;MultiChannel;350;148.0;110.0;980;3~380 В;1896.86;;16;12;12;0;CatalogTable;Aikon «Погружные канализационные насосы SSC», каталог 22.09.2025, стр. 41
Aikon;SSC;400SSC1400-35-250;MultiChannel;400;0;250.0;1450;3~380 В;1808.97;;16;12;12;0;CatalogTable;Aikon «Погружные канализационные насосы SSC», каталог 22.09.2025, стр. 41
Aikon;SSC;400SSC1500-8-55;MultiChannel;400;100.0;55.0;980;3~380 В;1404.23;;16;12;0;0;CatalogTable;Aikon «Погружные канализационные насосы SSC», каталог 22.09.2025, стр. 42
Aikon;SSC;400SSC1600-22-160;MultiChannel;400;106.0;160.0;980;3~380 В;1801.63;;16;12;12;0;CatalogTable;Aikon «Погружные канализационные насосы SSC», каталог 22.09.2025, стр. 42
Aikon;SSC;400SSC1500-30-200;MultiChannel;400;100.0;200.0;1450;3~380 В;2798.19;;16;12;12;0;CatalogTable;Aikon «Погружные канализационные насосы SSC», каталог 22.09.2025, стр. 42
Aikon;SSC;400SSC1600-25-185;MultiChannel;400;100.0;185.0;1450;3~380 В;1858.83;;16;0;12;0;CatalogTable;Aikon «Погружные канализационные насосы SSC», каталог 22.09.2025, стр. 42
Aikon;SSC;400SSC1700-10-75;MultiChannel;400;100.0;75.0;980;3~380 В;1720.08;;16;12;12;0;CatalogTable;Aikon «Погружные канализационные насосы SSC», каталог 22.09.2025, стр. 43
Aikon;SSC;400SSC1800-15-110;MultiChannel;400;148.0;110.0;980;3~380 В;1825.71;;16;12;12;0;CatalogTable;Aikon «Погружные канализационные насосы SSC», каталог 22.09.2025, стр. 43
Aikon;SSC;400SSC1700-16-132;MultiChannel;400;100.0;132.0;1450;3~380 В;2205.37;;16;12;12;0;CatalogTable;Aikon «Погружные канализационные насосы SSC», каталог 22.09.2025, стр. 43
Aikon;SSC;400SSC2000-15-132;MultiChannel;400;106.0;132.0;980;3~380 В;2510.86;;16;12;12;0;CatalogTable;Aikon «Погружные канализационные насосы SSC», каталог 22.09.2025, стр. 43
Aikon;SSC;400SSC2000-20-185;MultiChannel;400;115.0;185.0;980;3~380 В;3096.99;;16;12;0;0;CatalogTable;Aikon «Погружные канализационные насосы SSC», каталог 22.09.2025, стр. 44
Aikon;SSC;500SSC2000-10-90;MultiChannel;500;100.0;90.0;980;3~380 В;2724.53;;16;12;12;0;CatalogTable;Aikon «Погружные канализационные насосы SSC», каталог 22.09.2025, стр. 44
Aikon;SSC;400SSC2300-22-200;MultiChannel;400;115.0;200.0;980;3~380 В;3134.24;;16;12;12;0;CatalogTable;Aikon «Погружные канализационные насосы SSC», каталог 22.09.2025, стр. 44
Aikon;SSC;500SSC2500-8-90;MultiChannel;500;140.0;90.0;740;3~380 В;2501.11;;16;12;12;0;CatalogTable;Aikon «Погружные канализационные насосы SSC», каталог 22.09.2025, стр. 44
Aikon;SSC;500SSC2500-10-110;MultiChannel;500;140.0;110.0;980;3~380 В;2595.47;;16;12;0;0;CatalogTable;Aikon «Погружные канализационные насосы SSC», каталог 22.09.2025, стр. 45
Aikon;SSC;500SSC2800-10-132;MultiChannel;500;120.0;132.0;980;3~380 В;2874.64;;16;12;0;0;CatalogTable;Aikon «Погружные канализационные насосы SSC», каталог 22.09.2025, стр. 45
Aikon;SSC;500SSC2600-14-160;MultiChannel;500;0;160.0;980;3~380 В;3277.34;;16;12;12;0;CatalogTable;Aikon «Погружные канализационные насосы SSC», каталог 22.09.2025, стр. 45
Aikon;SSC;500SSC3000-10-132;MultiChannel;500;0;132.0;740;3~380 В;3199.91;;16;12;12;0;CatalogTable;Aikon «Погружные канализационные насосы SSC», каталог 22.09.2025, стр. 45
Aikon;SSC;500SSC3000-12-160;MultiChannel;500;0;160.0;740;3~380 В;3321.51;;16;12;12;0;CatalogTable;Aikon «Погружные канализационные насосы SSC», каталог 22.09.2025, стр. 46
Aikon;SSC;500SSC3000-19-250;MultiChannel;500;0;250.0;980;3~380 В;3666.81;;16;12;0;0;CatalogTable;Aikon «Погружные канализационные насосы SSC», каталог 22.09.2025, стр. 46
Aikon;SSC;500SSC3500-19-315;MultiChannel;500;0;315.0;980;3~380 В;4447.5;;16;12;12;0;CatalogTable;Aikon «Погружные канализационные насосы SSC», каталог 22.09.2025, стр. 47
Aikon;SSC;600SSC3700-8-132;MultiChannel;600;100.0;132.0;740;3~380 В;3828.59;;16;12;12;0;CatalogTable;Aikon «Погружные канализационные насосы SSC», каталог 22.09.2025, стр. 47
Aikon;SSC;600SSC3200-7-110;MultiChannel;600;140.0;110.0;980;3~380 В;3605.78;;16;12;12;0;CatalogTable;Aikon «Погружные канализационные насосы SSC», каталог 22.09.2025, стр. 47
Aikon;SSC;600SSC3700-10-160;MultiChannel;600;100.0;160.0;980;3~380 В;3295.62;;16;12;12;0;CatalogTable;Aikon «Погружные канализационные насосы SSC», каталог 22.09.2025, стр. 47
Aikon;SSC;600SSC3700-12-185;MultiChannel;600;120.0;185.0;980;3~380 В;3575.56;;16;12;12;0;CatalogTable;Aikon «Погружные канализационные насосы SSC», каталог 22.09.2025, стр. 48
Aikon;SSC;600SSC4000-16-250;MultiChannel;600;0;250.0;740;3~380 В;4973.97;;16;12;12;0;CatalogTable;Aikon «Погружные канализационные насосы SSC», каталог 22.09.2025, стр. 48
Aikon;SSC;600SSC4000-12-200;MultiChannel;600;0;200.0;980;3~380 В;5019.12;;16;12;12;0;CatalogTable;Aikon «Погружные канализационные насосы SSC», каталог 22.09.2025, стр. 48
Aikon;SSC;600SSC4500-17-315;MultiChannel;600;0;315.0;980;3~380 В;4882.99;;16;12;0;0;CatalogTable;Aikon «Погружные канализационные насосы SSC», каталог 22.09.2025, стр. 48
Aikon;SSC-G/OG;80SSC30-14-3OG;Open;80;40.0;3.0;0;3~380 В;50.15;;16;12;0;0;CatalogTable;Aikon «Канализационные насосы с рубашкой охлаждения SSC-G/OG», каталог 01.2025, стр. 13
Aikon;SSC-G/OG;80SSC45-9-2.2OG;Open;80;40.0;2.2;0;3~380 В;60.26;;16;12;0;0;CatalogTable;Aikon «Канализационные насосы с рубашкой охлаждения SSC-G/OG», каталог 01.2025, стр. 13
Aikon;SSC-G/OG;80SSC43-19-4OG;Open;80;40.0;4.0;0;3~380 В;74.75;;16;12;12;0;CatalogTable;Aikon «Канализационные насосы с рубашкой охлаждения SSC-G/OG», каталог 01.2025, стр. 13
Aikon;SSC-G/OG;80SSC76-27-11OG;Open;80;40.0;11.0;0;3~380 В;99.45;;16;12;0;0;CatalogTable;Aikon «Канализационные насосы с рубашкой охлаждения SSC-G/OG», каталог 01.2025, стр. 13
Aikon;SSC-G/OG;80SSC85-33-15OG;Open;80;40.0;15.0;0;3~380 В;100.53;;16;12;0;0;CatalogTable;Aikon «Канализационные насосы с рубашкой охлаждения SSC-G/OG», каталог 01.2025, стр. 14
Aikon;SSC-G/OG;100SSC40-46-22OG;Open;100;40.0;22.0;0;3~380 В;154.39;;16;12;12;0;CatalogTable;Aikon «Канализационные насосы с рубашкой охлаждения SSC-G/OG», каталог 01.2025, стр. 14
Aikon;SSC-G/OG;100SSC40-20-5.5OG;Open;100;50.0;5.5;0;3~380 В;54.83;;16;12;0;0;CatalogTable;Aikon «Канализационные насосы с рубашкой охлаждения SSC-G/OG», каталог 01.2025, стр. 14
Aikon;SSC-G/OG;100SSC60-5-2.2OG;Open;100;50.0;2.2;0;3~380 В;80.31;;16;12;0;0;CatalogTable;Aikon «Канализационные насосы с рубашкой охлаждения SSC-G/OG», каталог 01.2025, стр. 14
Aikon;SSC-G/OG;100SSC60-22-7.5OG;Open;100;50.0;7.5;0;3~380 В;80.39;;16;12;12;0;CatalogTable;Aikon «Канализационные насосы с рубашкой охлаждения SSC-G/OG», каталог 01.2025, стр. 15
Aikon;SSC-G/OG;100SSC70-23-11OG;Open;100;50.0;11.0;0;3~380 В;120.52;;16;12;0;0;CatalogTable;Aikon «Канализационные насосы с рубашкой охлаждения SSC-G/OG», каталог 01.2025, стр. 15
Aikon;SSC-G/OG;100SSC62-6-3OG;Open;100;50.0;3.0;0;3~380 В;94.56;;16;12;0;0;CatalogTable;Aikon «Канализационные насосы с рубашкой охлаждения SSC-G/OG», каталог 01.2025, стр. 15
Aikon;SSC-G/OG;100SSC71-8-4OG;Open;100;50.0;4.0;0;3~380 В;100.51;;16;0;0;0;CatalogTable;Aikon «Канализационные насосы с рубашкой охлаждения SSC-G/OG», каталог 01.2025, стр. 15
Aikon;SSC-G/OG;100SSC75-43-22OG;Open;100;40.0;22.0;0;3~380 В;80.41;;16;12;0;0;CatalogTable;Aikon «Канализационные насосы с рубашкой охлаждения SSC-G/OG», каталог 01.2025, стр. 16
Aikon;SSC-G/OG;100SSC80-65-45G;SingleChannel;100;30.0;45.0;0;3~380 В;241.29;;16;12;12;0;CatalogTable;Aikon «Канализационные насосы с рубашкой охлаждения SSC-G/OG», каталог 01.2025, стр. 16
Aikon;SSC-G/OG;100SSC80-38-22OG;Open;100;40.0;22.0;0;3~380 В;140.64;;16;12;0;0;CatalogTable;Aikon «Канализационные насосы с рубашкой охлаждения SSC-G/OG», каталог 01.2025, стр. 16
Aikon;SSC-G/OG;100SSC100-27-15OG;Open;100;50.0;15.0;0;3~380 В;160.77;;16;12;12;0;CatalogTable;Aikon «Канализационные насосы с рубашкой охлаждения SSC-G/OG», каталог 01.2025, стр. 16
Aikon;SSC-G/OG;100SSC100-41-18.5OG;Open;100;40.0;18.5;0;3~380 В;160.78;;16;12;12;0;CatalogTable;Aikon «Канализационные насосы с рубашкой охлаждения SSC-G/OG», каталог 01.2025, стр. 17
Aikon;SSC-G/OG;100SSC230-75-90G;SingleChannel;100;30.0;90.0;0;3~380 В;361.48;;16;12;0;0;CatalogTable;Aikon «Канализационные насосы с рубашкой охлаждения SSC-G/OG», каталог 01.2025, стр. 17
Aikon;SSC-G/OG;100SSC190-50-55G;SingleChannel;100;30.0;55.0;0;3~380 В;240.63;;16;12;12;0;CatalogTable;Aikon «Канализационные насосы с рубашкой охлаждения SSC-G/OG», каталог 01.2025, стр. 17
Aikon;SSC-G/OG;150SSC100-8-5.5OG;Open;150;70.0;5.5;0;3~380 В;132.91;;16;12;0;0;CatalogTable;Aikon «Канализационные насосы с рубашкой охлаждения SSC-G/OG», каталог 01.2025, стр. 17
Aikon;SSC-G/OG;150SSC150-5-4OG;Open;150;70.0;4.0;0;3~380 В;274.26;;16;12;12;0;CatalogTable;Aikon «Канализационные насосы с рубашкой охлаждения SSC-G/OG», каталог 01.2025, стр. 18
Aikon;SSC-G/OG;150SSC150-12-11OG;Open;150;70.0;11.0;0;3~380 В;241.35;;16;12;12;0;CatalogTable;Aikon «Канализационные насосы с рубашкой охлаждения SSC-G/OG», каталог 01.2025, стр. 18
Aikon;SSC-G/OG;150SSC150-10-7.5OG;Open;150;70.0;7.5;0;3~380 В;200.68;;16;12;0;0;CatalogTable;Aikon «Канализационные насосы с рубашкой охлаждения SSC-G/OG», каталог 01.2025, стр. 18
Aikon;SSC-G/OG;150SSC200-16-15OG;Open;150;70.0;15.0;0;3~380 В;357.65;;16;12;12;0;CatalogTable;Aikon «Канализационные насосы с рубашкой охлаждения SSC-G/OG», каталог 01.2025, стр. 18
Aikon;SSC-G/OG;150SSC225-18-22OG;Open;150;70.0;22.0;0;3~380 В;361.53;;16;12;0;0;CatalogTable;Aikon «Канализационные насосы с рубашкой охлаждения SSC-G/OG», каталог 01.2025, стр. 19
Aikon;SSC-G/OG;150SSC250-32-37G;SingleChannel;150;70.0;37.0;0;3~380 В;402.24;;16;12;12;0;CatalogTable;Aikon «Канализационные насосы с рубашкой охлаждения SSC-G/OG», каталог 01.2025, стр. 19
Aikon;SSC-G/OG;150SSC225-27-30G;SingleChannel;150;70.0;30.0;0;3~380 В;301.48;;16;12;12;0;CatalogTable;Aikon «Канализационные насосы с рубашкой охлаждения SSC-G/OG», каталог 01.2025, стр. 19
Aikon;SSC-G/OG;150SSC250-38-45G;SingleChannel;150;70.0;45.0;0;3~380 В;470.1;;16;12;12;0;CatalogTable;Aikon «Канализационные насосы с рубашкой охлаждения SSC-G/OG», каталог 01.2025, стр. 19
Aikon;SSC-G/OG;150SSC300-11-18.5OG;Open;150;70.0;18.5;0;3~380 В;402.24;;16;12;12;0;CatalogTable;Aikon «Канализационные насосы с рубашкой охлаждения SSC-G/OG», каталог 01.2025, стр. 20
Aikon;SSC-G/OG;200SSC315-12-18.5OG;Open;200;100.0;18.5;0;3~380 В;577.88;;16;12;12;0;CatalogTable;Aikon «Канализационные насосы с рубашкой охлаждения SSC-G/OG», каталог 01.2025, стр. 20
Aikon;SSC-G/OG;200SSC300-53-75G;SingleChannel;200;50.0;75.0;0;3~380 В;461.98;;16;12;12;0;CatalogTable;Aikon «Канализационные насосы с рубашкой охлаждения SSC-G/OG», каталог 01.2025, стр. 20
Aikon;SSC-G/OG;200SSC325-37.5-55G;SingleChannel;200;70.0;55.0;0;3~380 В;502.71;;16;12;12;0;CatalogTable;Aikon «Канализационные насосы с рубашкой охлаждения SSC-G/OG», каталог 01.2025, стр. 20
Aikon;SSC-G/OG;200SSC350-15-22OG;Open;200;100.0;22.0;0;3~380 В;572.68;;16;12;12;0;CatalogTable;Aikon «Канализационные насосы с рубашкой охлаждения SSC-G/OG», каталог 01.2025, стр. 21
Aikon;SSC-G/OG;200SSC400-7-15OG;Open;200;100.0;15.0;0;3~380 В;602.58;;16;12;0;0;CatalogTable;Aikon «Канализационные насосы с рубашкой охлаждения SSC-G/OG», каталог 01.2025, стр. 21
Aikon;SSC-G/OG;200SSC400-5-11OG;Open;200;100.0;11.0;0;3~380 В;588.59;;16;12;0;0;CatalogTable;Aikon «Канализационные насосы с рубашкой охлаждения SSC-G/OG», каталог 01.2025, стр. 21
Aikon;SSC-G/OG;200SSC450-51-90G;SingleChannel;200;50.0;90.0;0;3~380 В;502.49;;16;12;0;0;CatalogTable;Aikon «Канализационные насосы с рубашкой охлаждения SSC-G/OG», каталог 01.2025, стр. 21
Aikon;SSC-G/OG;200SSC500-18-37G;SingleChannel;200;70.0;37.0;0;3~380 В;803.13;;16;12;12;0;CatalogTable;Aikon «Канализационные насосы с рубашкой охлаждения SSC-G/OG», каталог 01.2025, стр. 22
Aikon;SSC-G/OG;200SSC500-75-200G;SingleChannel;200;60.0;200.0;0;3~380 В;722.74;;16;12;12;0;CatalogTable;Aikon «Канализационные насосы с рубашкой охлаждения SSC-G/OG», каталог 01.2025, стр. 22
Aikon;SSC-G/OG;200SSC500-70-185G;SingleChannel;200;60.0;185.0;0;3~380 В;603.14;;16;12;12;0;CatalogTable;Aikon «Канализационные насосы с рубашкой охлаждения SSC-G/OG», каталог 01.2025, стр. 22
Aikon;SSC-G/OG;200SSC540-22.5-45G;SingleChannel;200;70.0;45.0;0;3~380 В;802.5;;16;12;12;0;CatalogTable;Aikon «Канализационные насосы с рубашкой охлаждения SSC-G/OG», каталог 01.2025, стр. 22
Aikon;SSC-G/OG;250SSC475-15-30G;SingleChannel;250;100.0;30.0;0;3~380 В;803.13;;16;12;12;0;CatalogTable;Aikon «Канализационные насосы с рубашкой охлаждения SSC-G/OG», каталог 01.2025, стр. 23
Aikon;SSC-G/OG;250SSC600-24-55G;SingleChannel;250;100.0;55.0;0;3~380 В;922.63;;16;12;12;0;CatalogTable;Aikon «Канализационные насосы с рубашкой охлаждения SSC-G/OG», каталог 01.2025, стр. 23
Aikon;SSC-G/OG;250SSC600-20-45G;SingleChannel;250;100.0;45.0;0;3~380 В;802.5;;16;12;12;0;CatalogTable;Aikon «Канализационные насосы с рубашкой охлаждения SSC-G/OG», каталог 01.2025, стр. 23
Aikon;SSC-G/OG;250SSC650-37-110G;SingleChannel;250;100.0;110.0;0;3~380 В;802.5;;16;12;12;0;CatalogTable;Aikon «Канализационные насосы с рубашкой охлаждения SSC-G/OG», каталог 01.2025, стр. 23
Aikon;SSC-G/OG;250SSC650-50-160G;SingleChannel;250;100.0;160.0;0;3~380 В;1005.06;;16;12;12;0;CatalogTable;Aikon «Канализационные насосы с рубашкой охлаждения SSC-G/OG», каталог 01.2025, стр. 24
Aikon;SSC-G/OG;250SSC1000-30-132G;SingleChannel;250;100.0;132.0;0;3~380 В;1607.28;;16;12;12;0;CatalogTable;Aikon «Канализационные насосы с рубашкой охлаждения SSC-G/OG», каталог 01.2025, стр. 24
Aikon;SSC-G/OG;250SSC700-13-37G;SingleChannel;250;100.0;37.0;0;3~380 В;1003.19;;16;12;12;0;CatalogTable;Aikon «Канализационные насосы с рубашкой охлаждения SSC-G/OG», каталог 01.2025, стр. 24
Aikon;SSC-G/OG;300SSC550-37-90G;SingleChannel;300;70.0;90.0;0;3~380 В;794.53;;16;12;12;0;CatalogTable;Aikon «Канализационные насосы с рубашкой охлаждения SSC-G/OG», каталог 01.2025, стр. 24
Aikon;SSC-G/OG;300SSC800-22.5-75G;SingleChannel;300;125.0;75.0;0;3~380 В;1203.87;;16;12;0;0;CatalogTable;Aikon «Канализационные насосы с рубашкой охлаждения SSC-G/OG», каталог 01.2025, стр. 25
Aikon;SSC-G/OG;300SSC800-62-250G;SingleChannel;300;125.0;250.0;0;3~380 В;1204.37;;16;12;12;0;CatalogTable;Aikon «Канализационные насосы с рубашкой охлаждения SSC-G/OG», каталог 01.2025, стр. 25
Aikon;SSC-G/OG;300SSC900-73-280G;SingleChannel;300;60.0;280.0;0;3~380 В;1204.75;;16;12;0;0;CatalogTable;Aikon «Канализационные насосы с рубашкой охлаждения SSC-G/OG», каталог 01.2025, стр. 25
Aikon;SSC-G/OG;300SSC1100-6-30G;SingleChannel;300;150.0;30.0;0;3~380 В;1406.5;;16;12;0;0;CatalogTable;Aikon «Канализационные насосы с рубашкой охлаждения SSC-G/OG», каталог 01.2025, стр. 26
Aikon;SSC-G/OG;300SSC1200-14-75G;SingleChannel;300;125.0;75.0;0;3~380 В;1892.21;;16;12;12;0;CatalogTable;Aikon «Канализационные насосы с рубашкой охлаждения SSC-G/OG», каталог 01.2025, стр. 26
Aikon;SSC-G/OG;300SSC1100-11-55G;SingleChannel;300;100.0;55.0;0;3~380 В;1606.53;;16;12;12;0;CatalogTable;Aikon «Канализационные насосы с рубашкой охлаждения SSC-G/OG», каталог 01.2025, стр. 26
Aikon;SSC-G/OG;300SSC1200-32-160G;SingleChannel;300;100.0;160.0;0;3~380 В;1492.45;;16;12;12;0;CatalogTable;Aikon «Канализационные насосы с рубашкой охлаждения SSC-G/OG», каталог 01.2025, стр. 26
Aikon;SSC-G/OG;300SSC1200-37-185G;SingleChannel;300;125.0;185.0;0;3~380 В;1589.95;;16;12;12;0;CatalogTable;Aikon «Канализационные насосы с рубашкой охлаждения SSC-G/OG», каталог 01.2025, стр. 27
Aikon;SSC-G/OG;400SSC1300-40-250G;SingleChannel;400;125.0;250.0;0;3~380 В;1844.51;;16;12;12;0;CatalogTable;Aikon «Канализационные насосы с рубашкой охлаждения SSC-G/OG», каталог 01.2025, стр. 27
Aikon;SSC-G/OG;400SSC1300-20-110G;SingleChannel;400;125.0;110.0;0;3~380 В;2405.85;;16;12;12;0;CatalogTable;Aikon «Канализационные насосы с рубашкой охлаждения SSC-G/OG», каталог 01.2025, стр. 27
Aikon;SSC-G/OG;400SSC1510-6-45G;SingleChannel;400;125.0;45.0;0;3~380 В;1986.77;;16;12;0;0;CatalogTable;Aikon «Канализационные насосы с рубашкой охлаждения SSC-G/OG», каталог 01.2025, стр. 27
Aikon;SSC-G/OG;400SSC1600-20-132G;SingleChannel;400;125.0;132.0;0;3~380 В;2269.14;;16;12;12;0;CatalogTable;Aikon «Канализационные насосы с рубашкой охлаждения SSC-G/OG», каталог 01.2025, стр. 28
Aikon;SSC-G/OG;400SSC1600-23-160G;SingleChannel;400;125.0;160.0;0;3~380 В;2384.69;;16;12;11;0;CatalogTable;Aikon «Канализационные насосы с рубашкой охлаждения SSC-G/OG», каталог 01.2025, стр. 28
Aikon;SSC-G/OG;500SSC2400-26-250G;SingleChannel;500;125.0;250.0;0;3~380 В;3012.26;;16;12;12;0;CatalogTable;Aikon «Канализационные насосы с рубашкой охлаждения SSC-G/OG», каталог 01.2025, стр. 28
Aikon;SSC-G/OG;500SSC2400-30-280G;SingleChannel;500;125.0;280.0;0;3~380 В;3342.73;;16;12;12;0;CatalogTable;Aikon «Канализационные насосы с рубашкой охлаждения SSC-G/OG», каталог 01.2025, стр. 29
Aikon;SSC-G/OG;500SSC3000-12-160G;SingleChannel;500;125.0;160.0;0;3~380 В;3615.45;;16;12;0;0;CatalogTable;Aikon «Канализационные насосы с рубашкой охлаждения SSC-G/OG», каталог 01.2025, стр. 29
Aikon;SSC-G/OG;500SSC3000-10-132G;SingleChannel;500;125.0;132.0;0;3~380 В;3438.28;;16;12;0;0;CatalogTable;Aikon «Канализационные насосы с рубашкой охлаждения SSC-G/OG», каталог 01.2025, стр. 29
Aikon;SSC-G/OG;500SSC3000-17-220G;SingleChannel;500;125.0;220.0;0;3~380 В;3606.08;;16;12;0;0;CatalogTable;Aikon «Канализационные насосы с рубашкой охлаждения SSC-G/OG», каталог 01.2025, стр. 29
Aikon;SDS;SDSMF2.25;Open;50;6.0;0.25;2900;1~220 В;12.02;;16;0;12;0;CatalogTable;Aikon «Погружные дренажные насосы SDS», каталог 14.10.2024, стр. 16
Aikon;SDS;SDSMF2.4;Open;50;6.0;0.4;2900;1~220 В;14.47;;16;0;12;0;CatalogTable;Aikon «Погружные дренажные насосы SDS», каталог 14.10.2024, стр. 16
Aikon;SDS;SDSMF2.75;Open;50;6.0;0.75;2900;1~220 В;19.48;;16;0;12;0;CatalogTable;Aikon «Погружные дренажные насосы SDS», каталог 14.10.2024, стр. 17
Aikon;SDS;SDSMF21.5;Open;50;8.5;1.5;2900;1~220 В;29.85;;16;0;12;0;CatalogTable;Aikon «Погружные дренажные насосы SDS», каталог 14.10.2024, стр. 17
Aikon;SDS;SDSMF31.5;Open;80;8.5;1.5;2900;1~220 В;41.83;14.02;16;0;12;0;CatalogTable;Aikon «Погружные дренажные насосы SDS», каталог 14.10.2024, стр. 19
Aikon;SDS;SDSF21.5;Open;50;8.5;1.5;2900;3~400 В;29.85;;16;0;12;0;CatalogTable;Aikon «Погружные дренажные насосы SDS», каталог 14.10.2024, стр. 17
Aikon;SDS;SDSF22.2;Open;80;8.5;2.2;2900;3~400 В;31.89;24.91;16;0;12;0;CatalogTable;Aikon «Погружные дренажные насосы SDS», каталог 14.10.2024, стр. 18
Aikon;SDS;SDSF23.7;Open;50;8.5;3.7;2900;3~400 В;36.0;32.03;16;0;11;0;CatalogTable;Aikon «Погружные дренажные насосы SDS», каталог 14.10.2024, стр. 18
Aikon;SDS;SDSF31.5;Open;39;8.5;1.5;2900;3~400 В;41.83;14.02;16;0;12;0;CatalogTable;Aikon «Погружные дренажные насосы SDS», каталог 14.10.2024, стр. 19
Aikon;SDS;SDSF32.2;Open;40;8.5;2.2;2900;3~400 В;54.98;;16;0;11;0;CatalogTable;Aikon «Погружные дренажные насосы SDS», каталог 14.10.2024, стр. 19
Aikon;SDS;SDSF33.7;Open;60;8.5;3.7;2900;3~400 В;59.25;28.95;16;0;12;0;CatalogTable;Aikon «Погружные дренажные насосы SDS», каталог 14.10.2024, стр. 20
Aikon;SDS;SDSF35.5;Open;68;8.5;5.5;2900;3~400 В;72.06;35.14;16;0;12;0;CatalogTable;Aikon «Погружные дренажные насосы SDS», каталог 14.10.2024, стр. 20
Aikon;SDS;SDSF43.7;Open;61;8.5;3.7;2900;3~400 В;94.45;;16;0;12;0;CatalogTable;Aikon «Погружные дренажные насосы SDS», каталог 14.10.2024, стр. 21
Aikon;SDS;SDSF45.5;Open;69;8.5;5.5;2900;3~400 В;104.69;;16;0;12;0;CatalogTable;Aikon «Погружные дренажные насосы SDS», каталог 14.10.2024, стр. 21
Aikon;SDS;SDS21.5;Open;37;8.5;1.5;2900;3~400 В;29.85;;16;0;12;0;CatalogTable;Aikon «Погружные дренажные насосы SDS», каталог 14.10.2024, стр. 17
Aikon;SDS;SDS22.2;Open;40;8.5;2.2;2900;3~400 В;31.89;24.91;16;0;12;0;CatalogTable;Aikon «Погружные дренажные насосы SDS», каталог 14.10.2024, стр. 18
Aikon;SDS;SDS23.7;Open;58;8.5;3.7;2900;3~400 В;36.0;32.03;16;0;11;0;CatalogTable;Aikon «Погружные дренажные насосы SDS», каталог 14.10.2024, стр. 18
Aikon;SDS;SDS31.5;Open;37;8.5;1.5;2900;3~400 В;41.83;14.02;16;0;12;0;CatalogTable;Aikon «Погружные дренажные насосы SDS», каталог 14.10.2024, стр. 19
Aikon;SDS;SDS32.2;Open;42;8.5;2.2;2900;3~400 В;54.98;;16;0;11;0;CatalogTable;Aikon «Погружные дренажные насосы SDS», каталог 14.10.2024, стр. 19
Aikon;SDS;SDS33.7;Open;58;8.5;3.7;2900;3~400 В;59.25;28.95;16;0;12;0;CatalogTable;Aikon «Погружные дренажные насосы SDS», каталог 14.10.2024, стр. 20
Aikon;SDS;SDS35.5;Open;66;8.5;5.5;2900;3~400 В;72.06;35.14;16;0;12;0;CatalogTable;Aikon «Погружные дренажные насосы SDS», каталог 14.10.2024, стр. 20
Aikon;SDS;SDS43.7;Open;59;8.5;3.7;2900;3~400 В;94.45;;16;0;12;0;CatalogTable;Aikon «Погружные дренажные насосы SDS», каталог 14.10.2024, стр. 21
Aikon;SDS;SDS45.5;Open;67;8.5;5.5;2900;3~400 В;104.69;;16;0;12;0;CatalogTable;Aikon «Погружные дренажные насосы SDS», каталог 14.10.2024, стр. 21
Aikon;SDS;SDS47.5;Open;108;11.5;7.5;2900;3~400 В;87.95;41.33;16;0;12;0;CatalogTable;Aikon «Погружные дренажные насосы SDS», каталог 14.10.2024, стр. 22
Aikon;SDS;SDS67.5;Open;110;19.5;7.5;2900;3~400 В;129.73;;16;0;12;0;CatalogTable;Aikon «Погружные дренажные насосы SDS», каталог 14.10.2024, стр. 22
Aikon;SDS;SDS411;Open;123;11.5;11.0;2900;3~400 В;86.72;49.53;16;0;12;0;CatalogTable;Aikon «Погружные дренажные насосы SDS», каталог 14.10.2024, стр. 23
Aikon;SDS;SDS611;Open;125;19.5;11.0;2900;3~400 В;150.11;34.26;16;0;12;0;CatalogTable;Aikon «Погружные дренажные насосы SDS», каталог 14.10.2024, стр. 23
Aquastrong;WQ;50WQ20-45-7.5;Unknown;50;25.0;7.5;2850;3~380 В 50 Гц;48.63;;20;0;0;0;CatalogTable;Aquastrong Commercial Pumps (50 Hz), раздел Submersible Sewage Pumps WQ, стр. 118–119 (таблица и Hydraulic Performance Curves)
Aquastrong;WQ;50WQ15-40-5.5;Unknown;50;25.0;5.5;2850;3~380 В 50 Гц;48.28;43.15;20;0;0;0;CatalogTable;Aquastrong Commercial Pumps (50 Hz), раздел Submersible Sewage Pumps WQ, стр. 118–119 (таблица и Hydraulic Performance Curves)
Aquastrong;WQ;50WQ15-26-3;Unknown;50;25.0;3.0;2850;3~380 В 50 Гц;46.11;29.153;20;0;0;0;CatalogTable;Aquastrong Commercial Pumps (50 Hz), раздел Submersible Sewage Pumps WQ, стр. 118–119 (таблица и Hydraulic Performance Curves)
Aquastrong;WQ;50WQ15-20-2.2;Unknown;50;25.0;2.2;2850;3~380 В 50 Гц;37.43;23.211;20;0;0;0;CatalogTable;Aquastrong Commercial Pumps (50 Hz), раздел Submersible Sewage Pumps WQ, стр. 118–119 (таблица и Hydraulic Performance Curves)
Aquastrong;WQ;50WQ8-20-1.5;Unknown;50;20.0;1.5;2850;3~380 В 50 Гц;27.38;;20;0;0;0;CatalogTable;Aquastrong Commercial Pumps (50 Hz), раздел Submersible Sewage Pumps WQ, стр. 118–119 (таблица и Hydraulic Performance Curves)
Aquastrong;WQ;50WQD8-20-1.5(F);Unknown;50;20.0;1.5;2850;1~220 В 50 Гц;27.38;;20;0;0;0;CatalogTable;Aquastrong Commercial Pumps (50 Hz), раздел Submersible Sewage Pumps WQ, стр. 118–119 (таблица и Hydraulic Performance Curves)
Aquastrong;WQ;50WQ8-16-1.1;Unknown;50;20.0;1.1;2850;3~380 В 50 Гц;25.44;;20;0;0;0;CatalogTable;Aquastrong Commercial Pumps (50 Hz), раздел Submersible Sewage Pumps WQ, стр. 118–119 (таблица и Hydraulic Performance Curves)
Aquastrong;WQ;50WQD8-16-1.1(F);Unknown;50;20.0;1.1;2850;1~220 В 50 Гц;25.44;;20;0;0;0;CatalogTable;Aquastrong Commercial Pumps (50 Hz), раздел Submersible Sewage Pumps WQ, стр. 118–119 (таблица и Hydraulic Performance Curves)
Aquastrong;WQ;50WQ10-10-0.75;Unknown;50;25.0;0.75;2850;3~380 В 50 Гц;27.24;;20;0;0;0;CatalogTable;Aquastrong Commercial Pumps (50 Hz), раздел Submersible Sewage Pumps WQ, стр. 118–119 (таблица и Hydraulic Performance Curves)
Aquastrong;WQ;50WQD10-10-0.75(F);Unknown;50;25.0;0.75;2850;1~220 В 50 Гц;27.24;;20;0;0;0;CatalogTable;Aquastrong Commercial Pumps (50 Hz), раздел Submersible Sewage Pumps WQ, стр. 118–119 (таблица и Hydraulic Performance Curves)
Aquastrong;WQ;65WQ25-28-4;Unknown;65;25.0;4.0;2850;3~380 В 50 Гц;49.65;31.026;20;0;0;0;CatalogTable;Aquastrong Commercial Pumps (50 Hz), раздел Submersible Sewage Pumps WQ, стр. 118–119 (таблица и Hydraulic Performance Curves)
Aquastrong;WQ;65WQ25-22-3;Unknown;65;30.0;3.0;2850;3~380 В 50 Гц;49.95;27.383;20;0;0;0;CatalogTable;Aquastrong Commercial Pumps (50 Hz), раздел Submersible Sewage Pumps WQ, стр. 118–119 (таблица и Hydraulic Performance Curves)
Aquastrong;WQ;65WQ25-17-2.2;Unknown;65;25.0;2.2;2850;3~380 В 50 Гц;37.81;23.983;20;0;0;0;CatalogTable;Aquastrong Commercial Pumps (50 Hz), раздел Submersible Sewage Pumps WQ, стр. 118–119 (таблица и Hydraulic Performance Curves)
Aquastrong;WQ;65WQ15-15-1.5;Unknown;65;25.0;1.5;2850;3~380 В 50 Гц;34.39;19.831;20;0;0;0;CatalogTable;Aquastrong Commercial Pumps (50 Hz), раздел Submersible Sewage Pumps WQ, стр. 118–119 (таблица и Hydraulic Performance Curves)
Aquastrong;WQ;65WQD15-15-1.5(F);Unknown;65;25.0;1.5;2850;3~380 В 50 Гц;34.39;19.831;20;0;0;0;CatalogTable;Aquastrong Commercial Pumps (50 Hz), раздел Submersible Sewage Pumps WQ, стр. 118–119 (таблица и Hydraulic Performance Curves)
Aquastrong;WQ;65WQ15-10-1.1;Unknown;65;25.0;1.1;2850;3~380 В 50 Гц;26.21;;20;0;0;0;CatalogTable;Aquastrong Commercial Pumps (50 Hz), раздел Submersible Sewage Pumps WQ, стр. 118–119 (таблица и Hydraulic Performance Curves)
Aquastrong;WQ;65WQD15-10-1.1(F);Unknown;65;25.0;1.1;2850;1~220 В 50 Гц;26.21;;20;0;0;0;CatalogTable;Aquastrong Commercial Pumps (50 Hz), раздел Submersible Sewage Pumps WQ, стр. 118–119 (таблица и Hydraulic Performance Curves)
Aquastrong;WQ;80WQ30-33-7.5;Unknown;80;30.0;7.5;2850;3~380 В 50 Гц;78.94;38.909;20;0;0;0;CatalogTable;Aquastrong Commercial Pumps (50 Hz), раздел Submersible Sewage Pumps WQ, стр. 118–119 (таблица и Hydraulic Performance Curves)
Aquastrong;WQ;80WQ30-30-5.5;Unknown;80;30.0;5.5;2850;3~380 В 50 Гц;44.29;;15;0;0;0;CatalogTable;Aquastrong Commercial Pumps (50 Hz), раздел Submersible Sewage Pumps WQ, стр. 118–119 (таблица и Hydraulic Performance Curves)
Aquastrong;WQ;80WQ40-18-4;Unknown;80;30.0;4.0;2850;3~380 В 50 Гц;80.42;23.125;20;0;0;0;CatalogTable;Aquastrong Commercial Pumps (50 Hz), раздел Submersible Sewage Pumps WQ, стр. 118–119 (таблица и Hydraulic Performance Curves)
Aquastrong;WQ;80WQ40-13-3;Unknown;80;30.0;3.0;2850;3~380 В 50 Гц;70.38;;20;0;0;0;CatalogTable;Aquastrong Commercial Pumps (50 Hz), раздел Submersible Sewage Pumps WQ, стр. 118–119 (таблица и Hydraulic Performance Curves)
Aquastrong;WQ;80WQ40-9-2.2;Unknown;80;30.0;2.2;2850;3~380 В 50 Гц;63.47;;20;0;0;0;CatalogTable;Aquastrong Commercial Pumps (50 Hz), раздел Submersible Sewage Pumps WQ, стр. 118–119 (таблица и Hydraulic Performance Curves)
Aquastrong;WQ;100WQ65-22-7.5;Unknown;100;35.0;7.5;2850;3~380 В 50 Гц;109.33;;19;0;0;0;CatalogTable;Aquastrong Commercial Pumps (50 Hz), раздел Submersible Sewage Pumps WQ, стр. 118–119 (таблица и Hydraulic Performance Curves)
Aquastrong;WQ;100WQ60-9-3;Unknown;100;30.0;3.0;2850;3~380 В 50 Гц;89.4;;20;0;0;0;CatalogTable;Aquastrong Commercial Pumps (50 Hz), раздел Submersible Sewage Pumps WQ, стр. 118–119 (таблица и Hydraulic Performance Curves)
Aquastrong;WQ;100WQ100-36-22(4P);Unknown;100;50.0;22.0;1450;3~380 В 50 Гц;200.88;42.116;20;0;0;0;CatalogTable;Aquastrong Commercial Pumps (50 Hz), раздел Submersible Sewage Pumps WQ, стр. 118–119 (таблица и Hydraulic Performance Curves)
Aquastrong;WQ;100WQ100-31-18.5(4P);Unknown;100;50.0;18.5;1450;3~380 В 50 Гц;199.85;38.195;20;0;0;0;CatalogTable;Aquastrong Commercial Pumps (50 Hz), раздел Submersible Sewage Pumps WQ, стр. 118–119 (таблица и Hydraulic Performance Curves)
Aquastrong;WQ;100WQ100-27-15(4P);Unknown;100;50.0;15.0;1450;3~380 В 50 Гц;198.85;33.327;20;0;0;0;CatalogTable;Aquastrong Commercial Pumps (50 Hz), раздел Submersible Sewage Pumps WQ, стр. 118–119 (таблица и Hydraulic Performance Curves)
Aquastrong;WQ;100WQ100-22-11(4P);Unknown;100;50.0;11.0;1450;3~380 В 50 Гц;185.3;28.822;20;0;0;0;CatalogTable;Aquastrong Commercial Pumps (50 Hz), раздел Submersible Sewage Pumps WQ, стр. 118–119 (таблица и Hydraulic Performance Curves)
Aquastrong;WQ;100WQ100-15-7.5(4P);Unknown;100;55.0;7.5;1450;3~380 В 50 Гц;168.56;;20;0;0;0;CatalogTable;Aquastrong Commercial Pumps (50 Hz), раздел Submersible Sewage Pumps WQ, стр. 118–119 (таблица и Hydraulic Performance Curves)
Aquastrong;WQ;100WQ65-15-5.5(4P);Unknown;100;55.0;5.5;1450;3~380 В 50 Гц;148.38;;20;0;0;0;CatalogTable;Aquastrong Commercial Pumps (50 Hz), раздел Submersible Sewage Pumps WQ, стр. 118–119 (таблица и Hydraulic Performance Curves)
Aquastrong;WQ;150WQ150-40-37(4P);Unknown;150;55.0;37.0;1450;3~380 В 50 Гц;329.77;49.34;20;0;0;0;CatalogTable;Aquastrong Commercial Pumps (50 Hz), раздел Submersible Sewage Pumps WQ, стр. 118–119 (таблица и Hydraulic Performance Curves)
Aquastrong;WQ;150WQ150-34-30(4P);Unknown;150;55.0;30.0;1450;3~380 В 50 Гц;304.48;44.968;20;0;0;0;CatalogTable;Aquastrong Commercial Pumps (50 Hz), раздел Submersible Sewage Pumps WQ, стр. 118–119 (таблица и Hydraulic Performance Curves)
Aquastrong;WQ;150WQ150-28-22(4P);Unknown;150;50.0;22.0;1450;3~380 В 50 Гц;331.0;35.743;20;0;0;0;CatalogTable;Aquastrong Commercial Pumps (50 Hz), раздел Submersible Sewage Pumps WQ, стр. 118–119 (таблица и Hydraulic Performance Curves)
Aquastrong;WQ;150WQ150-24-18.5(4P);Unknown;150;50.0;18.5;1450;3~380 В 50 Гц;304.01;31.665;20;0;0;0;CatalogTable;Aquastrong Commercial Pumps (50 Hz), раздел Submersible Sewage Pumps WQ, стр. 118–119 (таблица и Hydraulic Performance Curves)
Aquastrong;WQ;150WQ150-20-15(4P);Unknown;150;50.0;15.0;1450;3~380 В 50 Гц;284.71;27.567;20;0;0;0;CatalogTable;Aquastrong Commercial Pumps (50 Hz), раздел Submersible Sewage Pumps WQ, стр. 118–119 (таблица и Hydraulic Performance Curves)
Aquastrong;WQ;150WQ150-15-11(4P);Unknown;150;50.0;11.0;1450;3~380 В 50 Гц;252.92;22.344;20;0;0;0;CatalogTable;Aquastrong Commercial Pumps (50 Hz), раздел Submersible Sewage Pumps WQ, стр. 118–119 (таблица и Hydraulic Performance Curves)
Aquastrong;WQ;150WQ150-10-7.5(4P);Unknown;150;75.0;7.5;1450;3~380 В 50 Гц;228.93;15.32;20;0;0;0;CatalogTable;Aquastrong Commercial Pumps (50 Hz), раздел Submersible Sewage Pumps WQ, стр. 118–119 (таблица и Hydraulic Performance Curves)
Aquastrong;WQ;150WQ110-10-5.5(4P);Unknown;150;55.0;5.5;1450;3~380 В 50 Гц;200.0;15.723;20;0;0;0;CatalogTable;Aquastrong Commercial Pumps (50 Hz), раздел Submersible Sewage Pumps WQ, стр. 118–119 (таблица и Hydraulic Performance Curves)
Aquastrong;WQ;200WQ300-30-45(4P);Unknown;200;80.0;45.0;1450;3~380 В 50 Гц;650.28;;20;0;0;0;CatalogTable;Aquastrong Commercial Pumps (50 Hz), раздел Submersible Sewage Pumps WQ, стр. 118–119 (таблица и Hydraulic Performance Curves)
Aquastrong;WQ;200WQ300-25-37(4P);Unknown;200;0;37.0;1450;3~380 В 50 Гц;610.44;38.75;20;0;0;0;CatalogTable;Aquastrong Commercial Pumps (50 Hz), раздел Submersible Sewage Pumps WQ, стр. 118–119 (таблица и Hydraulic Performance Curves)
Aquastrong;WQ;200WQ300-21-30(4P);Unknown;200;80.0;30.0;1450;3~380 В 50 Гц;556.57;32.745;19;0;0;0;CatalogTable;Aquastrong Commercial Pumps (50 Hz), раздел Submersible Sewage Pumps WQ, стр. 118–119 (таблица и Hydraulic Performance Curves)
Aquastrong;WQ;200WQ300-18-22(4P);Unknown;200;65.0;22.0;1450;3~380 В 50 Гц;557.81;;20;0;0;0;CatalogTable;Aquastrong Commercial Pumps (50 Hz), раздел Submersible Sewage Pumps WQ, стр. 118–119 (таблица и Hydraulic Performance Curves)
Aquastrong;WQ;200WQ300-15-18.5(4P);Unknown;200;0;18.5;1450;3~380 В 50 Гц;520.04;23.357;20;0;0;0;CatalogTable;Aquastrong Commercial Pumps (50 Hz), раздел Submersible Sewage Pumps WQ, стр. 118–119 (таблица и Hydraulic Performance Curves)
Aquastrong;WQ;200WQ300-12-15(4P);Unknown;200;65.0;15.0;1450;3~380 В 50 Гц;495.46;;20;0;0;0;CatalogTable;Aquastrong Commercial Pumps (50 Hz), раздел Submersible Sewage Pumps WQ, стр. 118–119 (таблица и Hydraulic Performance Curves)
Aquastrong;WQ;200WQ300-9-11(4P);Unknown;200;65.0;11.0;1450;3~380 В 50 Гц;448.14;16.093;20;0;0;0;CatalogTable;Aquastrong Commercial Pumps (50 Hz), раздел Submersible Sewage Pumps WQ, стр. 118–119 (таблица и Hydraulic Performance Curves)
Aquastrong;WQ;200WQ250-6-7.5(4P);Unknown;200;55.0;7.5;1450;3~380 В 50 Гц;369.84;;20;0;0;0;CatalogTable;Aquastrong Commercial Pumps (50 Hz), раздел Submersible Sewage Pumps WQ, стр. 118–119 (таблица и Hydraulic Performance Curves)
Aquastrong;WQ;250WQ500-21-45(4P);Unknown;250;85.0;45.0;1450;3~380 В 50 Гц;950.96;;20;0;0;0;CatalogTable;Aquastrong Commercial Pumps (50 Hz), раздел Submersible Sewage Pumps WQ, стр. 118–119 (таблица и Hydraulic Performance Curves)
Aquastrong;WQ;250WQ500-18-37(4P);Unknown;250;85.0;37.0;1450;3~380 В 50 Гц;937.72;28.727;20;0;0;0;CatalogTable;Aquastrong Commercial Pumps (50 Hz), раздел Submersible Sewage Pumps WQ, стр. 118–119 (таблица и Hydraulic Performance Curves)
Aquastrong;WQ;250WQ500-14-30(4P);Unknown;250;85.0;30.0;1450;3~380 В 50 Гц;858.11;25.521;16;0;0;0;CatalogTable;Aquastrong Commercial Pumps (50 Hz), раздел Submersible Sewage Pumps WQ, стр. 118–119 (таблица и Hydraulic Performance Curves)
Aquastrong;WQ;250WQ500-11-22(4P);Unknown;250;70.0;22.0;1450;3~380 В 50 Гц;784.39;20.809;20;0;0;0;CatalogTable;Aquastrong Commercial Pumps (50 Hz), раздел Submersible Sewage Pumps WQ, стр. 118–119 (таблица и Hydraulic Performance Curves)
Aquastrong;WQ;300WQ800-14-45(4P);Unknown;300;0;45.0;1450;3~380 В 50 Гц;1092.94;27.184;20;0;0;0;CatalogTable;Aquastrong Commercial Pumps (50 Hz), раздел Submersible Sewage Pumps WQ, стр. 118–119 (таблица и Hydraulic Performance Curves)
Aquastrong;WQ;300WQ800-11-37(4P);Unknown;300;90.0;37.0;1450;3~380 В 50 Гц;1033.48;24.426;20;0;0;0;CatalogTable;Aquastrong Commercial Pumps (50 Hz), раздел Submersible Sewage Pumps WQ, стр. 118–119 (таблица и Hydraulic Performance Curves)
Aquastrong;WQ;300WQ800-8-30(4P);Unknown;300;0;30.0;1450;3~380 В 50 Гц;1046.6;21.346;20;0;0;0;CatalogTable;Aquastrong Commercial Pumps (50 Hz), раздел Submersible Sewage Pumps WQ, стр. 118–119 (таблица и Hydraulic Performance Curves)
Aquastrong;KBZ;KBZ45.5;Unknown;100;8.5;5.5;0;3~380 В 50 Гц;103.2;;18;0;0;0;CatalogTable;Aquastrong Commercial Pumps (50 Hz), Submersible Dewatering Pumps, стр. 124–125
Aquastrong;KBZ;KBZ33.7;Unknown;80;8.5;3.7;0;3~380 В 50 Гц;51.71;;18;0;0;0;CatalogTable;Aquastrong Commercial Pumps (50 Hz), Submersible Dewatering Pumps, стр. 124–125
Aquastrong;KBZ;KBZ31.5;Unknown;80;8.5;1.5;0;3~380 В 50 Гц;39.52;;18;0;0;0;CatalogTable;Aquastrong Commercial Pumps (50 Hz), Submersible Dewatering Pumps, стр. 124–125
Aquastrong;KBZ;KBZ22.2;Unknown;50;8.5;2.2;0;3~380 В 50 Гц;27.33;;18;0;0;0;CatalogTable;Aquastrong Commercial Pumps (50 Hz), Submersible Dewatering Pumps, стр. 124–125
Aquastrong;KBZ;KBZ21.5;Unknown;50;8.5;1.5;0;3~380 В 50 Гц;27.08;;18;0;0;0;CatalogTable;Aquastrong Commercial Pumps (50 Hz), Submersible Dewatering Pumps, стр. 124–125
Aquastrong;KBZ;KBZ47.5;Unknown;100;11.5;7.5;0;3~380 В 50 Гц;81.06;;18;0;0;0;CatalogTable;Aquastrong Commercial Pumps (50 Hz), Submersible Dewatering Pumps, стр. 126–127
Aquastrong;KBZ;KBZ411;Unknown;100;11.5;11;0;3~380 В 50 Гц;85.72;;18;0;0;0;CatalogTable;Aquastrong Commercial Pumps (50 Hz), Submersible Dewatering Pumps, стр. 126–127
Aquastrong;KBZ;KBZ415;Unknown;100;11.5;15;0;3~380 В 50 Гц;85.7;;18;0;0;0;CatalogTable;Aquastrong Commercial Pumps (50 Hz), Submersible Dewatering Pumps, стр. 126–127
Aquastrong;KBZ;KBZ67.5;Unknown;150;19.5;7.5;0;3~380 В 50 Гц;122.3;;18;0;0;0;CatalogTable;Aquastrong Commercial Pumps (50 Hz), Submersible Dewatering Pumps, стр. 126–127
Aquastrong;KBZ;KBZ611;Unknown;150;19.5;11;0;3~380 В 50 Гц;145.17;;18;0;0;0;CatalogTable;Aquastrong Commercial Pumps (50 Hz), Submersible Dewatering Pumps, стр. 126–127
Aquastrong;KBZ;KBZ615;Unknown;150;19.5;15;0;3~380 В 50 Гц;157.11;;18;0;0;0;CatalogTable;Aquastrong Commercial Pumps (50 Hz), Submersible Dewatering Pumps, стр. 126–127
Aquastrong;KBS;80KBS44;Open;80;30;4;1450;3~380 В 50 Гц;98.77;;18;0;0;0;CatalogTable;Aquastrong Commercial Pumps (50 Hz), Submersible Slurry Pumps, стр. 128–129
Aquastrong;KBS;100KBS46;Open;100;30;6;1450;3~380 В 50 Гц;146.46;;18;0;0;0;CatalogTable;Aquastrong Commercial Pumps (50 Hz), Submersible Slurry Pumps, стр. 128–129
Aquastrong;KBS;150KBS49;Open;150;30;9;1450;3~380 В 50 Гц;167.84;;18;0;0;0;CatalogTable;Aquastrong Commercial Pumps (50 Hz), Submersible Slurry Pumps, стр. 128–129
Vandjord;SG;SG.40.075.2.5.0D;Grinder;40;0;0.75;2850;3~380 В;11.94;14.96;16;12;0;0;CatalogTable;VANDJORD «Технический каталог: насосы и насосные установки для дренажа и канализации», 2026 (зеркало c-o-k.ru), стр. 33
Vandjord;SG;SG.40.075.2.1.502;Grinder;40;0;0;0;1~220 В;11.94;14.96;16;0;0;0;CatalogTable;VANDJORD «Технический каталог: насосы и насосные установки для дренажа и канализации», 2026 (зеркало c-o-k.ru), стр. 33
Vandjord;SG;SG.40.075.A.2.1.502;Grinder;40;0;0;2900;1~220 В;11.94;14.96;16;0;0;0;CatalogTable;VANDJORD «Технический каталог: насосы и насосные установки для дренажа и канализации», 2026 (зеркало c-o-k.ru), стр. 33
Vandjord;SG;SG.40.11.2.5.0D;Grinder;40;0;1.1;2850;3~380 В;12.97;16.73;16;12;0;0;CatalogTable;VANDJORD «Технический каталог: насосы и насосные установки для дренажа и канализации», 2026 (зеркало c-o-k.ru), стр. 33
Vandjord;SG;SG.40.11.2.1.502;Grinder;40;0;0;0;1~220 В;12.97;16.73;16;0;0;0;CatalogTable;VANDJORD «Технический каталог: насосы и насосные установки для дренажа и канализации», 2026 (зеркало c-o-k.ru), стр. 33
Vandjord;SG;SG.40.11.A.2.1.502;Grinder;40;0;0;2900;1~220 В;12.97;16.73;16;0;0;0;CatalogTable;VANDJORD «Технический каталог: насосы и насосные установки для дренажа и канализации», 2026 (зеркало c-o-k.ru), стр. 33
Vandjord;SG;SG.40.22.2.5.0D;Grinder;40;0;2.2;2850;3~380 В;19.95;25.85;16;12;0;0;CatalogTable;VANDJORD «Технический каталог: насосы и насосные установки для дренажа и канализации», 2026 (зеркало c-o-k.ru), стр. 34
Vandjord;SG;SG.50.37.2.5.0D;Grinder;50;0;3.7;2850;3~380 В;24.92;30.12;16;12;0;0;CatalogTable;VANDJORD «Технический каталог: насосы и насосные установки для дренажа и канализации», 2026 (зеркало c-o-k.ru), стр. 35
Vandjord;SG;SG.50.55.2.5.0D;Grinder;50;0;5.5;2850;3~380 В;24.79;41.62;16;12;0;0;CatalogTable;VANDJORD «Технический каталог: насосы и насосные установки для дренажа и канализации», 2026 (зеркало c-o-k.ru), стр. 35
Vandjord;SG;SG.50.75.2.5.0D;Grinder;50;0;9.4;2850;3~380 В;29.08;47.75;16;12;0;0;CatalogTable;VANDJORD «Технический каталог: насосы и насосные установки для дренажа и канализации», 2026 (зеркало c-o-k.ru), стр. 36
Vandjord;SG;SG.50.110.2.5.0D;Grinder;50;0;13.7;2850;3~380 В;29.22;64.87;16;12;0;0;CatalogTable;VANDJORD «Технический каталог: насосы и насосные установки для дренажа и канализации», 2026 (зеркало c-o-k.ru), стр. 36
Vandjord;VSV;VSV.50.50.045.2.5.0D;Vortex;50;50.0;400.0;2900;3~400 В;19.06;8.21;16;12;0;0;CatalogTable;VANDJORD «Технический каталог: насосы и насосные установки для дренажа и канализации», 2026 (зеркало c-o-k.ru), стр. 37
Vandjord;VSV;VSV.50.50.045.A.2.1.502;Vortex;50;50.0;0;2900;1~220 В;19.06;8.21;16;0;0;0;CatalogTable;VANDJORD «Технический каталог: насосы и насосные установки для дренажа и канализации», 2026 (зеркало c-o-k.ru), стр. 37
Vandjord;VSV;VSV.50.50.075.2.5.0D;Vortex;50;50.0;400.0;0;3~400 В;23.06;10.76;16;12;0;0;CatalogTable;VANDJORD «Технический каталог: насосы и насосные установки для дренажа и канализации», 2026 (зеркало c-o-k.ru), стр. 37
Vandjord;VSV;VSV.50.50.075.2.1.502;Vortex;50;50.0;0;2900;1~220 В;23.06;10.76;16;0;0;0;CatalogTable;VANDJORD «Технический каталог: насосы и насосные установки для дренажа и канализации», 2026 (зеркало c-o-k.ru), стр. 37
Vandjord;VSV;VSV.50.50.075.A.2.1.502;Vortex;50;50.0;0;2900;1~220 В;23.06;10.76;16;0;0;0;CatalogTable;VANDJORD «Технический каталог: насосы и насосные установки для дренажа и канализации», 2026 (зеркало c-o-k.ru), стр. 37
Vandjord;VSV;VSV.50.50.15.2.5.0D;Vortex;50;50.0;0;2900;3~380 В;29.14;14.84;16;0;0;0;CatalogTable;VANDJORD «Технический каталог: насосы и насосные установки для дренажа и канализации», 2026 (зеркало c-o-k.ru), стр. 38
Vandjord;VSV;VSV.50.50.15.2.1.502;Vortex;50;50.0;0;2900;1~220 В;29.14;14.84;16;0;0;0;CatalogTable;VANDJORD «Технический каталог: насосы и насосные установки для дренажа и канализации», 2026 (зеркало c-o-k.ru), стр. 38
Vandjord;VSV;VSV.50.50.15.A.2.1.502;Vortex;50;50.0;220.0;1;1~220 В;29.14;14.84;16;12;0;0;CatalogTable;VANDJORD «Технический каталог: насосы и насосные установки для дренажа и канализации», 2026 (зеркало c-o-k.ru), стр. 38
Vandjord;VSV;VSV.65.50.15.2.5.0D;Vortex;65;50.0;400.0;1;3~400 В;41.95;;16;12;0;0;CatalogTable;VANDJORD «Технический каталог: насосы и насосные установки для дренажа и канализации», 2026 (зеркало c-o-k.ru), стр. 39
Vandjord;VSV;VSV.65.50.15.2.1.502;Vortex;65;50.0;0;2900;1~220 В;41.95;;16;0;0;0;CatalogTable;VANDJORD «Технический каталог: насосы и насосные установки для дренажа и канализации», 2026 (зеркало c-o-k.ru), стр. 39
Vandjord;VSV;VSV.65.50.15.A.2.1.502;Vortex;65;50.0;0;2900;1~220 В;41.95;;16;0;0;0;CatalogTable;VANDJORD «Технический каталог: насосы и насосные установки для дренажа и канализации», 2026 (зеркало c-o-k.ru), стр. 39
Vandjord;VSV;VSV.65.50.22.2.5.0D;Vortex;65;50.0;400.0;2;3~400 В;51.15;17.78;16;12;0;0;CatalogTable;VANDJORD «Технический каталог: насосы и насосные установки для дренажа и канализации», 2026 (зеркало c-o-k.ru), стр. 39
Vandjord;VSV;VSV.65.50.37.2.5.0D;Vortex;65;50.0;400.0;3;3~400 В;72.28;33.81;16;12;0;0;CatalogTable;VANDJORD «Технический каталог: насосы и насосные установки для дренажа и канализации», 2026 (зеркало c-o-k.ru), стр. 41
Vandjord;VSV;VSV.65.50.110.2.5.0D;Vortex;65;50.0;400.0;11;3~400 В;34.06;39.73;16;12;0;0;CatalogTable;VANDJORD «Технический каталог: насосы и насосные установки для дренажа и канализации», 2026 (зеркало c-o-k.ru), стр. 41
Vandjord;VSV;VSV.80.50.15.2.5.0D;Vortex;80;50.0;400.0;1;3~400 В;44.98;15.38;16;12;0;0;CatalogTable;VANDJORD «Технический каталог: насосы и насосные установки для дренажа и канализации», 2026 (зеркало c-o-k.ru), стр. 42
Vandjord;VSV;VSV.80.50.15.2.1.502;Vortex;80;50.0;0;2900;1~220 В;44.98;15.38;16;0;0;0;CatalogTable;VANDJORD «Технический каталог: насосы и насосные установки для дренажа и канализации», 2026 (зеркало c-o-k.ru), стр. 42
Vandjord;VSV;VSV.80.50.15.A.2.1.502;Vortex;80;50.0;0;2900;1~220 В;44.98;15.38;16;0;0;0;CatalogTable;VANDJORD «Технический каталог: насосы и насосные установки для дренажа и канализации», 2026 (зеркало c-o-k.ru), стр. 42
Vandjord;VSV;VSV.80.80.15.2.5.0D;Vortex;80;80.0;400.0;1;3~400 В;35.44;9.18;16;12;0;0;CatalogTable;VANDJORD «Технический каталог: насосы и насосные установки для дренажа и канализации», 2026 (зеркало c-o-k.ru), стр. 43
Vandjord;VSV;VSV.80.80.15.2.1.502;Vortex;80;80.0;0;2900;1~220 В;35.44;9.18;16;0;0;0;CatalogTable;VANDJORD «Технический каталог: насосы и насосные установки для дренажа и канализации», 2026 (зеркало c-o-k.ru), стр. 43
Vandjord;VSV;VSV.80.80.15.A.2.1.502;Vortex;80;80.0;0;2900;1~220 В;35.44;9.18;16;0;0;0;CatalogTable;VANDJORD «Технический каталог: насосы и насосные установки для дренажа и канализации», 2026 (зеркало c-o-k.ru), стр. 43
Vandjord;VSV;VSV.80.50.22.2.5.0D;Vortex;80;50.0;400.0;2;3~400 В;54.18;17.64;16;12;0;0;CatalogTable;VANDJORD «Технический каталог: насосы и насосные установки для дренажа и канализации», 2026 (зеркало c-o-k.ru), стр. 43
Vandjord;VSV;VSV.80.80.22.2.5.0D;Vortex;80;80.0;400.0;2;3~400 В;57.0;11.2;16;12;0;0;CatalogTable;VANDJORD «Технический каталог: насосы и насосные установки для дренажа и канализации», 2026 (зеркало c-o-k.ru), стр. 44
Vandjord;VSV;VSV.80.80.37.2.5.0D;Vortex;80;80.0;400.0;3;3~400 В;80.31;17.46;16;12;0;0;CatalogTable;VANDJORD «Технический каталог: насосы и насосные установки для дренажа и канализации», 2026 (зеркало c-o-k.ru), стр. 45
Vandjord;VSV;VSV.80.50.55.2.5.0D;Vortex;80;50.0;400.0;5;3~400 В;80.31;28.01;16;12;0;0;CatalogTable;VANDJORD «Технический каталог: насосы и насосные установки для дренажа и канализации», 2026 (зеркало c-o-k.ru), стр. 45
Vandjord;VSV;VSV.80.80.55.2.5.0D;Vortex;80;80.0;400.0;5;3~400 В;90.28;;16;12;0;0;CatalogTable;VANDJORD «Технический каталог: насосы и насосные установки для дренажа и канализации», 2026 (зеркало c-o-k.ru), стр. 46
Vandjord;VSV;VSV.80.50.75.2.5.0D;Vortex;80;50.0;400.0;7;3~400 В;93.33;31.87;16;12;0;0;CatalogTable;VANDJORD «Технический каталог: насосы и насосные установки для дренажа и канализации», 2026 (зеркало c-o-k.ru), стр. 46
Vandjord;VSV;VSV.80.80.75.2.5.0D;Vortex;80;80.0;400.0;7;3~400 В;102.06;28.08;16;12;0;0;CatalogTable;VANDJORD «Технический каталог: насосы и насосные установки для дренажа и канализации», 2026 (зеркало c-o-k.ru), стр. 47
Vandjord;VSV;VSV.80.50.110.2.5.0D;Vortex;80;50.0;400.0;11;3~400 В;93.5;39.68;16;12;0;0;CatalogTable;VANDJORD «Технический каталог: насосы и насосные установки для дренажа и канализации», 2026 (зеркало c-o-k.ru), стр. 47
Vandjord;VSV;VSV.80.80.110.2.5.0D;Vortex;80;80.0;400.0;11;3~400 В;113.11;;16;12;0;0;CatalogTable;VANDJORD «Технический каталог: насосы и насосные установки для дренажа и канализации», 2026 (зеркало c-o-k.ru), стр. 48
Vandjord;VSV;VSV.80.80.15.4.5.0D;Vortex;80;80.0;400.0;1;3~400 В;66.03;;16;12;0;0;CatalogTable;VANDJORD «Технический каталог: насосы и насосные установки для дренажа и канализации», 2026 (зеркало c-o-k.ru), стр. 49
Vandjord;VSV;VSV.80.80.22.4.5.0D;Vortex;80;80.0;400.0;2;3~400 В;75.1;;16;12;0;0;CatalogTable;VANDJORD «Технический каталог: насосы и насосные установки для дренажа и канализации», 2026 (зеркало c-o-k.ru), стр. 49
Vandjord;VSV;VSV.80.80.37.4.5.0D;Vortex;80;80.0;400.0;3;3~400 В;90.39;;16;12;0;0;CatalogTable;VANDJORD «Технический каталог: насосы и насосные установки для дренажа и канализации», 2026 (зеркало c-o-k.ru), стр. 50
Vandjord;VSV;VSV.80.80.55.4.5.0D;Vortex;80;80.0;400.0;5;3~400 В;104.73;15.45;16;12;0;0;CatalogTable;VANDJORD «Технический каталог: насосы и насосные установки для дренажа и канализации», 2026 (зеркало c-o-k.ru), стр. 50
Vandjord;VSV;VSV.80.80.75.4.5.0D;Vortex;80;80.0;400.0;7;3~400 В;115.48;;16;12;0;0;CatalogTable;VANDJORD «Технический каталог: насосы и насосные установки для дренажа и канализации», 2026 (зеркало c-o-k.ru), стр. 51
Vandjord;VSV;VSV.100.100.37.4.5.0D;Vortex;100;100.0;400.0;3;3~400 В;113.68;;16;12;0;0;CatalogTable;VANDJORD «Технический каталог: насосы и насосные установки для дренажа и канализации», 2026 (зеркало c-o-k.ru), стр. 51
Vandjord;VSV;VSV.100.100.55.4.5.0D;Vortex;100;100.0;400.0;5;3~400 В;143.4;13.21;16;12;0;0;CatalogTable;VANDJORD «Технический каталог: насосы и насосные установки для дренажа и канализации», 2026 (зеркало c-o-k.ru), стр. 52
Vandjord;VSV;VSV.100.100.75.4.5.0D;Vortex;100;100.0;400.0;7;3~400 В;163.68;14.96;16;12;0;0;CatalogTable;VANDJORD «Технический каталог: насосы и насосные установки для дренажа и канализации», 2026 (зеркало c-o-k.ru), стр. 52
Vandjord;VSL;VSL.50.075.2.5.0D;MultiChannel;50;0;0.75;2850;3~380 В;26.0;;16;12;0;0;CatalogTable;VANDJORD «Технический каталог: насосы и насосные установки для дренажа и канализации», 2026 (зеркало c-o-k.ru), стр. 53
Vandjord;VSL;VSL.50.075.2.1.502;MultiChannel;50;0;0;0;1~220 В;26.0;;16;0;0;0;CatalogTable;VANDJORD «Технический каталог: насосы и насосные установки для дренажа и канализации», 2026 (зеркало c-o-k.ru), стр. 53
Vandjord;VSL;VSL.50.075.A.2.1.502;MultiChannel;50;0;0;2900;1~220 В;26.0;;16;0;0;0;CatalogTable;VANDJORD «Технический каталог: насосы и насосные установки для дренажа и канализации», 2026 (зеркало c-o-k.ru), стр. 53
Vandjord;VSL;VSL.50.11.2.5.0D;MultiChannel;50;0;1.1;2850;3~380 В;29.12;17.89;16;12;0;0;CatalogTable;VANDJORD «Технический каталог: насосы и насосные установки для дренажа и канализации», 2026 (зеркало c-o-k.ru), стр. 53
Vandjord;VSL;VSL.50.11.2.1.502;MultiChannel;50;0;0;0;1~220 В;29.12;17.89;16;0;0;0;CatalogTable;VANDJORD «Технический каталог: насосы и насосные установки для дренажа и канализации», 2026 (зеркало c-o-k.ru), стр. 53
Vandjord;VSL;VSL.50.11.A.2.1.502;MultiChannel;50;0;0;2900;1~220 В;29.12;17.89;16;0;0;0;CatalogTable;VANDJORD «Технический каталог: насосы и насосные установки для дренажа и канализации», 2026 (зеркало c-o-k.ru), стр. 53
Vandjord;VSL;VSL.50.15.2.5.0D;MultiChannel;50;0;1.5;2850;3~380 В;33.12;20.59;16;12;0;0;CatalogTable;VANDJORD «Технический каталог: насосы и насосные установки для дренажа и канализации», 2026 (зеркало c-o-k.ru), стр. 54
Vandjord;VSL;VSL.50.15.2.1.502;MultiChannel;50;0;1.5;2850;1~220 В;33.12;20.59;16;12;0;0;CatalogTable;VANDJORD «Технический каталог: насосы и насосные установки для дренажа и канализации», 2026 (зеркало c-o-k.ru), стр. 54
Vandjord;VSL;VSL.50.22.2.5.0D;MultiChannel;50;0;2.2;2850;3~380 В;39.89;21.83;16;12;0;0;CatalogTable;VANDJORD «Технический каталог: насосы и насосные установки для дренажа и канализации», 2026 (зеркало c-o-k.ru), стр. 54
Vandjord;VSL;VSL.50.30.2.5.0D;MultiChannel;50;0;3.0;2850;3~380 В;45.93;28.4;16;12;0;0;CatalogTable;VANDJORD «Технический каталог: насосы и насосные установки для дренажа и канализации», 2026 (зеркало c-o-k.ru), стр. 55
Vandjord;VSL;VSL.50.40.2.5.0D;MultiChannel;50;0;4.0;2850;3~380 В;49.06;32.43;16;12;0;0;CatalogTable;VANDJORD «Технический каталог: насосы и насосные установки для дренажа и канализации», 2026 (зеркало c-o-k.ru), стр. 55
Vandjord;VSL;VSL.50.55.2.5.0D;MultiChannel;50;20.0;5.5;2850;3~380 В;51.13;;16;12;0;0;CatalogTable;VANDJORD «Технический каталог: насосы и насосные установки для дренажа и канализации», 2026 (зеркало c-o-k.ru), стр. 56
Vandjord;VSL;VSL.50.75.2.5.0D;SingleChannel;50;25.0;7.5;2850;3~380 В;36.5;35.83;16;12;0;0;CatalogTable;VANDJORD «Технический каталог: насосы и насосные установки для дренажа и канализации», 2026 (зеркало c-o-k.ru), стр. 56
Vandjord;VSL;VSL.50.11L.2.5.0D;MultiChannel;50;0;1.1;2850;3~380 В;33.27;14.79;16;12;0;0;CatalogTable;VANDJORD «Технический каталог: насосы и насосные установки для дренажа и канализации», 2026 (зеркало c-o-k.ru), стр. 57
Vandjord;VSL;VSL.50.11L.2.1.502;MultiChannel;50;0;0;2900;1~220 В;33.27;14.79;16;0;0;0;CatalogTable;VANDJORD «Технический каталог: насосы и насосные установки для дренажа и канализации», 2026 (зеркало c-o-k.ru), стр. 57
Vandjord;VSL;VSL.50.11L.A.2.1.502;MultiChannel;50;0;0;2900;1~220 В;33.27;14.79;16;0;0;0;CatalogTable;VANDJORD «Технический каталог: насосы и насосные установки для дренажа и канализации», 2026 (зеркало c-o-k.ru), стр. 57
Vandjord;VSL;VSL.65.11L.2.5.0D;MultiChannel;65;0;1.1;2850;3~380 В;41.17;;16;12;0;0;CatalogTable;VANDJORD «Технический каталог: насосы и насосные установки для дренажа и канализации», 2026 (зеркало c-o-k.ru), стр. 57
Vandjord;VSL;VSL.65.11L.2.1.502;MultiChannel;65;0;0;2900;1~220 В;41.17;;16;0;0;0;CatalogTable;VANDJORD «Технический каталог: насосы и насосные установки для дренажа и канализации», 2026 (зеркало c-o-k.ru), стр. 57
Vandjord;VSL;VSL.65.11L.A.2.1.502;MultiChannel;65;0;0;2900;1~220 В;41.17;;16;0;0;0;CatalogTable;VANDJORD «Технический каталог: насосы и насосные установки для дренажа и канализации», 2026 (зеркало c-o-k.ru), стр. 57
Vandjord;VSL;VSL.50.15.L.2.5.0D;MultiChannel;50;0;1.5;2850;3~380 В;37.1;19.87;16;12;0;0;CatalogTable;VANDJORD «Технический каталог: насосы и насосные установки для дренажа и канализации», 2026 (зеркало c-o-k.ru), стр. 58
Vandjord;VSL;VSL.50.15.2.L.1.502;MultiChannel;50;0;1.5;2850;1~220 В;37.1;19.87;16;12;0;0;CatalogTable;VANDJORD «Технический каталог: насосы и насосные установки для дренажа и канализации», 2026 (зеркало c-o-k.ru), стр. 58
Vandjord;VSL;VSL.50.15.2.L.A.1.502;MultiChannel;50;0;0;2900;1~220 В;37.1;19.87;16;0;0;0;CatalogTable;VANDJORD «Технический каталог: насосы и насосные установки для дренажа и канализации», 2026 (зеркало c-o-k.ru), стр. 58
Vandjord;VSL;VSL.65.15L.2.5.0D;MultiChannel;65;0;1.5;2850;3~380 В;48.25;15.88;16;12;0;0;CatalogTable;VANDJORD «Технический каталог: насосы и насосные установки для дренажа и канализации», 2026 (зеркало c-o-k.ru), стр. 58
Vandjord;VSL;VSL.65.15L.2.1.502;MultiChannel;65;0;1.5;2850;1~220 В;48.25;15.88;16;12;0;0;CatalogTable;VANDJORD «Технический каталог: насосы и насосные установки для дренажа и канализации», 2026 (зеркало c-o-k.ru), стр. 58
Vandjord;VSL;VSL.65.15L.A.2.1.502;MultiChannel;65;0;0;2900;1~220 В;48.25;15.88;16;0;0;0;CatalogTable;VANDJORD «Технический каталог: насосы и насосные установки для дренажа и канализации», 2026 (зеркало c-o-k.ru), стр. 58
Vandjord;VSL;VSL.65.22.2.5.0D;MultiChannel;65;0;2.2;2850;3~380 В;41.3;21.62;16;12;0;0;CatalogTable;VANDJORD «Технический каталог: насосы и насосные установки для дренажа и канализации», 2026 (зеркало c-o-k.ru), стр. 59
Vandjord;VSL;VSL.65.30.2.5.0D;MultiChannel;65;0;3.0;2850;3~380 В;51.6;25.86;16;12;0;0;CatalogTable;VANDJORD «Технический каталог: насосы и насосные установки для дренажа и канализации», 2026 (зеркало c-o-k.ru), стр. 59
Vandjord;VSL;VSL.65.40.2.5.0D;MultiChannel;65;0;4.0;2850;3~380 В;58.02;32.87;16;12;0;0;CatalogTable;VANDJORD «Технический каталог: насосы и насосные установки для дренажа и канализации», 2026 (зеркало c-o-k.ru), стр. 60
Vandjord;VSL;VSL.65.55.2.5.0D;MultiChannel;65;0;5.5;2850;3~380 В;51.28;41.5;16;12;0;0;CatalogTable;VANDJORD «Технический каталог: насосы и насосные установки для дренажа и канализации», 2026 (зеркало c-o-k.ru), стр. 60
Vandjord;VSL;VSL.80.22.2.5.0D;MultiChannel;80;0;2.2;2850;3~380 В;63.87;15.94;16;12;0;0;CatalogTable;VANDJORD «Технический каталог: насосы и насосные установки для дренажа и канализации», 2026 (зеркало c-o-k.ru), стр. 61
Vandjord;VSL;VSL.80.30.2.5.0D;MultiChannel;80;0;3.0;2850;3~380 В;75.03;;16;12;0;0;CatalogTable;VANDJORD «Технический каталог: насосы и насосные установки для дренажа и канализации», 2026 (зеркало c-o-k.ru), стр. 61
Vandjord;VSL;VSL.80.40.2.5.0D;MultiChannel;80;0;4.0;2850;3~380 В;81.68;23.69;16;12;0;0;CatalogTable;VANDJORD «Технический каталог: насосы и насосные установки для дренажа и канализации», 2026 (зеркало c-o-k.ru), стр. 62
Vandjord;VSL;VSL.80.55.2.5.0D;MultiChannel;80;0;5.5;2850;3~380 В;47.56;35.79;16;12;0;0;CatalogTable;VANDJORD «Технический каталог: насосы и насосные установки для дренажа и канализации», 2026 (зеркало c-o-k.ru), стр. 63
Vandjord;VSL;VSL.80.75.2.5.0D;SingleChannel;80;0;7.5;2850;3~380 В;80.29;39.69;16;12;0;0;CatalogTable;VANDJORD «Технический каталог: насосы и насосные установки для дренажа и канализации», 2026 (зеркало c-o-k.ru), стр. 64
Vandjord;VSL;VSL.80.22.4.5.0D;MultiChannel;80;50.0;2.2;1450;3~380 В;72.85;;16;12;0;0;CatalogTable;VANDJORD «Технический каталог: насосы и насосные установки для дренажа и канализации», 2026 (зеркало c-o-k.ru), стр. 65
Vandjord;VSL;VSL.80.37.4.5.0D;MultiChannel;80;50.0;3.7;1450;3~380 В;91.17;16.73;16;12;0;0;CatalogTable;VANDJORD «Технический каталог: насосы и насосные установки для дренажа и канализации», 2026 (зеркало c-o-k.ru), стр. 65
Vandjord;VSL;VSL.100.22.2.5.0D;MultiChannel;100;30.0;2.2;2850;3~380 В;79.66;14.57;16;12;0;0;CatalogTable;VANDJORD «Технический каталог: насосы и насосные установки для дренажа и канализации», 2026 (зеркало c-o-k.ru), стр. 66
Vandjord;VSL;VSL.100.30.2.5.0D;MultiChannel;100;30.0;3.0;2850;3~380 В;91.89;;16;12;0;0;CatalogTable;VANDJORD «Технический каталог: насосы и насосные установки для дренажа и канализации», 2026 (зеркало c-o-k.ru), стр. 66
Vandjord;VSL;VSL.100.40.2.5.0D;MultiChannel;100;0;4.0;2850;3~380 В;92.53;23.75;16;12;0;0;CatalogTable;VANDJORD «Технический каталог: насосы и насосные установки для дренажа и канализации», 2026 (зеркало c-o-k.ru), стр. 67
Vandjord;VSL;VSL.100.55.2.5.0D;MultiChannel;100;0;5.5;2850;3~380 В;109.95;;16;12;0;0;CatalogTable;VANDJORD «Технический каталог: насосы и насосные установки для дренажа и канализации», 2026 (зеркало c-o-k.ru), стр. 67
Vandjord;VSL;VSL.100.75.2.5.0D;SingleChannel;100;0;7.5;2850;3~380 В;110.55;;16;12;0;0;CatalogTable;VANDJORD «Технический каталог: насосы и насосные установки для дренажа и канализации», 2026 (зеркало c-o-k.ru), стр. 68
Vandjord;VSL;VSL.100.110.2.5.0D;MultiChannel;100;0;11.0;2850;3~380 В;124.8;47.74;16;12;0;0;CatalogTable;VANDJORD «Технический каталог: насосы и насосные установки для дренажа и канализации», 2026 (зеркало c-o-k.ru), стр. 68
Vandjord;VSL;VSL.100.22.4.5.0D;MultiChannel;100;50.0;2.2;1450;3~380 В;100.22;11.84;16;12;0;0;CatalogTable;VANDJORD «Технический каталог: насосы и насосные установки для дренажа и канализации», 2026 (зеркало c-o-k.ru), стр. 69
Vandjord;VSL;VSL.100.37.4.5.0D;MultiChannel;100;50.0;3.7;1450;3~380 В;129.82;16.63;16;12;0;0;CatalogTable;VANDJORD «Технический каталог: насосы и насосные установки для дренажа и канализации», 2026 (зеркало c-o-k.ru), стр. 69
Vandjord;VSL;VSL.100.55.4.5.0D;MultiChannel;100;0;5.5;1450;3~380 В;149.43;19.34;16;12;0;0;CatalogTable;VANDJORD «Технический каталог: насосы и насосные установки для дренажа и канализации», 2026 (зеркало c-o-k.ru), стр. 70
Vandjord;VSL;VSL.100.75.4.5.0D;SingleChannel;100;0;7.5;1450;3~380 В;171.76;23.68;16;12;0;0;CatalogTable;VANDJORD «Технический каталог: насосы и насосные установки для дренажа и канализации», 2026 (зеркало c-o-k.ru), стр. 70
Vandjord;VSL;VSL.100.110.4.5.1D;MultiChannel;100;0;11.0;1450;3~380 В;188.27;30.63;16;12;0;0;CatalogTable;VANDJORD «Технический каталог: насосы и насосные установки для дренажа и канализации», 2026 (зеркало c-o-k.ru), стр. 71
Vandjord;VSL;VSL.100.150.4.5.1D;MultiChannel;100;0;15.0;1450;3~380 В;208.48;34.7;16;12;0;0;CatalogTable;VANDJORD «Технический каталог: насосы и насосные установки для дренажа и канализации», 2026 (зеркало c-o-k.ru), стр. 71
Vandjord;VSL;VSL.100.190.4.5.1D;MultiChannel;100;0;19.0;1450;3~380 В;197.55;38.39;16;12;0;0;CatalogTable;VANDJORD «Технический каталог: насосы и насосные установки для дренажа и канализации», 2026 (зеркало c-o-k.ru), стр. 72
Vandjord;VSL;VSL.100.220.4.5.1D;MultiChannel;100;0;22.0;1450;3~380 В;218.96;43.73;16;12;0;0;CatalogTable;VANDJORD «Технический каталог: насосы и насосные установки для дренажа и канализации», 2026 (зеркало c-o-k.ru), стр. 72
Vandjord;VSL;VSL.150.55.4.5.0D;MultiChannel;150;55.0;5.5;1450;3~380 В;198.19;;16;11;0;0;CatalogTable;VANDJORD «Технический каталог: насосы и насосные установки для дренажа и канализации», 2026 (зеркало c-o-k.ru), стр. 73
Vandjord;VSL;VSL.150.75.2.5.0D;SingleChannel;150;40.0;7.5;2850;3~380 В;159.25;19.84;16;12;0;0;CatalogTable;VANDJORD «Технический каталог: насосы и насосные установки для дренажа и канализации», 2026 (зеркало c-o-k.ru), стр. 73
Vandjord;VSL;VSL.150.75.4.5.0D;SingleChannel;150;75.0;7.5;1450;3~380 В;238.34;15.19;16;12;0;0;CatalogTable;VANDJORD «Технический каталог: насосы и насосные установки для дренажа и канализации», 2026 (зеркало c-o-k.ru), стр. 74
Vandjord;VSL;VSL.150.110.2.5.0D;MultiChannel;150;0;11.0;2850;3~380 В;198.73;28.82;16;12;0;0;CatalogTable;VANDJORD «Технический каталог: насосы и насосные установки для дренажа и канализации», 2026 (зеркало c-o-k.ru), стр. 74
Vandjord;VSL;VSL.150.110.4.5.1D;MultiChannel;150;0;11.0;1450;3~380 В;279.79;23.74;16;12;0;0;CatalogTable;VANDJORD «Технический каталог: насосы и насосные установки для дренажа и канализации», 2026 (зеркало c-o-k.ru), стр. 75
Vandjord;VSL;VSL.150.150.4.5.1D;MultiChannel;150;0;15.0;1450;3~380 В;294.63;;16;12;0;0;CatalogTable;VANDJORD «Технический каталог: насосы и насосные установки для дренажа и канализации», 2026 (зеркало c-o-k.ru), стр. 75
Vandjord;VSL;VSL.150.190.4.5.1D;MultiChannel;150;0;19.0;1450;3~380 В;300.3;31.57;16;12;0;0;CatalogTable;VANDJORD «Технический каталог: насосы и насосные установки для дренажа и канализации», 2026 (зеркало c-o-k.ru), стр. 76
Vandjord;VSL;VSL.150.220.4.5.1D;MultiChannel;150;0;22.0;1450;3~380 В;328.39;;16;12;0;0;CatalogTable;VANDJORD «Технический каталог: насосы и насосные установки для дренажа и канализации», 2026 (зеркало c-o-k.ru), стр. 76
Vandjord;VSL;VSL.150.300.4.5.1D;MultiChannel;150;0;30.0;1450;3~380 В;308.68;;16;12;0;0;CatalogTable;VANDJORD «Технический каталог: насосы и насосные установки для дренажа и канализации», 2026 (зеркало c-o-k.ru), стр. 77
Vandjord;VSL;VSL.150.370.4.5.1D;MultiChannel;150;0;37.0;1450;3~380 В;331.58;;16;12;0;0;CatalogTable;VANDJORD «Технический каталог: насосы и насосные установки для дренажа и канализации», 2026 (зеркало c-o-k.ru), стр. 77
Vandjord;VSL;VSL.150.450.4.5.1D;MultiChannel;150;55.0;45.0;1450;3~380 В;347.75;55.65;16;12;0;0;CatalogTable;VANDJORD «Технический каталог: насосы и насосные установки для дренажа и канализации», 2026 (зеркало c-o-k.ru), стр. 78
Vandjord;VSL;VSL.200.75.4.5.0D;SingleChannel;200;80.0;7.5;1450;3~380 В;400.79;11.66;16;12;0;0;CatalogTable;VANDJORD «Технический каталог: насосы и насосные установки для дренажа и канализации», 2026 (зеркало c-o-k.ru), стр. 79
Vandjord;VSL;VSL.200.150.4.5.1D;MultiChannel;200;0;15.0;1450;3~380 В;491.71;;16;12;0;0;CatalogTable;VANDJORD «Технический каталог: насосы и насосные установки для дренажа и канализации», 2026 (зеркало c-o-k.ru), стр. 80
Vandjord;VSL;VSL.200.190.4.5.1D;MultiChannel;200;0;19.0;1450;3~380 В;526.03;;16;12;0;0;CatalogTable;VANDJORD «Технический каталог: насосы и насосные установки для дренажа и канализации», 2026 (зеркало c-o-k.ru), стр. 80
Vandjord;VSL;VSL.200.220.4.5.1D;MultiChannel;200;70.0;22.0;1450;3~380 В;555.18;26.8;16;12;0;0;CatalogTable;VANDJORD «Технический каталог: насосы и насосные установки для дренажа и канализации», 2026 (зеркало c-o-k.ru), стр. 81
Vandjord;VSL;VSL.200.370.4.5.1D;MultiChannel;200;90.0;37.0;1450;3~380 В;638.33;38.05;16;12;0;0;CatalogTable;VANDJORD «Технический каталог: насосы и насосные установки для дренажа и канализации», 2026 (зеркало c-o-k.ru), стр. 82
Vandjord;VSL;VSL.200.450.4.5.1D;MultiChannel;200;90.0;45.0;1450;3~380 В;663.91;;16;12;0;0;CatalogTable;VANDJORD «Технический каталог: насосы и насосные установки для дренажа и канализации», 2026 (зеркало c-o-k.ru), стр. 82
Vandjord;VSL;VSL.200.750.4.5.1D;MultiChannel;200;0;75.0;1450;3~380 В;653.65;59.98;16;12;0;0;CatalogTable;VANDJORD «Технический каталог: насосы и насосные установки для дренажа и канализации», 2026 (зеркало c-o-k.ru), стр. 83
Vandjord;VSL;VSL.200.900.4.5.1D;MultiChannel;200;80.0;90.0;1450;3~380 В;657.48;65.56;16;12;0;0;CatalogTable;VANDJORD «Технический каталог: насосы и насосные установки для дренажа и канализации», 2026 (зеркало c-o-k.ru), стр. 84
Vandjord;VSL;VSL.250.220.4.5.1D;MultiChannel;250;15.0;22.0;1450;3~380 В;800.15;21.57;16;12;0;0;CatalogTable;VANDJORD «Технический каталог: насосы и насосные установки для дренажа и канализации», 2026 (зеркало c-o-k.ru), стр. 85
Vandjord;VSL;VSL.250.300.4.5.1D;MultiChannel;250;10.0;30.0;1450;3~380 В;861.81;;16;12;0;0;CatalogTable;VANDJORD «Технический каталог: насосы и насосные установки для дренажа и канализации», 2026 (зеркало c-o-k.ru), стр. 85
Vandjord;VSL;VSL.250.450.4.5.1D;MultiChannel;250;90.0;45.0;1450;3~380 В;952.78;33.01;16;12;0;0;CatalogTable;VANDJORD «Технический каталог: насосы и насосные установки для дренажа и канализации», 2026 (зеркало c-o-k.ru), стр. 86
Vandjord;VSL;VSL.250.550.4.5.1D;MultiChannel;250;0;55.0;1450;3~380 В;975.69;41.37;16;12;0;0;CatalogTable;VANDJORD «Технический каталог: насосы и насосные установки для дренажа и канализации», 2026 (зеркало c-o-k.ru), стр. 87
Vandjord;VSL;VSL.250.750.4.5.1D;MultiChannel;250;0;75.0;1450;3~380 В;1048.08;49.41;16;12;0;0;CatalogTable;VANDJORD «Технический каталог: насосы и насосные установки для дренажа и канализации», 2026 (зеркало c-o-k.ru), стр. 87
Vandjord;VSL;VSL.250.900.4.5.1D;MultiChannel;250;90.0;90.0;1450;3~380 В;1010.3;54.07;16;12;0;0;CatalogTable;VANDJORD «Технический каталог: насосы и насосные установки для дренажа и канализации», 2026 (зеркало c-o-k.ru), стр. 88
Vandjord;VSL;VSL.300.300.4.5.1D;MultiChannel;300;0;30.0;1450;3~380 В;1037.94;21.58;16;12;0;0;CatalogTable;VANDJORD «Технический каталог: насосы и насосные установки для дренажа и канализации», 2026 (зеркало c-o-k.ru), стр. 89
Vandjord;VSL;VSL.300.370.4.5.1D;MultiChannel;300;0;37.0;1450;3~380 В;1064.07;;16;12;0;0;CatalogTable;VANDJORD «Технический каталог: насосы и насосные установки для дренажа и канализации», 2026 (зеркало c-o-k.ru), стр. 89
Vandjord;VSL;VSL.300.450.4.5.1D;MultiChannel;300;90.0;45.0;1450;3~380 В;1082.66;27.65;16;12;0;0;CatalogTable;VANDJORD «Технический каталог: насосы и насосные установки для дренажа и канализации», 2026 (зеркало c-o-k.ru), стр. 90
Vandjord;VSL;VSL.300.550.4.5.1D;MultiChannel;300;90.0;55.0;1450;3~380 В;1210.07;32.59;16;12;0;0;CatalogTable;VANDJORD «Технический каталог: насосы и насосные установки для дренажа и канализации», 2026 (зеркало c-o-k.ru), стр. 90
Vandjord;VSL;VSL.300.750.4.5.1D;MultiChannel;300;90.0;75.0;1450;3~380 В;1248.16;39.49;16;12;0;0;CatalogTable;VANDJORD «Технический каталог: насосы и насосные установки для дренажа и канализации», 2026 (зеркало c-o-k.ru), стр. 91
Vandjord;VSL;VSL.300.900.4.5.1D;MultiChannel;300;90.0;90.0;1450;3~380 В;1197.14;43.98;16;12;0;0;CatalogTable;VANDJORD «Технический каталог: насосы и насосные установки для дренажа и канализации», 2026 (зеркало c-o-k.ru), стр. 91
Vandjord;VSL;VSL.400.550.6.5.1D;MultiChannel;400;120.0;55.0;980;3~380 В;1905.46;24.76;16;12;0;0;CatalogTable;VANDJORD «Технический каталог: насосы и насосные установки для дренажа и канализации», 2026 (зеркало c-o-k.ru), стр. 92
Vandjord;VSL;VSL.80.75.22.4.5.0D;SingleChannel;80;75.0;400.0;2;3~400 В;85.67;13.0;16;12;0;0;CatalogTable;VANDJORD «Технический каталог: насосы и насосные установки для дренажа и канализации», 2026 (зеркало c-o-k.ru), стр. 93
Vandjord;VSL;VSL.80.75.37.4.5.0D;SingleChannel;80;75.0;400.0;3;3~400 В;101.84;;16;12;0;0;CatalogTable;VANDJORD «Технический каталог: насосы и насосные установки для дренажа и канализации», 2026 (зеркало c-o-k.ru), стр. 94
Vandjord;VSL;VSL.100.75.15.4.5.0D;SingleChannel;100;75.0;400.0;1;3~400 В;96.04;10.71;16;12;0;0;CatalogTable;VANDJORD «Технический каталог: насосы и насосные установки для дренажа и канализации», 2026 (зеркало c-o-k.ru), стр. 95
Vandjord;VSL;VSL.100.75.22.4.5.0D;SingleChannel;100;75.0;400.0;2;3~400 В;115.31;12.94;16;12;0;0;CatalogTable;VANDJORD «Технический каталог: насосы и насосные установки для дренажа и канализации», 2026 (зеркало c-o-k.ru), стр. 95
Vandjord;VSL;VSL.100.75.37.4.5.0D;SingleChannel;100;75.0;400.0;3;3~400 В;135.57;17.66;16;12;0;0;CatalogTable;VANDJORD «Технический каталог: насосы и насосные установки для дренажа и канализации», 2026 (зеркало c-o-k.ru), стр. 96
Vandjord;VSL;VSL.100.75.75.4.5.0D;SingleChannel;100;75.0;400.0;7;3~400 В;183.85;23.7;16;12;0;0;CatalogTable;VANDJORD «Технический каталог: насосы и насосные установки для дренажа и канализации», 2026 (зеркало c-o-k.ru), стр. 97
Vandjord;VSL;VSL.150.75.55.4.5.0D;SingleChannel;150;75.0;400.0;5;3~400 В;203.81;;16;12;0;0;CatalogTable;VANDJORD «Технический каталог: насосы и насосные установки для дренажа и канализации», 2026 (зеркало c-o-k.ru), стр. 98
Vandjord;VSL;VSL.150.75.75.4.5.0D;SingleChannel;150;75.0;400.0;7;3~400 В;228.61;23.53;16;12;0;0;CatalogTable;VANDJORD «Технический каталог: насосы и насосные установки для дренажа и канализации», 2026 (зеркало c-o-k.ru), стр. 98
Fancy;V/VN;V180T;Open;25;10.0;0.18;2900;1~220 В / 3~380 В;7.0;;3;0;0;0;CatalogTable;FANCY: каталог FANCY V/VN (10.2023), стр. 1
Fancy;V/VN;V250T;Open;25;10.0;0.25;2900;1~220 В / 3~380 В;8.0;;4;0;0;0;CatalogTable;FANCY: каталог FANCY V/VN (10.2023), стр. 1
Fancy;V/VN;V370T;Open;25;10.0;0.37;2900;1~220 В / 3~380 В;8.0;;4;0;0;0;CatalogTable;FANCY: каталог FANCY V/VN (10.2023), стр. 1
Fancy;V/VN;V450T;Open;50;13.0;0.45;2900;1~220 В / 3~380 В;17.0;;7;0;0;0;CatalogTable;FANCY: каталог FANCY V/VN (10.2023), стр. 1
Fancy;V/VN;V550T;Open;50;13.0;0.55;2900;1~220 В / 3~380 В;17.0;;7;0;0;0;CatalogTable;FANCY: каталог FANCY V/VN (10.2023), стр. 1
Fancy;V/VN;V750T;Open;50;15.0;0.75;2900;1~220 В / 3~380 В;18.0;;8;0;0;0;CatalogTable;FANCY: каталог FANCY V/VN (10.2023), стр. 1
Fancy;V/VN;V750-2T;Open;80;15.0;0.75;2900;1~220 В / 3~380 В;27.0;;7;0;0;0;CatalogTable;FANCY: каталог FANCY V/VN (10.2023), стр. 1
Fancy;V/VN;V1100T;Open;50;25.0;1.1;2900;1~220 В / 3~380 В;21.0;;5;0;0;0;CatalogTable;FANCY: каталог FANCY V/VN (10.2023), стр. 1
Fancy;V/VN;V1500T;Open;50;5.0;1.5;2900;1~220 В / 3~380 В;21.0;;5;0;0;0;CatalogTable;FANCY: каталог FANCY V/VN (10.2023), стр. 1
Fancy;V/VN;V1500-2T;Open;80;30.0;1.5;2900;1~220 В / 3~380 В;41.0;;8;0;0;0;CatalogTable;FANCY: каталог FANCY V/VN (10.2023), стр. 1
Fancy;V/VN;V2200T;Open;80;15.0;2.2;2900;1~220 В / 3~380 В;46.0;;9;0;0;0;CatalogTable;FANCY: каталог FANCY V/VN (10.2023), стр. 1
Fancy;V/VN;V2200-2T;Open;100;15.0;2.2;2900;1~220 В / 3~380 В;51.0;;10;0;0;0;CatalogTable;FANCY: каталог FANCY V/VN (10.2023), стр. 1
Fancy;V/VN;VN250T;Open;25;10.0;0.25;2900;1~220 В / 3~380 В;8.0;;4;0;0;0;CatalogTable;FANCY: каталог FANCY V/VN (10.2023), стр. 1
Fancy;V/VN;VN550T;Open;50;13.0;0.55;2900;1~220 В / 3~380 В;17.0;;7;0;0;0;CatalogTable;FANCY: каталог FANCY V/VN (10.2023), стр. 1
Fancy;V/VN;VN750T;Open;50;15.0;0.75;2900;1~220 В / 3~380 В;18.0;;8;0;0;0;CatalogTable;FANCY: каталог FANCY V/VN (10.2023), стр. 1
Fancy;V/VN;VN1500T;Open;50;5.0;1.5;2900;1~220 В / 3~380 В;21.0;;5;0;0;0;CatalogTable;FANCY: каталог FANCY V/VN (10.2023), стр. 1
Fancy;V/VN;VN2200T;Open;80;15.0;2.2;2900;1~220 В / 3~380 В;46.0;;9;0;0;0;CatalogTable;FANCY: каталог FANCY V/VN (10.2023), стр. 1
Fancy;WQ;50WQ10-10-0.75/2;MultiChannel;50;15.0;0.75;2900;3~380 В;25.0;;3;0;0;0;CatalogTable;FANCY: каталог FANCY WQ (рус., 10.2023), стр. 1
Fancy;WQ;65WQ15-8-0.75/2;MultiChannel;65;15.0;0.75;2900;3~380 В;25.0;;3;0;0;0;CatalogTable;FANCY: каталог FANCY WQ (рус., 10.2023), стр. 1
Fancy;WQ;50WQ7-15-1.1/2;MultiChannel;50;15.0;1.1;2900;3~380 В;25.0;;3;0;0;0;CatalogTable;FANCY: каталог FANCY WQ (рус., 10.2023), стр. 1
Fancy;WQ;50WQ10-12-1.1/2;MultiChannel;50;20.0;1.1;2900;3~380 В;25.0;;3;0;0;0;CatalogTable;FANCY: каталог FANCY WQ (рус., 10.2023), стр. 1
Fancy;WQ;65WQ15-9-1.1/2;MultiChannel;65;20.0;1.1;2900;3~380 В;30.0;;4;0;0;0;CatalogTable;FANCY: каталог FANCY WQ (рус., 10.2023), стр. 1
Fancy;WQ;50WQ10-16-1.5/2;MultiChannel;50;20.0;1.5;2900;3~380 В;35.0;;5;0;0;0;CatalogTable;FANCY: каталог FANCY WQ (рус., 10.2023), стр. 1
Fancy;WQ;50WQ15-15-1.5/2;MultiChannel;50;20.0;1.5;2900;3~380 В;35.0;;5;0;0;0;CatalogTable;FANCY: каталог FANCY WQ (рус., 10.2023), стр. 1
Fancy;WQ;65WQ20-10-1.5/2;MultiChannel;65;20.0;1.5;2900;3~380 В;35.0;;5;0;0;0;CatalogTable;FANCY: каталог FANCY WQ (рус., 10.2023), стр. 1
Fancy;WQ;80WQ40-7-1.5/2;MultiChannel;80;25.0;1.5;2900;3~380 В;50.0;;8;0;0;0;CatalogTable;FANCY: каталог FANCY WQ (рус., 10.2023), стр. 1
Fancy;WQ;100WQ50-5-1.5/2;MultiChannel;100;30.0;1.5;2900;3~380 В;60.0;;8;0;0;0;CatalogTable;FANCY: каталог FANCY WQ (рус., 10.2023), стр. 1
Fancy;WQ;50WQ9-22-2.2/2;MultiChannel;50;20.0;2.2;2900;3~380 В;30.0;;4;0;0;0;CatalogTable;FANCY: каталог FANCY WQ (рус., 10.2023), стр. 1
Fancy;WQ;50WQ15-20-2.2/2;MultiChannel;50;20.0;2.2;2900;3~380 В;30.0;;4;0;0;0;CatalogTable;FANCY: каталог FANCY WQ (рус., 10.2023), стр. 1
Fancy;WQ;65WQ20-15-2.2/2;MultiChannel;65;20.0;2.2;2900;3~380 В;40.0;;6;0;0;0;CatalogTable;FANCY: каталог FANCY WQ (рус., 10.2023), стр. 1
Fancy;WQ;80WQ40-10-2.2/2;MultiChannel;80;25.0;2.2;2900;3~380 В;70.0;;10;0;0;0;CatalogTable;FANCY: каталог FANCY WQ (рус., 10.2023), стр. 1
Fancy;WQ;100WQ50-7-2.2/2;MultiChannel;100;30.0;2.2;2900;3~380 В;70.0;;9;0;0;0;CatalogTable;FANCY: каталог FANCY WQ (рус., 10.2023), стр. 1
Fancy;WQ;50WQ15-25-3/2;MultiChannel;50;20.0;3.0;2900;3~380 В;45.0;;7;0;0;0;CatalogTable;FANCY: каталог FANCY WQ (рус., 10.2023), стр. 1
Fancy;WQ;65WQ25-18-3/2;MultiChannel;65;25.0;3.0;2900;3~380 В;50.0;;8;0;0;0;CatalogTable;FANCY: каталог FANCY WQ (рус., 10.2023), стр. 1
Fancy;WQ;65WQ37-13-3/2;MultiChannel;65;25.0;3.0;2900;3~380 В;50.0;;8;0;0;0;CatalogTable;FANCY: каталог FANCY WQ (рус., 10.2023), стр. 1
Fancy;WQ;80WQ45-12-3/2;MultiChannel;80;30.0;3.0;2900;3~380 В;60.0;;9;0;0;0;CatalogTable;FANCY: каталог FANCY WQ (рус., 10.2023), стр. 1
Fancy;WQ;80WQ43-13-3/2;MultiChannel;80;30.0;3.0;2900;3~380 В;60.0;;9;0;0;0;CatalogTable;FANCY: каталог FANCY WQ (рус., 10.2023), стр. 1
Fancy;WQ;100WQ60-9-3/2;MultiChannel;100;35.0;3.0;2900;3~380 В;80.0;;10;0;0;0;CatalogTable;FANCY: каталог FANCY WQ (рус., 10.2023), стр. 1
Fancy;WQ;50WQ15-30-4/2;MultiChannel;50;20.0;4.0;2900;3~380 В;40.0;;6;0;0;0;CatalogTable;FANCY: каталог FANCY WQ (рус., 10.2023), стр. 1
Fancy;WQ;65WQ25-25-4/2;MultiChannel;65;25.0;4.0;2900;3~380 В;45.0;;7;0;0;0;CatalogTable;FANCY: каталог FANCY WQ (рус., 10.2023), стр. 1
Fancy;WQ;80WQ40-16-4/2;MultiChannel;80;30.0;4.0;2900;3~380 В;70.0;;10;0;0;0;CatalogTable;FANCY: каталог FANCY WQ (рус., 10.2023), стр. 1
Fancy;WQ;100WQ60-12-4/2;MultiChannel;100;35.0;4.0;2900;3~380 В;80.0;;10;0;0;0;CatalogTable;FANCY: каталог FANCY WQ (рус., 10.2023), стр. 1
Fancy;WQ;100WQ80-10-4/2;MultiChannel;100;35.0;4.0;2900;3~380 В;80.0;;10;0;0;0;CatalogTable;FANCY: каталог FANCY WQ (рус., 10.2023), стр. 1
Fancy;WQ;50WQ20-35-5.5/2;MultiChannel;50;25.0;5.5;2900;3~380 В;50.0;;8;0;0;0;CatalogTable;FANCY: каталог FANCY WQ (рус., 10.2023), стр. 1
Fancy;WQ;65WQ25-30-5.5/2;MultiChannel;65;25.0;5.5;2900;3~380 В;40.0;;6;0;0;0;CatalogTable;FANCY: каталог FANCY WQ (рус., 10.2023), стр. 1
Fancy;WQ;80WQ40-22-5.5/2;MultiChannel;80;30.0;5.5;2900;3~380 В;80.0;;11;0;0;0;CatalogTable;FANCY: каталог FANCY WQ (рус., 10.2023), стр. 1
Fancy;WQ;100WQ60-18-5.5/2;MultiChannel;100;35.0;5.5;2900;3~380 В;90.0;;11;0;0;0;CatalogTable;FANCY: каталог FANCY WQ (рус., 10.2023), стр. 1
Fancy;WQ;150WQ100-8-5.5/2;MultiChannel;150;45.0;5.5;2900;3~380 В;120.0;;8;0;0;0;CatalogTable;FANCY: каталог FANCY WQ (рус., 10.2023), стр. 1
Fancy;WQ;50WQ20-42-7.5/2;MultiChannel;50;20.0;7.5;2900;3~380 В;50.0;;8;0;0;0;CatalogTable;FANCY: каталог FANCY WQ (рус., 10.2023), стр. 1
Fancy;WQ;65WQ25-36-7.5/2;MultiChannel;65;25.0;7.5;2900;3~380 В;60.0;;9;0;0;0;CatalogTable;FANCY: каталог FANCY WQ (рус., 10.2023), стр. 1
Fancy;WQ;80WQ40-28-7.5/2;MultiChannel;80;30.0;7.5;2900;3~380 В;80.0;;9;0;0;0;CatalogTable;FANCY: каталог FANCY WQ (рус., 10.2023), стр. 1
Fancy;WQ;100WQ65-22-7.5/2;MultiChannel;100;35.0;7.5;2900;3~380 В;120.0;;10;0;0;0;CatalogTable;FANCY: каталог FANCY WQ (рус., 10.2023), стр. 1
Fancy;WQ;150WQ100-12-7.5/2;MultiChannel;150;35.0;7.5;2900;3~380 В;120.0;;8;0;0;0;CatalogTable;FANCY: каталог FANCY WQ (рус., 10.2023), стр. 1
Fancy;WQ;50WQ20-55-11/2;MultiChannel;50;20.0;11.0;2900;3~380 В;40.0;;6;0;0;0;CatalogTable;FANCY: каталог FANCY WQ (рус., 10.2023), стр. 1
Fancy;WQ;65WQ30-40-11/2;MultiChannel;65;25.0;11.0;2900;3~380 В;50.0;;8;0;0;0;CatalogTable;FANCY: каталог FANCY WQ (рус., 10.2023), стр. 1
Fancy;WQ;80WQ60-30-11/2;MultiChannel;80;30.0;11.0;2900;3~380 В;110.0;;12;0;0;0;CatalogTable;FANCY: каталог FANCY WQ (рус., 10.2023), стр. 1
Fancy;WQ;100WQ80-25-11/2;MultiChannel;100;30.0;11.0;2900;3~380 В;120.0;;10;0;0;0;CatalogTable;FANCY: каталог FANCY WQ (рус., 10.2023), стр. 1
Fancy;WQ;150WQ100-20-11/2;MultiChannel;150;45.0;11.0;2900;3~380 В;140.0;;9;0;0;0;CatalogTable;FANCY: каталог FANCY WQ (рус., 10.2023), стр. 1
Fancy;WQ;150WQ120-15-11/2;MultiChannel;150;45.0;11.0;2900;3~380 В;140.0;;9;0;0;0;CatalogTable;FANCY: каталог FANCY WQ (рус., 10.2023), стр. 1
Fancy;WQ;200WQ180-11-11/2;MultiChannel;200;45.0;11.0;2900;3~380 В;240.0;;9;0;0;0;CatalogTable;FANCY: каталог FANCY WQ (рус., 10.2023), стр. 1
Fancy;WQ;50WQ20-70-15/2;MultiChannel;50;25.0;15.0;2900;3~380 В;50.0;;8;0;0;0;CatalogTable;FANCY: каталог FANCY WQ (рус., 10.2023), стр. 1
Fancy;WQ;65WQ30-60-15/2;MultiChannel;65;25.0;15.0;2900;3~380 В;50.0;;8;0;0;0;CatalogTable;FANCY: каталог FANCY WQ (рус., 10.2023), стр. 1
Fancy;WQ;80WQ60-40-15/2;MultiChannel;80;30.0;15.0;2900;3~380 В;90.0;;10;0;0;0;CatalogTable;FANCY: каталог FANCY WQ (рус., 10.2023), стр. 1
Fancy;WQ;100WQ80-35-15/2;MultiChannel;100;30.0;15.0;2900;3~380 В;120.0;;10;0;0;0;CatalogTable;FANCY: каталог FANCY WQ (рус., 10.2023), стр. 1
Fancy;WQ;150WQ100-30-15/2;MultiChannel;150;45.0;15.0;2900;3~380 В;140.0;;9;0;0;0;CatalogTable;FANCY: каталог FANCY WQ (рус., 10.2023), стр. 1
Fancy;WQ;150WQ120-25-15/2;MultiChannel;150;45.0;15.0;2900;3~380 В;140.0;;9;0;0;0;CatalogTable;FANCY: каталог FANCY WQ (рус., 10.2023), стр. 1
Fancy;WQ;200WQ180-15-15/2;MultiChannel;200;50.0;15.0;2900;3~380 В;240.0;;9;0;0;0;CatalogTable;FANCY: каталог FANCY WQ (рус., 10.2023), стр. 1
Fancy;WQ;50WQ20-75-18.5/2;MultiChannel;50;25.0;18.5;2900;3~380 В;45.0;;7;0;0;0;CatalogTable;FANCY: каталог FANCY WQ (рус., 10.2023), стр. 1
Fancy;WQ;65WQ30-65-18.5/2;MultiChannel;65;25.0;18.5;2900;3~380 В;45.0;;7;0;0;0;CatalogTable;FANCY: каталог FANCY WQ (рус., 10.2023), стр. 1
Fancy;WQ;80WQ60-45-18.5/2;MultiChannel;80;30.0;18.5;2900;3~380 В;110.0;;11;0;0;0;CatalogTable;FANCY: каталог FANCY WQ (рус., 10.2023), стр. 1
Fancy;WQ;100WQ80-40-18.5/2;MultiChannel;100;30.0;18.5;2900;3~380 В;120.0;;10;0;0;0;CatalogTable;FANCY: каталог FANCY WQ (рус., 10.2023), стр. 1
Fancy;WQ;150WQ100-36-18.5/2;MultiChannel;150;45.0;18.5;2900;3~380 В;180.0;;11;0;0;0;CatalogTable;FANCY: каталог FANCY WQ (рус., 10.2023), стр. 1
Fancy;WQ;200WQ180-18-18.5/2;MultiChannel;200;55.0;18.5;2900;3~380 В;270.0;;9;0;0;0;CatalogTable;FANCY: каталог FANCY WQ (рус., 10.2023), стр. 1
Fancy;WQ;50WQ20-80-22/2;MultiChannel;50;25.0;22.0;2900;3~380 В;45.0;;7;0;0;0;CatalogTable;FANCY: каталог FANCY WQ (рус., 10.2023), стр. 1
Fancy;WQ;65WQ30-75-22/2;MultiChannel;65;25.0;22.0;2900;3~380 В;50.0;;8;0;0;0;CatalogTable;FANCY: каталог FANCY WQ (рус., 10.2023), стр. 1
Fancy;WQ;80WQ60-50-22/2;MultiChannel;80;30.0;22.0;2900;3~380 В;110.0;;9;0;0;0;CatalogTable;FANCY: каталог FANCY WQ (рус., 10.2023), стр. 1
Fancy;WQ;100WQ80-45-22/2;MultiChannel;100;35.0;22.0;2900;3~380 В;160.0;;12;0;0;0;CatalogTable;FANCY: каталог FANCY WQ (рус., 10.2023), стр. 1
Fancy;WQ;150WQ100-40-22/2;MultiChannel;150;45.0;22.0;2900;3~380 В;180.0;52.0;12;0;0;0;CatalogTable;FANCY: каталог FANCY WQ (рус., 10.2023), стр. 1
Fancy;WQ;200WQ200-20-22/2;MultiChannel;200;50.0;22.0;2900;3~380 В;270.0;38.0;11;0;0;0;CatalogTable;FANCY: каталог FANCY WQ (рус., 10.2023), стр. 1
Fancy;WQ;80WQ60-12-5.5/4;MultiChannel;80;30.0;5.5;1450;3~380 В;80.0;;3;0;0;0;CatalogTable;FANCY: каталог FANCY WQ (рус., 10.2023), стр. 2
Fancy;WQ;100WQ90-10-5.5/4;MultiChannel;100;35.0;5.5;1450;3~380 В;120.0;;5;0;0;0;CatalogTable;FANCY: каталог FANCY WQ (рус., 10.2023), стр. 2
Fancy;WQ;150WQ140-7-5.5/4;MultiChannel;150;45.0;5.5;1450;3~380 В;170.0;;7;0;0;0;CatalogTable;FANCY: каталог FANCY WQ (рус., 10.2023), стр. 2
Fancy;WQ;80WQ60-20-7.5/4;MultiChannel;80;30.0;7.5;1450;3~380 В;100.0;;4;0;0;0;CatalogTable;FANCY: каталог FANCY WQ (рус., 10.2023), стр. 2
Fancy;WQ;100WQ100-15-7.5/4;MultiChannel;100;35.0;7.5;1450;3~380 В;140.0;;6;0;0;0;CatalogTable;FANCY: каталог FANCY WQ (рус., 10.2023), стр. 2
Fancy;WQ;150WQ145-9-7.5/4;MultiChannel;150;45.0;7.5;1450;3~380 В;180.0;;8;0;0;0;CatalogTable;FANCY: каталог FANCY WQ (рус., 10.2023), стр. 2
Fancy;WQ;200WQ220-6-7.5/4;MultiChannel;200;50.0;7.5;1450;3~380 В;280.0;;9;0;0;0;CatalogTable;FANCY: каталог FANCY WQ (рус., 10.2023), стр. 2
Fancy;WQ;100WQ100-22-11/4;MultiChannel;100;35.0;11.0;1450;3~380 В;160.0;;7;0;0;0;CatalogTable;FANCY: каталог FANCY WQ (рус., 10.2023), стр. 2
Fancy;WQ;150WQ180-11-11/4;MultiChannel;150;45.0;11.0;1450;3~380 В;260.0;;10;0;0;0;CatalogTable;FANCY: каталог FANCY WQ (рус., 10.2023), стр. 2
Fancy;WQ;200WQ300-7-11/4;MultiChannel;200;55.0;11.0;1450;3~380 В;340.0;;10;0;0;0;CatalogTable;FANCY: каталог FANCY WQ (рус., 10.2023), стр. 2
Fancy;WQ;250WQ400-5-11/4;MultiChannel;250;55.0;11.0;1450;3~380 В;510.0;;7;0;0;0;CatalogTable;FANCY: каталог FANCY WQ (рус., 10.2023), стр. 2
Fancy;WQ;100WQ100-30-15/4;MultiChannel;100;35.0;15.0;1450;3~380 В;160.0;;7;0;0;0;CatalogTable;FANCY: каталог FANCY WQ (рус., 10.2023), стр. 2
Fancy;WQ;150WQ200-15-15/4;MultiChannel;150;45.0;15.0;1450;3~380 В;280.0;;11;0;0;0;CatalogTable;FANCY: каталог FANCY WQ (рус., 10.2023), стр. 2
Fancy;WQ;200WQ250-11-15/4;MultiChannel;200;50.0;15.0;1450;3~380 В;340.0;;10;0;0;0;CatalogTable;FANCY: каталог FANCY WQ (рус., 10.2023), стр. 2
Fancy;WQ;250WQ450-5-15/4;MultiChannel;250;55.0;15.0;1450;3~380 В;550.0;;8;0;0;0;CatalogTable;FANCY: каталог FANCY WQ (рус., 10.2023), стр. 2
Fancy;WQ;100WQ100-35-18.5/4;MultiChannel;100;35.0;18.5;1450;3~380 В;160.0;;7;0;0;0;CatalogTable;FANCY: каталог FANCY WQ (рус., 10.2023), стр. 2
Fancy;WQ;150WQ180-20-18.5/4;MultiChannel;150;45.0;18.5;1450;3~380 В;340.0;;12;0;0;0;CatalogTable;FANCY: каталог FANCY WQ (рус., 10.2023), стр. 2
Fancy;WQ;200WQ250-15-18.5/4;MultiChannel;200;55.0;18.5;1450;3~380 В;380.0;;9;0;0;0;CatalogTable;FANCY: каталог FANCY WQ (рус., 10.2023), стр. 2
Fancy;WQ;200WQ350-10-18.5/4;MultiChannel;200;55.0;18.5;1450;3~380 В;380.0;;9;0;0;0;CatalogTable;FANCY: каталог FANCY WQ (рус., 10.2023), стр. 2
Fancy;WQ;250WQ500-7-18.5/4;MultiChannel;250;55.0;18.5;1450;3~380 В;660.0;;9;0;0;0;CatalogTable;FANCY: каталог FANCY WQ (рус., 10.2023), стр. 2
Fancy;WQ;300WQ650-5-18.5/4;MultiChannel;300;55.0;18.5;1450;3~380 В;840.0;;9;0;0;0;CatalogTable;FANCY: каталог FANCY WQ (рус., 10.2023), стр. 2
Fancy;WQ;100WQ100-40-22/4;MultiChannel;100;35.0;22.0;1450;3~380 В;170.0;;8;0;0;0;CatalogTable;FANCY: каталог FANCY WQ (рус., 10.2023), стр. 2
Fancy;WQ;150WQ200-22-22/4;MultiChannel;150;45.0;22.0;1450;3~380 В;340.0;;12;0;0;0;CatalogTable;FANCY: каталог FANCY WQ (рус., 10.2023), стр. 2
Fancy;WQ;200WQ300-16-22/4;MultiChannel;200;55.0;22.0;1450;3~380 В;420.0;;10;0;0;0;CatalogTable;FANCY: каталог FANCY WQ (рус., 10.2023), стр. 2
Fancy;WQ;250WQ500-9-22/4;MultiChannel;250;55.0;22.0;1450;3~380 В;720.0;;10;0;0;0;CatalogTable;FANCY: каталог FANCY WQ (рус., 10.2023), стр. 2
Fancy;WQ;300WQ600-7-22/4;MultiChannel;300;55.0;22.0;1450;3~380 В;880.0;;10;0;0;0;CatalogTable;FANCY: каталог FANCY WQ (рус., 10.2023), стр. 2
Fancy;WQ;100WQ100-45-30/4;MultiChannel;100;35.0;30.0;1450;3~380 В;200.0;53.0;5;0;0;0;CatalogTable;FANCY: каталог FANCY WQ (рус., 10.2023), стр. 2
Fancy;WQ;150WQ180-30-30/4;MultiChannel;150;45.0;30.0;1450;3~380 В;400.0;38.0;9;0;0;0;CatalogTable;FANCY: каталог FANCY WQ (рус., 10.2023), стр. 2
Fancy;WQ;200WQ250-22-30/4;MultiChannel;200;55.0;30.0;1450;3~380 В;450.0;32.0;9;0;0;0;CatalogTable;FANCY: каталог FANCY WQ (рус., 10.2023), стр. 2
Fancy;WQ;250WQ500-12-30/4;MultiChannel;250;55.0;30.0;1450;3~380 В;830.0;25.0;11;0;0;0;CatalogTable;FANCY: каталог FANCY WQ (рус., 10.2023), стр. 2
Fancy;WQ;250WQ600-9-30/4;MultiChannel;250;55.0;30.0;1450;3~380 В;830.0;25.0;11;0;0;0;CatalogTable;FANCY: каталог FANCY WQ (рус., 10.2023), стр. 2
Fancy;WQ;300WQ750-7-30/4;MultiChannel;300;70.0;30.0;1450;3~380 В;930.0;21.0;13;0;0;0;CatalogTable;FANCY: каталог FANCY WQ (рус., 10.2023), стр. 2
Fancy;WQ;300WQ1000-6-30/6;MultiChannel;300;70.0;30.0;960;3~380 В;1300.0;13.0;11;0;0;0;CatalogTable;FANCY: каталог FANCY WQ (рус., 10.2023), стр. 2
Fancy;WQ;350WQ1500-4-30/6;MultiChannel;350;75.0;30.0;960;3~380 В;1700.0;10.5;13;0;0;0;CatalogTable;FANCY: каталог FANCY WQ (рус., 10.2023), стр. 2
Fancy;WQ;100WQ120-50-37/4;MultiChannel;100;30.0;37.0;1450;3~380 В;200.0;55.0;5;0;0;0;CatalogTable;FANCY: каталог FANCY WQ (рус., 10.2023), стр. 2
Fancy;WQ;150WQ200-35-37/4;MultiChannel;150;35.0;37.0;1450;3~380 В;350.0;41.0;8;0;0;0;CatalogTable;FANCY: каталог FANCY WQ (рус., 10.2023), стр. 2
Fancy;WQ;200WQ300-28-37/4;MultiChannel;200;50.0;37.0;1450;3~380 В;500.0;38.0;10;0;0;0;CatalogTable;FANCY: каталог FANCY WQ (рус., 10.2023), стр. 2
Fancy;WQ;200WQ350-25-37/4;MultiChannel;200;50.0;37.0;1450;3~380 В;500.0;38.0;10;0;0;0;CatalogTable;FANCY: каталог FANCY WQ (рус., 10.2023), стр. 2
Fancy;WQ;250WQ600-12-37/4;MultiChannel;250;65.0;37.0;1450;3~380 В;900.0;28.0;12;0;0;0;CatalogTable;FANCY: каталог FANCY WQ (рус., 10.2023), стр. 2
Fancy;WQ;300WQ700-9-37/4;MultiChannel;300;70.0;37.0;1450;3~380 В;960.0;23.5;14;0;0;0;CatalogTable;FANCY: каталог FANCY WQ (рус., 10.2023), стр. 2
Fancy;WQ;350WQ900-6-37/4;MultiChannel;350;75.0;37.0;1450;3~380 В;1000.0;24.0;9;0;0;0;CatalogTable;FANCY: каталог FANCY WQ (рус., 10.2023), стр. 2
Fancy;WQ;350WQ1100-6-37/6;MultiChannel;350;75.0;37.0;960;3~380 В;1500.0;15.5;12;0;0;0;CatalogTable;FANCY: каталог FANCY WQ (рус., 10.2023), стр. 2
Fancy;WQ;100WQ100-57-45/4;MultiChannel;100;35.0;45.0;1450;3~380 В;200.0;63.0;5;0;0;0;CatalogTable;FANCY: каталог FANCY WQ (рус., 10.2023), стр. 2
Fancy;WQ;150WQ200-40-45/4;MultiChannel;150;40.0;45.0;1450;3~380 В;350.0;45.0;8;0;0;0;CatalogTable;FANCY: каталог FANCY WQ (рус., 10.2023), стр. 2
Fancy;WQ;200WQ300-32-45/4;MultiChannel;200;50.0;45.0;1450;3~380 В;450.0;42.0;9;0;0;0;CatalogTable;FANCY: каталог FANCY WQ (рус., 10.2023), стр. 2
Fancy;WQ;200WQ400-25-45/4;MultiChannel;200;50.0;45.0;1450;3~380 В;450.0;42.0;9;0;0;0;CatalogTable;FANCY: каталог FANCY WQ (рус., 10.2023), стр. 2
Fancy;WQ;250WQ600-15-45/4;MultiChannel;250;65.0;45.0;1450;3~380 В;960.0;30.0;14;0;0;0;CatalogTable;FANCY: каталог FANCY WQ (рус., 10.2023), стр. 2
Fancy;WQ;300WQ800-12-45/4;MultiChannel;300;70.0;45.0;1450;3~380 В;1000.0;31.5;15;0;0;0;CatalogTable;FANCY: каталог FANCY WQ (рус., 10.2023), стр. 2
Fancy;WQ;350WQ1100-8-45/4;MultiChannel;350;75.0;45.0;1450;3~380 В;1300.0;25.0;11;0;0;0;CatalogTable;FANCY: каталог FANCY WQ (рус., 10.2023), стр. 2
Fancy;WQ;350WQ1300-7-45/6;MultiChannel;350;75.0;45.0;960;3~380 В;1500.0;20.0;12;0;0;0;CatalogTable;FANCY: каталог FANCY WQ (рус., 10.2023), стр. 2
Fancy;WQ;100WQ100-65-55/4;MultiChannel;100;35.0;55.0;1450;3~380 В;220.0;72.0;5;0;0;0;CatalogTable;FANCY: каталог FANCY WQ (рус., 10.2023), стр. 2
Fancy;WQ;150WQ180-50-55/4;MultiChannel;150;40.0;55.0;1450;3~380 В;300.0;62.0;6;0;0;0;CatalogTable;FANCY: каталог FANCY WQ (рус., 10.2023), стр. 2
Fancy;WQ;200WQ300-40-55/4;MultiChannel;200;50.0;55.0;1450;3~380 В;450.0;52.0;8;0;0;0;CatalogTable;FANCY: каталог FANCY WQ (рус., 10.2023), стр. 2
Fancy;WQ;200WQ400-30-55/4;MultiChannel;200;50.0;55.0;1450;3~380 В;450.0;52.0;8;0;0;0;CatalogTable;FANCY: каталог FANCY WQ (рус., 10.2023), стр. 2
Fancy;WQ;300WQ800-15-55/4;MultiChannel;300;70.0;55.0;1450;3~380 В;1100.0;36.0;10;0;0;0;CatalogTable;FANCY: каталог FANCY WQ (рус., 10.2023), стр. 2
Fancy;WQ;350WQ1000-10-55/4;MultiChannel;350;75.0;55.0;1450;3~380 В;1400.0;27.0;11;0;0;0;CatalogTable;FANCY: каталог FANCY WQ (рус., 10.2023), стр. 2
Fancy;WQ;350WQ1100-10-55/6;MultiChannel;350;75.0;55.0;960;3~380 В;1600.0;21.0;13;0;0;0;CatalogTable;FANCY: каталог FANCY WQ (рус., 10.2023), стр. 2
Fancy;WQ;100WQ120-75-75/4;MultiChannel;100;35.0;75.0;1450;3~380 В;200.0;82.0;4;0;0;0;CatalogTable;FANCY: каталог FANCY WQ (рус., 10.2023), стр. 2
Fancy;WQ;150WQ200-55-75/4;MultiChannel;150;35.0;75.0;1450;3~380 В;360.0;62.0;7;0;0;0;CatalogTable;FANCY: каталог FANCY WQ (рус., 10.2023), стр. 2
Fancy;WQ;200WQ350-45-75/4;MultiChannel;200;40.0;75.0;1450;3~380 В;500.0;55.0;9;0;0;0;CatalogTable;FANCY: каталог FANCY WQ (рус., 10.2023), стр. 2
Fancy;WQ;250WQ600-25-75/4;MultiChannel;250;50.0;75.0;1450;3~380 В;1100.0;41.0;13;0;0;0;CatalogTable;FANCY: каталог FANCY WQ (рус., 10.2023), стр. 2
Fancy;WQ;300WQ800-20-75/4;MultiChannel;300;60.0;75.0;1450;3~380 В;1200.0;30.2;11;0;0;0;CatalogTable;FANCY: каталог FANCY WQ (рус., 10.2023), стр. 2
Fancy;WQ;350WQ1000-15-75/4;MultiChannel;350;75.0;75.0;1450;3~380 В;1300.0;29.0;10;0;0;0;CatalogTable;FANCY: каталог FANCY WQ (рус., 10.2023), стр. 2
Fancy;WQ;350WQ1400-11-75/6;MultiChannel;350;75.0;75.0;960;3~380 В;1800.0;26.0;12;0;0;0;CatalogTable;FANCY: каталог FANCY WQ (рус., 10.2023), стр. 2
Fancy;WQ;100WQ120-85-90/4;MultiChannel;100;35.0;90.0;1450;3~380 В;200.0;93.0;4;0;0;0;CatalogTable;FANCY: каталог FANCY WQ (рус., 10.2023), стр. 2
Fancy;WQ;150WQ200-70-90/4;MultiChannel;150;35.0;90.0;1450;3~380 В;360.0;82.0;7;0;0;0;CatalogTable;FANCY: каталог FANCY WQ (рус., 10.2023), стр. 2
Fancy;WQ;200WQ300-55-90/4;MultiChannel;200;50.0;90.0;1450;3~380 В;500.0;63.0;9;0;0;0;CatalogTable;FANCY: каталог FANCY WQ (рус., 10.2023), стр. 2
Fancy;WQ;200WQ400-50-90/4;MultiChannel;200;50.0;90.0;1450;3~380 В;500.0;63.0;9;0;0;0;CatalogTable;FANCY: каталог FANCY WQ (рус., 10.2023), стр. 2
Fancy;WQ;250WQ600-30-90/4;MultiChannel;250;50.0;90.0;1450;3~380 В;1100.0;46.0;11;0;0;0;CatalogTable;FANCY: каталог FANCY WQ (рус., 10.2023), стр. 2
Fancy;WQ;300WQ800-25-90/4;MultiChannel;300;60.0;90.0;1450;3~380 В;1300.0;40.0;12;0;0;0;CatalogTable;FANCY: каталог FANCY WQ (рус., 10.2023), стр. 2
Fancy;WQ;350WQ1000-18-90/4;MultiChannel;350;75.0;90.0;1450;3~380 В;1500.0;43.0;12;0;0;0;CatalogTable;FANCY: каталог FANCY WQ (рус., 10.2023), стр. 2
Fancy;WQ;350WQ1200-18-90/6;MultiChannel;350;80.0;90.0;960;3~380 В;1800.0;30.0;12;0;0;0;CatalogTable;FANCY: каталог FANCY WQ (рус., 10.2023), стр. 2
Fancy;WQ;100WQ100-95-110/4;MultiChannel;100;35.0;110.0;1450;3~380 В;200.0;100.0;4;0;0;0;CatalogTable;FANCY: каталог FANCY WQ (рус., 10.2023), стр. 2
Fancy;WQ;150WQ180-70-110/4;MultiChannel;150;35.0;110.0;1450;3~380 В;360.0;78.0;7;0;0;0;CatalogTable;FANCY: каталог FANCY WQ (рус., 10.2023), стр. 2
Fancy;WQ;200WQ300-65-110/4;MultiChannel;200;50.0;110.0;1450;3~380 В;500.0;77.0;9;0;0;0;CatalogTable;FANCY: каталог FANCY WQ (рус., 10.2023), стр. 2
Fancy;WQ;250WQ600-40-110/4;MultiChannel;250;50.0;110.0;1450;3~380 В;1100.0;52.0;11;0;0;0;CatalogTable;FANCY: каталог FANCY WQ (рус., 10.2023), стр. 2
Fancy;WQ;300WQ1000-25-110/4;MultiChannel;300;65.0;110.0;1450;3~380 В;1300.0;42.0;12;0;0;0;CatalogTable;FANCY: каталог FANCY WQ (рус., 10.2023), стр. 2
Fancy;WQ;350WQ1300-20-110/4;MultiChannel;350;80.0;110.0;1450;3~380 В;1600.0;40.0;13;0;0;0;CatalogTable;FANCY: каталог FANCY WQ (рус., 10.2023), стр. 2
Fancy;WQ;350WQ1500-16-110/6;MultiChannel;350;80.0;110.0;960;3~380 В;1900.0;31.0;13;0;0;0;CatalogTable;FANCY: каталог FANCY WQ (рус., 10.2023), стр. 2
Fancy;WQ;150WQ200-85-132/4;MultiChannel;150;35.0;132.0;1450;3~380 В;500.0;90.0;9;0;0;0;CatalogTable;FANCY: каталог FANCY WQ (рус., 10.2023), стр. 2
Fancy;WQ;200WQ400-75-132/4;MultiChannel;200;50.0;132.0;1450;3~380 В;550.0;90.0;10;0;0;0;CatalogTable;FANCY: каталог FANCY WQ (рус., 10.2023), стр. 2
Fancy;WQ;250WQ600-50-132/4;MultiChannel;250;50.0;132.0;1450;3~380 В;800.0;62.0;8;0;0;0;CatalogTable;FANCY: каталог FANCY WQ (рус., 10.2023), стр. 2
Fancy;WQ;300WQ800-36-132/4;MultiChannel;300;60.0;132.0;1450;3~380 В;1200.0;44.5;11;0;0;0;CatalogTable;FANCY: каталог FANCY WQ (рус., 10.2023), стр. 2
Fancy;WQ;350WQ1100-28-132/4;MultiChannel;350;75.0;132.0;1450;3~380 В;1600.0;49.5;13;0;0;0;CatalogTable;FANCY: каталог FANCY WQ (рус., 10.2023), стр. 2
Fancy;WQ;350WQ1500-18-132/6;MultiChannel;350;80.0;132.0;960;3~380 В;2000.0;37.5;14;0;0;0;CatalogTable;FANCY: каталог FANCY WQ (рус., 10.2023), стр. 2
Fancy;WQ;150WQ200-100-160/4;MultiChannel;150;40.0;160.0;1450;3~380 В;500.0;102.0;9;0;0;0;CatalogTable;FANCY: каталог FANCY WQ (рус., 10.2023), стр. 2
Fancy;WQ;200WQ400-85-160/4;MultiChannel;200;50.0;160.0;1450;3~380 В;450.0;103.0;8;0;0;0;CatalogTable;FANCY: каталог FANCY WQ (рус., 10.2023), стр. 2
Fancy;WQ;250WQ600-55-160/4;MultiChannel;250;50.0;160.0;1450;3~380 В;800.0;67.0;8;0;0;0;CatalogTable;FANCY: каталог FANCY WQ (рус., 10.2023), стр. 2
Fancy;WQ;300WQ800-40-160/4;MultiChannel;300;65.0;160.0;1450;3~380 В;1200.0;63.5;11;0;0;0;CatalogTable;FANCY: каталог FANCY WQ (рус., 10.2023), стр. 2
Fancy;WQ;350WQ1000-35-160/4;MultiChannel;350;75.0;160.0;1450;3~380 В;1800.0;37.0;14;0;0;0;CatalogTable;FANCY: каталог FANCY WQ (рус., 10.2023), стр. 2
Fancy;WQ;350WQ1400-23-160/6;MultiChannel;350;85.0;160.0;960;3~380 В;2000.0;41.0;14;0;0;0;CatalogTable;FANCY: каталог FANCY WQ (рус., 10.2023), стр. 2
Fancy;WQ;150WQ200-110-185/4;MultiChannel;150;35.0;185.0;1450;3~380 В;500.0;112.0;9;0;0;0;CatalogTable;FANCY: каталог FANCY WQ (рус., 10.2023), стр. 2
Fancy;WQ;200WQ400-90-185/4;MultiChannel;200;50.0;185.0;1450;3~380 В;700.0;105.0;11;0;0;0;CatalogTable;FANCY: каталог FANCY WQ (рус., 10.2023), стр. 2
Fancy;WQ;250WQ600-70-185/4;MultiChannel;250;55.0;185.0;1450;3~380 В;800.0;77.0;8;0;0;0;CatalogTable;FANCY: каталог FANCY WQ (рус., 10.2023), стр. 2
Fancy;WQ;300WQ900-40-185/4;MultiChannel;300;75.0;185.0;1450;3~380 В;1200.0;66.0;11;0;0;0;CatalogTable;FANCY: каталог FANCY WQ (рус., 10.2023), стр. 2
Fancy;WQ;350WQ1100-35-185/4;MultiChannel;350;80.0;185.0;1450;3~380 В;1500.0;48.0;12;0;0;0;CatalogTable;FANCY: каталог FANCY WQ (рус., 10.2023), стр. 2
Fancy;WQ;250WQ750-60-200/4;MultiChannel;250;65.0;200.0;1450;3~380 В;800.0;82.0;8;0;0;0;CatalogTable;FANCY: каталог FANCY WQ (рус., 10.2023), стр. 2
Fancy;WQ;300WQ1000-45-200/4;MultiChannel;300;75.0;200.0;1450;3~380 В;1200.0;54.0;11;0;0;0;CatalogTable;FANCY: каталог FANCY WQ (рус., 10.2023), стр. 2
Fancy;WQ;350WQ1300-35-200/4;MultiChannel;350;85.0;200.0;1450;3~380 В;1400.0;64.0;11;0;0;0;CatalogTable;FANCY: каталог FANCY WQ (рус., 10.2023), стр. 2
Fancy;WQ;300WQ1100-45-250/4;MultiChannel;300;75.0;250.0;1450;3~380 В;1300.0;58.0;11;0;0;0;CatalogTable;FANCY: каталог FANCY WQ (рус., 10.2023), стр. 2
Fancy;WQ;350WQ1500-36-250/4;MultiChannel;350;90.0;250.0;1450;3~380 В;1800.0;66.0;14;0;0;0;CatalogTable;FANCY: каталог FANCY WQ (рус., 10.2023), стр. 2
Fancy;WQ;300WQ1000-55-315/4;MultiChannel;300;85.0;315.0;1450;3~380 В;1300.0;66.0;11;0;0;0;CatalogTable;FANCY: каталог FANCY WQ (рус., 10.2023), стр. 2
Fancy;WQ;350WQ1500-45-315/4;MultiChannel;350;95.0;315.0;1450;3~380 В;1900.0;70.0;15;0;0;0;CatalogTable;FANCY: каталог FANCY WQ (рус., 10.2023), стр. 2
Fancy;WQA;40WQA6-16-0.75;Unknown;40;15.0;0.75;2900;3~380 В;15.0;;3;0;0;0;CatalogTable;FANCY: каталог FANCY WQA (10.2023), стр. 1
Fancy;WQA;50WQA10-10-0.75;Unknown;50;15.0;0.75;2900;3~380 В;18.0;;4;0;0;0;CatalogTable;FANCY: каталог FANCY WQA (10.2023), стр. 1
Fancy;WQA;50WQA8-16-1.1;Unknown;50;15.0;1.1;2900;3~380 В;27.0;;6;0;0;0;CatalogTable;FANCY: каталог FANCY WQA (10.2023), стр. 1
Fancy;WQA;50WQA15-15-1.5;Unknown;50;20.0;1.5;2900;3~380 В;27.0;;6;0;0;0;CatalogTable;FANCY: каталог FANCY WQA (10.2023), стр. 1
Fancy;WQA;50WQA8-20-1.5;Unknown;50;20.0;1.5;2900;3~380 В;27.0;;6;0;0;0;CatalogTable;FANCY: каталог FANCY WQA (10.2023), стр. 1
Fancy;WQA;50WQA9-22-2.2;Unknown;50;20.0;2.2;2900;3~380 В;27.0;;6;0;0;0;CatalogTable;FANCY: каталог FANCY WQA (10.2023), стр. 1
Fancy;WQA;50WQA15-20-2.2;Unknown;50;20.0;2.2;2900;3~380 В;27.0;;6;0;0;0;CatalogTable;FANCY: каталог FANCY WQA (10.2023), стр. 1
Fancy;WQA;50WQA15-30-3;Unknown;50;20.0;3.0;2900;3~380 В;27.0;;6;0;0;0;CatalogTable;FANCY: каталог FANCY WQA (10.2023), стр. 1
Fancy;WQA;50WQA15-35-4;Unknown;50;20.0;4.0;2900;3~380 В;42.0;;8;0;0;0;CatalogTable;FANCY: каталог FANCY WQA (10.2023), стр. 1
Fancy;WQA;50WQA15-40-5.5;Unknown;50;20.0;5.5;2900;3~380 В;48.0;;9;0;0;0;CatalogTable;FANCY: каталог FANCY WQA (10.2023), стр. 1
Fancy;WQA;50WQA20-45-7.5;Unknown;50;20.0;7.5;2900;3~380 В;42.0;;8;0;0;0;CatalogTable;FANCY: каталог FANCY WQA (10.2023), стр. 1
Fancy;WQA;65WQA15-10-1.1;Unknown;65;20.0;1.1;2900;3~380 В;27.0;;6;0;0;0;CatalogTable;FANCY: каталог FANCY WQA (10.2023), стр. 1
Fancy;WQA;65WQA25-10-1.5;Unknown;65;20.0;1.5;2900;3~380 В;36.0;;7;0;0;0;CatalogTable;FANCY: каталог FANCY WQA (10.2023), стр. 1
Fancy;WQA;65WQA25-17-2.2;Unknown;65;25.0;2.2;2900;3~380 В;42.0;;8;0;0;0;CatalogTable;FANCY: каталог FANCY WQA (10.2023), стр. 1
Fancy;WQA;65WQA25-22-3;Unknown;65;25.0;3.0;2900;3~380 В;48.0;;9;0;0;0;CatalogTable;FANCY: каталог FANCY WQA (10.2023), стр. 1
Fancy;WQA;65WQA25-28-4;Unknown;65;25.0;4.0;2900;3~380 В;36.0;;7;0;0;0;CatalogTable;FANCY: каталог FANCY WQA (10.2023), стр. 1
Fancy;WQA;65WQA30-30-5.5;Unknown;65;25.0;5.5;2900;3~380 В;36.0;;7;0;0;0;CatalogTable;FANCY: каталог FANCY WQA (10.2023), стр. 1
Fancy;WQA;65WQA30-35-7.5;Unknown;65;25.0;7.5;2900;3~380 В;72.0;;11;0;0;0;CatalogTable;FANCY: каталог FANCY WQA (10.2023), стр. 1
Fancy;WQA;80WQA45-9-2.2;Unknown;80;30.0;2.2;2900;3~380 В;54.0;;6;0;0;0;CatalogTable;FANCY: каталог FANCY WQA (10.2023), стр. 1
Fancy;WQA;80WQA43-13-3;Unknown;80;30.0;3.0;2900;3~380 В;72.0;;7;0;0;0;CatalogTable;FANCY: каталог FANCY WQA (10.2023), стр. 1
Fancy;WQA;80WQA40-18-4;Unknown;80;30.0;4.0;2900;3~380 В;72.0;;7;0;0;0;CatalogTable;FANCY: каталог FANCY WQA (10.2023), стр. 1
Fancy;WQA;80WQA30-30-5.5;Unknown;80;30.0;5.5;2900;3~380 В;84.0;;8;0;0;0;CatalogTable;FANCY: каталог FANCY WQA (10.2023), стр. 1
Fancy;WQA;80WQA30-36-7.5;Unknown;80;30.0;7.5;2900;3~380 В;90.0;;9;0;0;0;CatalogTable;FANCY: каталог FANCY WQA (10.2023), стр. 1
Fancy;WQA;100WQA60-9-3;Unknown;100;35.0;3.0;2900;3~380 В;72.0;;7;0;0;0;CatalogTable;FANCY: каталог FANCY WQA (10.2023), стр. 1
Fancy;WQA;100WQA60-13-4;Unknown;100;35.0;4.0;2900;3~380 В;72.0;;7;0;0;0;CatalogTable;FANCY: каталог FANCY WQA (10.2023), стр. 1
Fancy;WQA;100WQA65-15-5.5;Unknown;100;35.0;5.5;2900;3~380 В;84.0;;8;0;0;0;CatalogTable;FANCY: каталог FANCY WQA (10.2023), стр. 1
Fancy;WQA;100WQA65-22-7.5;Unknown;100;35.0;7.5;2900;3~380 В;90.0;;9;0;0;0;CatalogTable;FANCY: каталог FANCY WQA (10.2023), стр. 1
Fancy;WQA;150WQA100-7-5.5;Unknown;150;40.0;5.5;2900;3~380 В;120.0;;8;0;0;0;CatalogTable;FANCY: каталог FANCY WQA (10.2023), стр. 1
Fancy;WQA;150WQA100-10-7.5;Unknown;150;40.0;7.5;2900;3~380 В;150.0;;9;0;0;0;CatalogTable;FANCY: каталог FANCY WQA (10.2023), стр. 1
Fancy;WQAS;80WQAS60-30-11/2;Cutter;80;20.0;11.0;2900;3~380 В;120.0;42.0;5;0;0;0;CatalogTable;FANCY: каталог FANCY WQAS (10.2023), стр. 1
Fancy;WQAS;80WQAS60-40-15/2;Cutter;80;20.0;15.0;2900;3~380 В;140.0;50.0;6;0;0;0;CatalogTable;FANCY: каталог FANCY WQAS (10.2023), стр. 1
Fancy;WQAS;80WQAS60-41-18.5/2;Cutter;80;20.0;18.5;2900;3~380 В;140.0;54.0;6;0;0;0;CatalogTable;FANCY: каталог FANCY WQAS (10.2023), стр. 1
Fancy;WQAS;80WQAS60-45-22/2;Cutter;80;20.0;22.0;2900;3~380 В;140.0;55.0;6;0;0;0;CatalogTable;FANCY: каталог FANCY WQAS (10.2023), стр. 1
Fancy;WQAS;100WQAS80-25-11/2;Cutter;100;20.0;11.0;2900;3~380 В;180.0;42.0;8;0;0;0;CatalogTable;FANCY: каталог FANCY WQAS (10.2023), стр. 1
Fancy;WQAS;100WQAS80-32-15/2;Cutter;100;20.0;15.0;2900;3~380 В;150.0;46.0;7;0;0;0;CatalogTable;FANCY: каталог FANCY WQAS (10.2023), стр. 1
Fancy;WQAS;100WQAS80-38-18.5/2;Cutter;100;20.0;18.5;2900;3~380 В;200.0;50.0;9;0;0;0;CatalogTable;FANCY: каталог FANCY WQAS (10.2023), стр. 1
Fancy;WQAS;100WQAS80-45-22/2;Cutter;100;20.0;22.0;2900;3~380 В;220.0;58.0;10;0;0;0;CatalogTable;FANCY: каталог FANCY WQAS (10.2023), стр. 1
Fancy;WQAS;150WQAS100-20-11/2;Cutter;150;30.0;11.0;2900;3~380 В;200.0;32.5;9;0;0;0;CatalogTable;FANCY: каталог FANCY WQAS (10.2023), стр. 1
Fancy;WQAS;150WQAS120-15-11/2;Cutter;150;30.0;11.0;2900;3~380 В;200.0;32.5;9;0;0;0;CatalogTable;FANCY: каталог FANCY WQAS (10.2023), стр. 1
Fancy;WQAS;150WQAS100-27-15/2;Cutter;150;30.0;15.0;2900;3~380 В;200.0;39.0;9;0;0;0;CatalogTable;FANCY: каталог FANCY WQAS (10.2023), стр. 1
Fancy;WQAS;150WQAS120-25-15/2;Cutter;150;30.0;15.0;2900;3~380 В;200.0;39.0;9;0;0;0;CatalogTable;FANCY: каталог FANCY WQAS (10.2023), стр. 1
Fancy;WQAS;150WQAS100-35-18.5/2;Cutter;150;30.0;18.5;2900;3~380 В;220.0;47.0;10;0;0;0;CatalogTable;FANCY: каталог FANCY WQAS (10.2023), стр. 1
Fancy;WQAS;150WQAS150-26-22/2;Cutter;150;30.0;22.0;2900;3~380 В;220.0;49.0;10;0;0;0;CatalogTable;FANCY: каталог FANCY WQAS (10.2023), стр. 1
Fancy;WQAS;200WQAS180-10-11/2;Cutter;200;40.0;11.0;2900;3~380 В;200.0;32.0;9;0;0;0;CatalogTable;FANCY: каталог FANCY WQAS (10.2023), стр. 1
Fancy;WQAS;200WQAS180-15-15/2;Cutter;200;40.0;15.0;2900;3~380 В;220.0;37.0;10;0;0;0;CatalogTable;FANCY: каталог FANCY WQAS (10.2023), стр. 1
Fancy;WQAS;200WQAS180-18-18.5/2;Cutter;200;40.0;18.5;2900;3~380 В;220.0;39.0;10;0;0;0;CatalogTable;FANCY: каталог FANCY WQAS (10.2023), стр. 1
Fancy;WQAS;200WQAS200-20-22/2;Cutter;200;40.0;22.0;2900;3~380 В;250.0;49.0;11;0;0;0;CatalogTable;FANCY: каталог FANCY WQAS (10.2023), стр. 1
Fancy;WQAS;80WQAS80-11-5.5/4;Cutter;80;20.0;5.5;1450;3~380 В;100.0;19.0;4;0;0;0;CatalogTable;FANCY: каталог FANCY WQAS (10.2023), стр. 1
Fancy;WQAS;80WQAS80-15-7.5/4;Cutter;80;20.0;7.5;1450;3~380 В;100.0;22.0;4;0;0;0;CatalogTable;FANCY: каталог FANCY WQAS (10.2023), стр. 1
Fancy;WQAS;80WQAS80-22-11/4;Cutter;80;20.0;11.0;1450;3~380 В;120.0;29.0;5;0;0;0;CatalogTable;FANCY: каталог FANCY WQAS (10.2023), стр. 1
Fancy;WQAS;80WQAS80-25-15/4;Cutter;80;20.0;15.0;1450;3~380 В;120.0;32.0;5;0;0;0;CatalogTable;FANCY: каталог FANCY WQAS (10.2023), стр. 1
Fancy;WQAS;80WQAS80-30-18.5/4;Cutter;80;20.0;18.5;1450;3~380 В;140.0;37.0;6;0;0;0;CatalogTable;FANCY: каталог FANCY WQAS (10.2023), стр. 1
Fancy;WQAS;80WQAS80-35-22/4;Cutter;80;20.0;22.0;1450;3~380 В;150.0;42.0;7;0;0;0;CatalogTable;FANCY: каталог FANCY WQAS (10.2023), стр. 1
Fancy;WQAS;100WQAS100-10-5.5/4;Cutter;100;20.0;5.5;1450;3~380 В;140.0;17.0;6;0;0;0;CatalogTable;FANCY: каталог FANCY WQAS (10.2023), стр. 1
Fancy;WQAS;100WQAS100-12-7.5/4;Cutter;100;20.0;7.5;1450;3~380 В;150.0;19.0;7;0;0;0;CatalogTable;FANCY: каталог FANCY WQAS (10.2023), стр. 1
Fancy;WQAS;100WQAS100-20-11/4;Cutter;100;20.0;11.0;1450;3~380 В;180.0;28.0;8;0;0;0;CatalogTable;FANCY: каталог FANCY WQAS (10.2023), стр. 1
Fancy;WQAS;100WQAS100-25-15/4;Cutter;100;20.0;15.0;1450;3~380 В;200.0;35.0;9;0;0;0;CatalogTable;FANCY: каталог FANCY WQAS (10.2023), стр. 1
Fancy;WQAS;100WQAS100-30-18.5/4;Cutter;100;20.0;18.5;1450;3~380 В;200.0;39.0;9;0;0;0;CatalogTable;FANCY: каталог FANCY WQAS (10.2023), стр. 1
Fancy;WQAS;100WQAS100-32-22/4;Cutter;100;20.0;22.0;1450;3~380 В;220.0;42.0;10;0;0;0;CatalogTable;FANCY: каталог FANCY WQAS (10.2023), стр. 1
Fancy;WQAS;150WQAS150-7-5.5/4;Cutter;150;30.0;5.5;1450;3~380 В;220.0;13.5;8;0;0;0;CatalogTable;FANCY: каталог FANCY WQAS (10.2023), стр. 1
Fancy;WQAS;150WQAS145-9-7.5/4;Cutter;150;30.0;7.5;1450;3~380 В;250.0;15.5;9;0;0;0;CatalogTable;FANCY: каталог FANCY WQAS (10.2023), стр. 1
Fancy;WQAS;150WQAS180-11-11/4;Cutter;150;30.0;11.0;1450;3~380 В;300.0;21.0;11;0;0;0;CatalogTable;FANCY: каталог FANCY WQAS (10.2023), стр. 1
Fancy;WQAS;150WQAS200-15-15/4;Cutter;150;30.0;15.0;1450;3~380 В;350.0;25.0;12;0;0;0;CatalogTable;FANCY: каталог FANCY WQAS (10.2023), стр. 1
Fancy;WQAS;150WQAS180-20-18.5/4;Cutter;150;30.0;18.5;1450;3~380 В;350.0;30.0;9;0;0;0;CatalogTable;FANCY: каталог FANCY WQAS (10.2023), стр. 1
Fancy;WQAS;150WQAS200-22-22/4;Cutter;150;30.0;22.0;1450;3~380 В;400.0;32.0;10;0;0;0;CatalogTable;FANCY: каталог FANCY WQAS (10.2023), стр. 1
Fancy;WQAS;200WQAS250-6-7.5/4;Cutter;200;40.0;7.5;1450;3~380 В;350.0;15.0;9;0;0;0;CatalogTable;FANCY: каталог FANCY WQAS (10.2023), стр. 1
Fancy;WQAS;200WQAS300-7-11/4;Cutter;200;40.0;11.0;1450;3~380 В;350.0;21.0;9;0;0;0;CatalogTable;FANCY: каталог FANCY WQAS (10.2023), стр. 1
Fancy;WQAS;200WQAS250-11-15/4;Cutter;200;40.0;15.0;1450;3~380 В;400.0;25.0;10;0;0;0;CatalogTable;FANCY: каталог FANCY WQAS (10.2023), стр. 1
Fancy;WQAS;200WQAS250-15-18.5/4;Cutter;200;40.0;18.5;1450;3~380 В;450.0;27.0;11;0;0;0;CatalogTable;FANCY: каталог FANCY WQAS (10.2023), стр. 1
Fancy;WQAS;200WQAS350-10-18.5/4;Cutter;200;40.0;18.5;1450;3~380 В;450.0;27.0;11;0;0;0;CatalogTable;FANCY: каталог FANCY WQAS (10.2023), стр. 1
Fancy;WQAS;200WQAS300-16-22/4;Cutter;200;40.0;22.0;1450;3~380 В;500.0;32.0;12;0;0;0;CatalogTable;FANCY: каталог FANCY WQAS (10.2023), стр. 1
Fancy;WQAS;200WQAS400-10-22/4;Cutter;200;40.0;22.0;1450;3~380 В;500.0;32.0;12;0;0;0;CatalogTable;FANCY: каталог FANCY WQAS (10.2023), стр. 1
Fancy;WQAS;250WQAS400-5-11/4;Cutter;250;50.0;11.0;1450;3~380 В;500.0;13.5;10;0;0;0;CatalogTable;FANCY: каталог FANCY WQAS (10.2023), стр. 1
Fancy;WQAS;250WQAS450-5-15/4;Cutter;250;50.0;15.0;1450;3~380 В;600.0;17.5;12;0;0;0;CatalogTable;FANCY: каталог FANCY WQAS (10.2023), стр. 1
Fancy;WQAS;250WQAS500-7-18.5/4;Cutter;250;50.0;18.5;1450;3~380 В;670.0;20.5;13;0;0;0;CatalogTable;FANCY: каталог FANCY WQAS (10.2023), стр. 1
Fancy;WQAS;250WQAS500-9-22/4;Cutter;250;50.0;22.0;1450;3~380 В;700.0;22.0;12;0;0;0;CatalogTable;FANCY: каталог FANCY WQAS (10.2023), стр. 1
Fancy;WQAS;300WQAS600-5-18.5/4;Cutter;300;60.0;18.5;1450;3~380 В;700.0;20.0;10;0;0;0;CatalogTable;FANCY: каталог FANCY WQAS (10.2023), стр. 1
Fancy;WQAS;300WQAS550-7-22/4;Cutter;300;60.0;22.0;1450;3~380 В;700.0;21.0;10;0;0;0;CatalogTable;FANCY: каталог FANCY WQAS (10.2023), стр. 1
Fancy;WQAS;100WQAS120-40-30/4;Cutter;100;20.0;30.0;1450;3~380 В;250.0;48.0;6;0;0;0;CatalogTable;FANCY: каталог FANCY WQAS (10.2023), стр. 2
Fancy;WQAS;100WQAS120-45-37/4;Cutter;100;20.0;37.0;1450;3~380 В;270.0;53.0;7;0;0;0;CatalogTable;FANCY: каталог FANCY WQAS (10.2023), стр. 2
Fancy;WQAS;100WQAS100-55-45/4;Cutter;100;20.0;45.0;1450;3~380 В;300.0;61.0;8;0;0;0;CatalogTable;FANCY: каталог FANCY WQAS (10.2023), стр. 2
Fancy;WQAS;100WQAS100-65-55/4;Cutter;100;20.0;55.0;1450;3~380 В;300.0;73.0;8;0;0;0;CatalogTable;FANCY: каталог FANCY WQAS (10.2023), стр. 2
Fancy;WQAS;150WQAS180-28-30/4;Cutter;150;30.0;30.0;1450;3~380 В;400.0;35.0;8;0;0;0;CatalogTable;FANCY: каталог FANCY WQAS (10.2023), стр. 2
Fancy;WQAS;150WQAS200-32-37/4;Cutter;150;30.0;37.0;1450;3~380 В;450.0;41.0;9;0;0;0;CatalogTable;FANCY: каталог FANCY WQAS (10.2023), стр. 2
Fancy;WQAS;150WQAS200-36-45/4;Cutter;150;30.0;45.0;1450;3~380 В;500.0;46.0;10;0;0;0;CatalogTable;FANCY: каталог FANCY WQAS (10.2023), стр. 2
Fancy;WQAS;150WQAS180-40-55/4;Cutter;150;30.0;55.0;1450;3~380 В;550.0;49.0;11;0;0;0;CatalogTable;FANCY: каталог FANCY WQAS (10.2023), стр. 2
Fancy;WQAS;150WQAS200-57-75/4;Cutter;150;30.0;75.0;1450;3~380 В;500.0;66.0;10;0;0;0;CatalogTable;FANCY: каталог FANCY WQAS (10.2023), стр. 2
Fancy;WQAS;150WQAS200-60-90/4;Cutter;150;30.0;90.0;1450;3~380 В;450.0;70.0;9;0;0;0;CatalogTable;FANCY: каталог FANCY WQAS (10.2023), стр. 2
Fancy;WQAS;150WQAS180-70-110/4;Cutter;150;30.0;110.0;1450;3~380 В;450.0;78.0;9;0;0;0;CatalogTable;FANCY: каталог FANCY WQAS (10.2023), стр. 2
Fancy;WQAS;200WQAS250-22-30/4;Cutter;200;40.0;30.0;1450;3~380 В;500.0;34.5;8;0;0;0;CatalogTable;FANCY: каталог FANCY WQAS (10.2023), стр. 2
Fancy;WQAS;200WQAS300-28-37/4;Cutter;200;40.0;37.0;1450;3~380 В;500.0;40.5;8;0;0;0;CatalogTable;FANCY: каталог FANCY WQAS (10.2023), стр. 2
Fancy;WQAS;200WQAS350-25-37/4;Cutter;200;40.0;37.0;1450;3~380 В;500.0;40.5;8;0;0;0;CatalogTable;FANCY: каталог FANCY WQAS (10.2023), стр. 2
Fancy;WQAS;200WQAS300-30-45/4;Cutter;200;40.0;45.0;1450;3~380 В;550.0;41.5;9;0;0;0;CatalogTable;FANCY: каталог FANCY WQAS (10.2023), стр. 2
Fancy;WQAS;200WQAS400-25-45/4;Cutter;200;40.0;45.0;1450;3~380 В;550.0;41.5;9;0;0;0;CatalogTable;FANCY: каталог FANCY WQAS (10.2023), стр. 2
Fancy;WQAS;200WQAS300-35-55/4;Cutter;200;40.0;55.0;1450;3~380 В;600.0;44.0;10;0;0;0;CatalogTable;FANCY: каталог FANCY WQAS (10.2023), стр. 2
Fancy;WQAS;200WQAS400-30-55/4;Cutter;200;40.0;55.0;1450;3~380 В;600.0;44.0;10;0;0;0;CatalogTable;FANCY: каталог FANCY WQAS (10.2023), стр. 2
Fancy;WQAS;200WQAS350-45-75/4;Cutter;200;40.0;75.0;1450;3~380 В;600.0;54.0;10;0;0;0;CatalogTable;FANCY: каталог FANCY WQAS (10.2023), стр. 2
Fancy;WQAS;200WQAS300-50-90/4;Cutter;200;40.0;90.0;1450;3~380 В;650.0;58.0;11;0;0;0;CatalogTable;FANCY: каталог FANCY WQAS (10.2023), стр. 2
Fancy;WQAS;200WQAS400-43-90/4;Cutter;200;40.0;90.0;1450;3~380 В;650.0;58.0;11;0;0;0;CatalogTable;FANCY: каталог FANCY WQAS (10.2023), стр. 2
Fancy;WQAS;200WQAS300-55-110/4;Cutter;200;40.0;110.0;1450;3~380 В;650.0;66.0;11;0;0;0;CatalogTable;FANCY: каталог FANCY WQAS (10.2023), стр. 2
Fancy;WQAS;250WQAS500-10-30/4;Cutter;250;50.0;30.0;1450;3~380 В;900.0;23.5;11;0;0;0;CatalogTable;FANCY: каталог FANCY WQAS (10.2023), стр. 2
Fancy;WQAS;250WQAS600-8-30/4;Cutter;250;50.0;30.0;1450;3~380 В;900.0;23.5;11;0;0;0;CatalogTable;FANCY: каталог FANCY WQAS (10.2023), стр. 2
Fancy;WQAS;250WQAS600-12-37/4;Cutter;250;50.0;37.0;1450;3~380 В;900.0;28.0;10;0;0;0;CatalogTable;FANCY: каталог FANCY WQAS (10.2023), стр. 2
Fancy;WQAS;250WQAS600-15-45/4;Cutter;250;50.0;45.0;1450;3~380 В;1000.0;29.5;13;0;0;0;CatalogTable;FANCY: каталог FANCY WQAS (10.2023), стр. 2
Fancy;WQAS;250WQAS600-20-55/4;Cutter;250;50.0;55.0;1450;3~380 В;1000.0;36.0;13;0;0;0;CatalogTable;FANCY: каталог FANCY WQAS (10.2023), стр. 2
Fancy;WQAS;250WQAS600-25-75/4;Cutter;250;50.0;75.0;1450;3~380 В;1050.0;42.0;14;0;0;0;CatalogTable;FANCY: каталог FANCY WQAS (10.2023), стр. 2
Fancy;WQAS;250WQAS600-30-90/4;Cutter;250;50.0;90.0;1450;3~380 В;1050.0;44.0;14;0;0;0;CatalogTable;FANCY: каталог FANCY WQAS (10.2023), стр. 2
Fancy;WQAS;250WQAS600-40-110/4;Cutter;250;50.0;110.0;1450;3~380 В;1100.0;52.0;15;0;0;0;CatalogTable;FANCY: каталог FANCY WQAS (10.2023), стр. 2
Fancy;WQAS;300WQAS700-8-30/4;Cutter;300;60.0;30.0;1450;3~380 В;950.0;25.5;11;0;0;0;CatalogTable;FANCY: каталог FANCY WQAS (10.2023), стр. 2
Fancy;WQAS;300WQAS700-11-37/4;Cutter;300;60.0;37.0;1450;3~380 В;1000.0;29.0;12;0;0;0;CatalogTable;FANCY: каталог FANCY WQAS (10.2023), стр. 2
Fancy;WQAS;300WQAS800-12-45/4;Cutter;300;60.0;45.0;1450;3~380 В;1000.0;32.0;12;0;0;0;CatalogTable;FANCY: каталог FANCY WQAS (10.2023), стр. 2
Fancy;WQAS;300WQAS800-15-55/4;Cutter;300;60.0;55.0;1450;3~380 В;1100.0;33.5;14;0;0;0;CatalogTable;FANCY: каталог FANCY WQAS (10.2023), стр. 2
Fancy;WQAS;300WQAS800-20-75/4;Cutter;300;60.0;75.0;1450;3~380 В;1050.0;41.0;13;0;0;0;CatalogTable;FANCY: каталог FANCY WQAS (10.2023), стр. 2
Fancy;WQAS;300WQAS800-25-90/4;Cutter;300;60.0;90.0;1450;3~380 В;1050.0;44.0;13;0;0;0;CatalogTable;FANCY: каталог FANCY WQAS (10.2023), стр. 2
Fancy;WQAS;300WQAS900-30-110/4;Cutter;300;60.0;110.0;1450;3~380 В;1100.0;52.0;14;0;0;0;CatalogTable;FANCY: каталог FANCY WQAS (10.2023), стр. 2
Fancy;WQB;50WQ10-21-2.2/2;MultiChannel;50;20.0;2.2;2900;3~380 В;35.0;23.5;6;0;0;0;CatalogTable;FANCY: каталог FANCY WQB (10.2023), стр. 1
Fancy;WQB;50WQB15-29-3/2;MultiChannel;50;20.0;3.0;2900;3~380 В;45.0;33.5;7;0;0;0;CatalogTable;FANCY: каталог FANCY WQB (10.2023), стр. 1
Fancy;WQB;65WQB15-18-2.2/2;MultiChannel;65;20.0;2.2;2900;3~380 В;55.0;20.0;8;0;0;0;CatalogTable;FANCY: каталог FANCY WQB (10.2023), стр. 1
Fancy;WQB;65WQB25-20-3/2;MultiChannel;65;25.0;3.0;2900;3~380 В;60.0;25.0;9;0;0;0;CatalogTable;FANCY: каталог FANCY WQB (10.2023), стр. 1
Fancy;WQB;65WQB25-26-4/2;MultiChannel;65;25.0;4.0;2900;3~380 В;60.0;29.0;9;0;0;0;CatalogTable;FANCY: каталог FANCY WQB (10.2023), стр. 1
Fancy;WQB;65WQB30-29-5.5/2;MultiChannel;65;25.0;5.5;2900;3~380 В;65.0;35.0;10;0;0;0;CatalogTable;FANCY: каталог FANCY WQB (10.2023), стр. 1
Fancy;WQB;80WQB45-10-2.2/2;MultiChannel;80;25.0;2.2;2900;3~380 В;60.0;18.0;8;0;0;0;CatalogTable;FANCY: каталог FANCY WQB (10.2023), стр. 1
Fancy;WQB;80WQB45-13-3/2;MultiChannel;80;30.0;3.0;2900;3~380 В;70.0;19.5;10;0;0;0;CatalogTable;FANCY: каталог FANCY WQB (10.2023), стр. 1
Fancy;WQB;80WQB50-14-4/2;MultiChannel;80;30.0;4.0;2900;3~380 В;80.0;23.0;11;0;0;0;CatalogTable;FANCY: каталог FANCY WQB (10.2023), стр. 1
Fancy;WQB;80WQB50-18-5.5/2;MultiChannel;80;30.0;5.5;2900;3~380 В;90.0;25.5;12;0;0;0;CatalogTable;FANCY: каталог FANCY WQB (10.2023), стр. 1
Fancy;WQB;80WQB50-20-7.5/2;MultiChannel;80;30.0;7.5;2900;3~380 В;110.0;27.0;14;0;0;0;CatalogTable;FANCY: каталог FANCY WQB (10.2023), стр. 1
Fancy;WQB;80WQB50-30-11/2;MultiChannel;80;30.0;11.0;2900;3~380 В;90.0;43.0;12;0;0;0;CatalogTable;FANCY: каталог FANCY WQB (10.2023), стр. 1
Fancy;WQB;80WQB50-44-15/2;MultiChannel;80;30.0;15.0;2900;3~380 В;90.0;54.0;12;0;0;0;CatalogTable;FANCY: каталог FANCY WQB (10.2023), стр. 1
Fancy;WQB;80WQB60-45-18.5/2;MultiChannel;80;30.0;18.5;2900;3~380 В;110.0;56.0;14;0;0;0;CatalogTable;FANCY: каталог FANCY WQB (10.2023), стр. 1
Fancy;WQB;80WQB60-50-22/2;MultiChannel;80;30.0;22.0;2900;3~380 В;110.0;59.0;14;0;0;0;CatalogTable;FANCY: каталог FANCY WQB (10.2023), стр. 1
Fancy;WQB;100WQB50-12-3/2;MultiChannel;100;30.0;3.0;2900;3~380 В;70.0;18.5;9;0;0;0;CatalogTable;FANCY: каталог FANCY WQB (10.2023), стр. 1
Fancy;WQB;100WQB70-10-4/2;MultiChannel;100;35.0;4.0;2900;3~380 В;90.0;26.5;11;0;0;0;CatalogTable;FANCY: каталог FANCY WQB (10.2023), стр. 1
Fancy;WQB;100WQB70-15-5.5/2;MultiChannel;100;35.0;5.5;2900;3~380 В;100.0;26.0;12;0;0;0;CatalogTable;FANCY: каталог FANCY WQB (10.2023), стр. 1
Fancy;WQB;100WQB70-20-7.5/2;MultiChannel;100;35.0;7.5;2900;3~380 В;120.0;28.0;11;0;0;0;CatalogTable;FANCY: каталог FANCY WQB (10.2023), стр. 1
Fancy;WQB;100WQB100-24-11/2;MultiChannel;100;35.0;11.0;2900;3~380 В;120.0;40.0;11;0;0;0;CatalogTable;FANCY: каталог FANCY WQB (10.2023), стр. 1
Fancy;WQB;100WQB100-30-15/2;MultiChannel;100;35.0;15.0;2900;3~380 В;120.0;49.0;11;0;0;0;CatalogTable;FANCY: каталог FANCY WQB (10.2023), стр. 1
Fancy;WQB;100WQB100-32-18.5/2;MultiChannel;100;35.0;18.5;2900;3~380 В;120.0;53.0;11;0;0;0;CatalogTable;FANCY: каталог FANCY WQB (10.2023), стр. 1
Fancy;WQB;100WQB100-35-22/2;MultiChannel;100;35.0;22.0;2900;3~380 В;120.0;56.0;11;0;0;0;CatalogTable;FANCY: каталог FANCY WQB (10.2023), стр. 1
Fancy;WQB;150WQB100-17-7.5/2;MultiChannel;150;40.0;7.5;2900;3~380 В;200.0;29.0;10;0;0;0;CatalogTable;FANCY: каталог FANCY WQB (10.2023), стр. 1
Fancy;WQB;150WQB100-24-11/2;MultiChannel;150;45.0;11.0;2900;3~380 В;150.0;35.0;8;0;0;0;CatalogTable;FANCY: каталог FANCY WQB (10.2023), стр. 1
Fancy;WQB;150WQB100-30-15/2;MultiChannel;150;45.0;15.0;2900;3~380 В;150.0;43.0;8;0;0;0;CatalogTable;FANCY: каталог FANCY WQB (10.2023), стр. 1
Fancy;WQB;150WQB150-25-18.5/2;MultiChannel;150;45.0;18.5;2900;3~380 В;180.0;47.5;9;0;0;0;CatalogTable;FANCY: каталог FANCY WQB (10.2023), стр. 1
Fancy;WQB;150WQB150-30-22/2;MultiChannel;150;45.0;22.0;2900;3~380 В;180.0;54.0;9;0;0;0;CatalogTable;FANCY: каталог FANCY WQB (10.2023), стр. 1
Fancy;WQB;200WQB220-8-11/2;MultiChannel;200;45.0;11.0;2900;3~380 В;250.0;23.0;6;0;0;0;CatalogTable;FANCY: каталог FANCY WQB (10.2023), стр. 1
Fancy;WQB;200WQB200-18-15/2;MultiChannel;200;50.0;15.0;2900;3~380 В;250.0;29.0;6;0;0;0;CatalogTable;FANCY: каталог FANCY WQB (10.2023), стр. 1
Fancy;WQB;200WQB220-15-18.5/2;MultiChannel;200;50.0;18.5;2900;3~380 В;350.0;27.0;7;0;0;0;CatalogTable;FANCY: каталог FANCY WQB (10.2023), стр. 1
Fancy;WQB;200WQB200-20-22/2;MultiChannel;200;50.0;22.0;2900;3~380 В;350.0;32.0;7;0;0;0;CatalogTable;FANCY: каталог FANCY WQB (10.2023), стр. 1
Fancy;WQB;100WQB100-24-11/4;MultiChannel;100;35.0;11.0;1450;3~380 В;135.0;30.0;5;0;0;0;CatalogTable;FANCY: каталог FANCY WQB (10.2023), стр. 1
Fancy;WQB;100WQB100-28-15/4;MultiChannel;100;35.0;15.0;1450;3~380 В;135.0;36.0;5;0;0;0;CatalogTable;FANCY: каталог FANCY WQB (10.2023), стр. 1
Fancy;WQB;100WQB100-33-18.5/4;MultiChannel;100;35.0;18.5;1450;3~380 В;160.0;38.0;7;0;0;0;CatalogTable;FANCY: каталог FANCY WQB (10.2023), стр. 1
Fancy;WQB;100WQB100-39-22/4;MultiChannel;100;35.0;22.0;1450;3~380 В;150.0;45.0;6;0;0;0;CatalogTable;FANCY: каталог FANCY WQB (10.2023), стр. 1
Fancy;WQB;100WQB120-42-30/4;MultiChannel;100;35.0;30.0;1450;3~380 В;250.0;52.0;10;0;0;0;CatalogTable;FANCY: каталог FANCY WQB (10.2023), стр. 1
Fancy;WQB;100WQB120-48-37/4;MultiChannel;100;35.0;37.0;1450;3~380 В;250.0;56.0;10;0;0;0;CatalogTable;FANCY: каталог FANCY WQB (10.2023), стр. 1
Fancy;WQB;100WQB120-51-45/4;MultiChannel;100;35.0;45.0;1450;3~380 В;250.0;60.0;10;0;0;0;CatalogTable;FANCY: каталог FANCY WQB (10.2023), стр. 1
Fancy;WQB;150WQB200-11-11/4;MultiChannel;150;45.0;11.0;1450;3~380 В;310.0;20.0;9;0;0;0;CatalogTable;FANCY: каталог FANCY WQB (10.2023), стр. 1
Fancy;WQB;150WQB200-16-15/4;MultiChannel;150;45.0;15.0;1450;3~380 В;330.0;23.0;10;0;0;0;CatalogTable;FANCY: каталог FANCY WQB (10.2023), стр. 1
Fancy;WQB;150WQB200-20-18.5/4;MultiChannel;150;45.0;18.5;1450;3~380 В;330.0;26.0;10;0;0;0;CatalogTable;FANCY: каталог FANCY WQB (10.2023), стр. 1
Fancy;WQB;150WQB200-23-22/4;MultiChannel;150;45.0;22.0;1450;3~380 В;330.0;30.0;10;0;0;0;CatalogTable;FANCY: каталог FANCY WQB (10.2023), стр. 1
Fancy;WQB;150WQB180-31-30/4;MultiChannel;150;45.0;30.0;1450;3~380 В;330.0;39.0;10;0;0;0;CatalogTable;FANCY: каталог FANCY WQB (10.2023), стр. 1
Fancy;WQB;150WQB200-37-37/4;MultiChannel;150;45.0;37.0;1450;3~380 В;330.0;46.0;10;0;0;0;CatalogTable;FANCY: каталог FANCY WQB (10.2023), стр. 1
Fancy;WQB;150WQB180-40-45/4;MultiChannel;150;45.0;45.0;1450;3~380 В;310.0;49.0;9;0;0;0;CatalogTable;FANCY: каталог FANCY WQB (10.2023), стр. 1
Fancy;WQB;200WQB250-8-11/4;MultiChannel;200;50.0;11.0;1450;3~380 В;310.0;19.5;7;0;0;0;CatalogTable;FANCY: каталог FANCY WQB (10.2023), стр. 1
Fancy;WQB;200WQB250-14-15/4;MultiChannel;200;50.0;15.0;1450;3~380 В;330.0;23.5;8;0;0;0;CatalogTable;FANCY: каталог FANCY WQB (10.2023), стр. 1
Fancy;WQB;200WQB250-17-18.5/4;MultiChannel;200;55.0;18.5;1450;3~380 В;330.0;25.5;8;0;0;0;CatalogTable;FANCY: каталог FANCY WQB (10.2023), стр. 1
Fancy;WQB;200WQB250-20-22/4;MultiChannel;200;55.0;22.0;1450;3~380 В;330.0;30.0;8;0;0;0;CatalogTable;FANCY: каталог FANCY WQB (10.2023), стр. 1
Fancy;WQB;200WQB250-23-30/4;MultiChannel;200;55.0;30.0;1450;3~380 В;500.0;32.5;11;0;0;0;CatalogTable;FANCY: каталог FANCY WQB (10.2023), стр. 1
Fancy;WQB;200WQB350-25-37/4;MultiChannel;200;55.0;37.0;1450;3~380 В;500.0;40.0;11;0;0;0;CatalogTable;FANCY: каталог FANCY WQB (10.2023), стр. 1
Fancy;WQB;200WQB400-25-45/4;MultiChannel;200;55.0;45.0;1450;3~380 В;500.0;41.5;11;0;0;0;CatalogTable;FANCY: каталог FANCY WQB (10.2023), стр. 1
Fancy;WQB;250WQB500-11-22/4;MultiChannel;250;55.0;22.0;1450;3~380 В;750.0;21.0;7;0;0;0;CatalogTable;FANCY: каталог FANCY WQB (10.2023), стр. 1
Fancy;WQB;250WQB600-10-30/4;MultiChannel;250;65.0;30.0;1450;3~380 В;800.0;20.5;8;0;0;0;CatalogTable;FANCY: каталог FANCY WQB (10.2023), стр. 1
Fancy;WQB;250WQB600-13-37/4;MultiChannel;250;65.0;37.0;1450;3~380 В;900.0;27.0;9;0;0;0;CatalogTable;FANCY: каталог FANCY WQB (10.2023), стр. 1
Fancy;WQB;250WQB600-16-45/4;MultiChannel;250;65.0;45.0;1450;3~380 В;900.0;29.5;9;0;0;0;CatalogTable;FANCY: каталог FANCY WQB (10.2023), стр. 1
Fancy;WQB;300WQB700-10-30/4;MultiChannel;300;70.0;30.0;1450;3~380 В;950.0;22.5;9;0;0;0;CatalogTable;FANCY: каталог FANCY WQB (10.2023), стр. 1
Fancy;WQB;300WQB700-14-37/4;MultiChannel;300;70.0;37.0;1450;3~380 В;1040.0;26.0;11;0;0;0;CatalogTable;FANCY: каталог FANCY WQB (10.2023), стр. 1
Fancy;WQB;300WQB700-16-45/4;MultiChannel;300;70.0;45.0;1450;3~380 В;950.0;28.0;9;0;0;0;CatalogTable;FANCY: каталог FANCY WQB (10.2023), стр. 1
Fancy;WQ…QG;50WQ10-10-0.75QG;Cutter;50;10.0;0.75;2900;3~380 В;18.0;15.0;4;0;0;0;CatalogTable;FANCY: каталог FANCY WQQG (10.2023), стр. 1
Fancy;WQ…QG;50WQ15-10-1.1QG;Cutter;50;10.0;1.1;2900;3~380 В;25.0;17.0;5;0;0;0;CatalogTable;FANCY: каталог FANCY WQQG (10.2023), стр. 1
Fancy;WQ…QG;50WQ15-15-1.5QG;Cutter;50;10.0;1.5;2900;3~380 В;25.0;21.0;5;0;0;0;CatalogTable;FANCY: каталог FANCY WQQG (10.2023), стр. 1
Fancy;WQ…QG;50WQ15-20-2.2QG;Cutter;50;10.0;2.2;2900;3~380 В;30.0;27.0;6;0;0;0;CatalogTable;FANCY: каталог FANCY WQQG (10.2023), стр. 1
Fancy;WQ…QG;50WQ9-22-2.2QG;Cutter;50;10.0;2.2;2900;3~380 В;30.0;27.0;6;0;0;0;CatalogTable;FANCY: каталог FANCY WQQG (10.2023), стр. 1
Fancy;WQ…QG;50WQ15-30-3QG;Cutter;50;10.0;3.0;2900;3~380 В;35.0;35.0;7;0;0;0;CatalogTable;FANCY: каталог FANCY WQQG (10.2023), стр. 1
Fancy;WQ…QG;65WQ15-10-1.1QG;Cutter;65;15.0;1.1;2900;3~380 В;35.0;17.0;7;0;0;0;CatalogTable;FANCY: каталог FANCY WQQG (10.2023), стр. 1
Fancy;WQ…QG;65WQ25-10-1.5QG;Cutter;65;15.0;1.5;2900;3~380 В;40.0;22.5;8;0;0;0;CatalogTable;FANCY: каталог FANCY WQQG (10.2023), стр. 1
Fancy;WQ…QG;65WQ25-17-2.2QG;Cutter;65;15.0;2.2;2900;3~380 В;50.0;27.0;10;0;0;0;CatalogTable;FANCY: каталог FANCY WQQG (10.2023), стр. 1
Fancy;WQ…QG;65WQ25-21-3QG;Cutter;65;15.0;3.0;2900;3~380 В;50.0;30.0;10;0;0;0;CatalogTable;FANCY: каталог FANCY WQQG (10.2023), стр. 1
Fancy;WQ…QG;65WQ25-26-4QG;Cutter;65;15.0;4.0;2900;3~380 В;60.0;37.0;11;0;0;0;CatalogTable;FANCY: каталог FANCY WQQG (10.2023), стр. 1
Fancy;WQ…QG;65WQ30-30-5.5QG;Cutter;65;15.0;5.5;2900;3~380 В;65.0;43.0;12;0;0;0;CatalogTable;FANCY: каталог FANCY WQQG (10.2023), стр. 1
Fancy;WQ…QG;65WQ30-36-7.5QG;Cutter;65;15.0;7.5;2900;3~380 В;75.0;45.0;14;0;0;0;CatalogTable;FANCY: каталог FANCY WQQG (10.2023), стр. 1
Fancy;WQ…QG;80WQ45-9-2.2QG;Cutter;80;20.0;2.2;2900;3~380 В;70.0;20.5;9;0;0;0;CatalogTable;FANCY: каталог FANCY WQQG (10.2023), стр. 1
Fancy;WQ…QG;80WQ43-13-3QG;Cutter;80;20.0;3.0;2900;3~380 В;75.0;25.0;10;0;0;0;CatalogTable;FANCY: каталог FANCY WQQG (10.2023), стр. 1
Fancy;WQ…QG;80WQ45-17-4QG;Cutter;80;20.0;4.0;2900;3~380 В;85.0;27.0;11;0;0;0;CatalogTable;FANCY: каталог FANCY WQQG (10.2023), стр. 1
Fancy;WQ…QG;80WQ40-23-5.5QG;Cutter;80;20.0;5.5;2900;3~380 В;100.0;31.5;12;0;0;0;CatalogTable;FANCY: каталог FANCY WQQG (10.2023), стр. 1
Fancy;WQ…QG;80WQ45-28-7.5QG;Cutter;80;20.0;7.5;2900;3~380 В;110.0;37.0;13;0;0;0;CatalogTable;FANCY: каталог FANCY WQQG (10.2023), стр. 1
Fancy;WQ…QG;100WQ65-12-4QG;Cutter;100;20.0;4.0;2900;3~380 В;100.0;27.0;12;0;0;0;CatalogTable;FANCY: каталог FANCY WQQG (10.2023), стр. 1
Fancy;WQ…QG;100WQ65-17-5.5QG;Cutter;100;20.0;5.5;2900;3~380 В;110.0;30.5;13;0;0;0;CatalogTable;FANCY: каталог FANCY WQQG (10.2023), стр. 1
Fancy;WQ…QG;100WQ65-23-7.5QG;Cutter;100;20.0;7.5;2900;3~380 В;135.0;37.0;14;0;0;0;CatalogTable;FANCY: каталог FANCY WQQG (10.2023), стр. 1
Fancy;WQ…QG;150WQ100-12-7.5QG;Cutter;150;30.0;7.5;2900;3~380 В;170.0;28.5;10;0;0;0;CatalogTable;FANCY: каталог FANCY WQQG (10.2023), стр. 1
Fancy;WQV;WQV50/0.75;Vortex;50;0;0.75;2900;1~220 В / 3~380 В;15.0;13.5;3;0;0;0;CatalogTable;FANCY: каталог FANCY WQV 2025, стр. 1
Fancy;WQV;WQV50/1.1;Vortex;50;0;1.1;2900;1~220 В / 3~380 В;20.0;15.6;4;0;0;0;CatalogTable;FANCY: каталог FANCY WQV 2025, стр. 1
Fancy;WQV;WQV50/1.5;Vortex;50;0;1.5;2900;1~220 В / 3~380 В;35.0;20.5;7;0;0;0;CatalogTable;FANCY: каталог FANCY WQV 2025, стр. 1
Fancy;WQV;WQV50/2.2;Vortex;50;0;2.2;2900;3~380 В;40.0;22.2;8;0;0;0;CatalogTable;FANCY: каталог FANCY WQV 2025, стр. 1
Fancy;WQV;WQV50/3;Vortex;50;0;3.0;2900;3~380 В;40.0;25.2;8;0;0;0;CatalogTable;FANCY: каталог FANCY WQV 2025, стр. 1
Fancy;WQV;WQV50/4;Vortex;50;0;4.0;1450;3~380 В;40.0;31.8;8;0;0;0;CatalogTable;FANCY: каталог FANCY WQV 2025, стр. 1
Fancy;WQV;WQV50/5.5;Vortex;50;0;5.5;2900;3~380 В;40.0;43.3;8;0;0;0;CatalogTable;FANCY: каталог FANCY WQV 2025, стр. 1
Fancy;WQV;WQV50/7.5;Vortex;50;0;7.5;2900;3~380 В;50.0;45.7;10;0;0;0;CatalogTable;FANCY: каталог FANCY WQV 2025, стр. 1
Fancy;WQV;WQV50/9.2;Vortex;50;0;9.2;2900;3~380 В;55.0;47.9;11;0;0;0;CatalogTable;FANCY: каталог FANCY WQV 2025, стр. 1
Fancy;WQV;WQV50/11;Vortex;50;0;11.0;2900;3~380 В;45.0;60.3;9;0;0;0;CatalogTable;FANCY: каталог FANCY WQV 2025, стр. 1
Fancy;WQV;WQV50/15;Vortex;50;0;15.0;2900;3~380 В;65.0;76.3;12;0;0;0;CatalogTable;FANCY: каталог FANCY WQV 2025, стр. 1
Fancy;WQV;WQV65/1.5;Vortex;65;0;1.5;2900;1~220 В / 3~380 В;35.0;19.2;6;0;0;0;CatalogTable;FANCY: каталог FANCY WQV 2025, стр. 1
Fancy;WQV;WQV65/2.2;Vortex;65;0;2.2;2900;3~380 В;45.0;21.7;7;0;0;0;CatalogTable;FANCY: каталог FANCY WQV 2025, стр. 1
Fancy;WQV;WQV65/3;Vortex;65;0;3.0;2900;3~380 В;50.0;24.5;8;0;0;0;CatalogTable;FANCY: каталог FANCY WQV 2025, стр. 1
Fancy;WQV;WQV65/4;Vortex;65;0;4.0;1450;3~380 В;70.0;29.0;11;0;0;0;CatalogTable;FANCY: каталог FANCY WQV 2025, стр. 1
Fancy;WQV;WQV65/5.5;Vortex;65;0;5.5;2900;3~380 В;80.0;31.9;13;0;0;0;CatalogTable;FANCY: каталог FANCY WQV 2025, стр. 1
Fancy;WQV;WQV65/7.5;Vortex;65;0;7.5;2900;3~380 В;80.0;31.1;13;0;0;0;CatalogTable;FANCY: каталог FANCY WQV 2025, стр. 1
Fancy;WQV;WQV80/2.2;Vortex;80;0;2.2;2900;3~380 В;50.0;23.0;7;0;0;0;CatalogTable;FANCY: каталог FANCY WQV 2025, стр. 1
Fancy;WQV;WQV80/3;Vortex;80;0;3.0;2900;3~380 В;65.0;25.6;9;0;0;0;CatalogTable;FANCY: каталог FANCY WQV 2025, стр. 1
Fancy;WQV;WQV80/4;Vortex;80;0;4.0;1450;3~380 В;75.0;28.9;11;0;0;0;CatalogTable;FANCY: каталог FANCY WQV 2025, стр. 1
Fancy;WQV;WQV80/5.5;Vortex;80;0;5.5;2900;3~380 В;85.0;31.9;13;0;0;0;CatalogTable;FANCY: каталог FANCY WQV 2025, стр. 1
Fancy;WQV;WQV80/7.5;Vortex;80;0;7.5;2900;3~380 В;100.0;32.2;15;0;0;0;CatalogTable;FANCY: каталог FANCY WQV 2025, стр. 1
Fancy;WQV;WQV80/11;Vortex;80;0;11.0;2900;3~380 В;135.0;37.8;12;0;0;0;CatalogTable;FANCY: каталог FANCY WQV 2025, стр. 1
Fancy;WQV;WQV80/15;Vortex;80;0;15.0;2900;3~380 В;160.0;49.1;14;0;0;0;CatalogTable;FANCY: каталог FANCY WQV 2025, стр. 1
Fancy;WQV;WQV80/18.5;Vortex;80;0;18.5;2900;3~380 В;170.0;47.5;14;0;0;0;CatalogTable;FANCY: каталог FANCY WQV 2025, стр. 1
Fancy;WQV;WQV80/22;Vortex;80;0;22.0;2900;3~380 В;170.0;49.8;14;0;0;0;CatalogTable;FANCY: каталог FANCY WQV 2025, стр. 1
Fancy;WQV;WQV100/3;Vortex;100;0;3.0;2900;3~380 В;70.0;24.9;5;0;0;0;CatalogTable;FANCY: каталог FANCY WQV 2025, стр. 1
Fancy;WQV;WQV100/4;Vortex;100;0;4.0;1450;3~380 В;85.0;25.3;6;0;0;0;CatalogTable;FANCY: каталог FANCY WQV 2025, стр. 1
Fancy;WQV;WQV100/5.5;Vortex;100;0;5.5;2900;3~380 В;110.0;31.0;8;0;0;0;CatalogTable;FANCY: каталог FANCY WQV 2025, стр. 1
Fancy;WQV;WQV100/7.5;Vortex;100;0;7.5;2900;3~380 В;145.0;33.9;11;0;0;0;CatalogTable;FANCY: каталог FANCY WQV 2025, стр. 1
Fancy;WQV;WQV100/11;Vortex;100;0;11.0;2900;3~380 В;170.0;40.1;11;0;0;0;CatalogTable;FANCY: каталог FANCY WQV 2025, стр. 1
Fancy;WQV;WQV100/15;Vortex;100;0;15.0;2900;3~380 В;170.0;48.4;11;0;0;0;CatalogTable;FANCY: каталог FANCY WQV 2025, стр. 1
Fancy;WQV;WQV100/18.5;Vortex;100;0;18.5;2900;3~380 В;240.0;46.2;16;0;0;0;CatalogTable;FANCY: каталог FANCY WQV 2025, стр. 1
Fancy;WQV;WQV100/22;Vortex;100;0;22.0;2900;3~380 В;255.0;52.0;17;0;0;0;CatalogTable;FANCY: каталог FANCY WQV 2025, стр. 1
Fancy;WQV;WQV150/7.5;Vortex;150;0;7.5;2900;3~380 В;145.0;32.2;9;0;0;0;CatalogTable;FANCY: каталог FANCY WQV 2025, стр. 1
Fancy;WQV;WQV150/11;Vortex;150;0;11.0;2900;3~380 В;220.0;29.9;14;0;0;0;CatalogTable;FANCY: каталог FANCY WQV 2025, стр. 1
Fancy;WQV;WQV150/15;Vortex;150;0;15.0;2900;3~380 В;220.0;35.5;14;0;0;0;CatalogTable;FANCY: каталог FANCY WQV 2025, стр. 1
Fancy;WQV;WQV150/18.5;Vortex;150;0;18.5;2900;3~380 В;320.0;41.1;18;0;0;0;CatalogTable;FANCY: каталог FANCY WQV 2025, стр. 1
Fancy;WQV;WQV150/22;Vortex;150;0;22.0;2900;3~380 В;280.0;51.0;16;0;0;0;CatalogTable;FANCY: каталог FANCY WQV 2025, стр. 1
Fancy;WQV;WQV200/11;Vortex;200;0;11.0;2900;3~380 В;230.0;29.4;12;0;0;0;CatalogTable;FANCY: каталог FANCY WQV 2025, стр. 1
Fancy;WQV;WQV200/15;Vortex;200;0;15.0;2900;3~380 В;230.0;36.0;12;0;0;0;CatalogTable;FANCY: каталог FANCY WQV 2025, стр. 1
Fancy;WQV;WQV200/18.5;Vortex;200;0;18.5;2900;3~380 В;290.0;44.0;16;0;0;0;CatalogTable;FANCY: каталог FANCY WQV 2025, стр. 1
Fancy;WQV;WQV200/22;Vortex;200;0;22.0;2900;3~380 В;290.0;48.9;16;0;0;0;CatalogTable;FANCY: каталог FANCY WQV 2025, стр. 1
Fancy;WQV;WQV4-80/11;Vortex;80;0;11.0;1450;3~380 В;125.0;26.6;8;0;0;0;CatalogTable;FANCY: каталог FANCY WQV 2025, стр. 2
Fancy;WQV;WQV4-80/15;Vortex;80;0;15.0;1450;3~380 В;135.0;30.1;10;0;0;0;CatalogTable;FANCY: каталог FANCY WQV 2025, стр. 2
Fancy;WQV;WQV4-100/11;Vortex;100;0;11.0;1450;3~380 В;210.0;26.8;14;0;0;0;CatalogTable;FANCY: каталог FANCY WQV 2025, стр. 2
Fancy;WQV;WQV4-100/15;Vortex;100;0;15.0;1450;3~380 В;220.0;29.1;15;0;0;0;CatalogTable;FANCY: каталог FANCY WQV 2025, стр. 2
Fancy;WQV;WQV4-100/18.5;Vortex;100;0;18.5;1450;3~380 В;180.0;37.1;12;0;0;0;CatalogTable;FANCY: каталог FANCY WQV 2025, стр. 2
Fancy;WQV;WQV4-100/22;Vortex;100;0;22.0;1450;3~380 В;210.0;44.2;14;0;0;0;CatalogTable;FANCY: каталог FANCY WQV 2025, стр. 2
Fancy;WQV;WQV4-150/11;Vortex;150;0;11.0;1450;3~380 В;260.0;24.2;7;0;0;0;CatalogTable;FANCY: каталог FANCY WQV 2025, стр. 2
Fancy;WQV;WQV4-150/15;Vortex;150;0;15.0;1450;3~380 В;350.0;28.2;9;0;0;0;CatalogTable;FANCY: каталог FANCY WQV 2025, стр. 2
Fancy;WQV;WQV4-150/18.5;Vortex;150;0;18.5;1450;3~380 В;400.0;30.6;11;0;0;0;CatalogTable;FANCY: каталог FANCY WQV 2025, стр. 2
Fancy;WQV;WQV4-150/22;Vortex;150;0;22.0;1450;3~380 В;400.0;35.6;11;0;0;0;CatalogTable;FANCY: каталог FANCY WQV 2025, стр. 2
Fancy;WQV;WQV4-150/30;Vortex;150;0;30.0;1450;3~380 В;490.0;29.2;14;0;0;0;CatalogTable;FANCY: каталог FANCY WQV 2025, стр. 2
Fancy;WQV;WQV4-150/37;Vortex;150;0;37.0;1450;3~380 В;540.0;31.2;16;0;0;0;CatalogTable;FANCY: каталог FANCY WQV 2025, стр. 2
Fancy;WQV;WQV4-150/45;Vortex;150;0;45.0;1450;3~380 В;580.0;34.3;17;0;0;0;CatalogTable;FANCY: каталог FANCY WQV 2025, стр. 2
Fancy;WQV;WQV4-200/18.5;Vortex;200;0;18.5;1450;3~380 В;440.0;28.5;10;0;0;0;CatalogTable;FANCY: каталог FANCY WQV 2025, стр. 2
Fancy;WQV;WQV4-200/22;Vortex;200;0;22.0;1450;3~380 В;400.0;32.7;9;0;0;0;CatalogTable;FANCY: каталог FANCY WQV 2025, стр. 2
Fancy;WQV;WQV4-200/30;Vortex;200;0;30.0;1450;3~380 В;700.0;28.6;14;0;0;0;CatalogTable;FANCY: каталог FANCY WQV 2025, стр. 2
Fancy;WQV;WQV4-200/37;Vortex;200;0;37.0;1450;3~380 В;650.0;31.2;13;0;0;0;CatalogTable;FANCY: каталог FANCY WQV 2025, стр. 2
Fancy;WQV;WQV4-200/45;Vortex;200;0;45.0;1450;3~380 В;760.0;35.0;15;0;0;0;CatalogTable;FANCY: каталог FANCY WQV 2025, стр. 2
Fancy;WQV;WQV4-200/55;Vortex;200;0;55.0;1450;3~380 В;880.0;43.6;16;0;0;0;CatalogTable;FANCY: каталог FANCY WQV 2025, стр. 2
Fancy;WQV;WQV4-200/75;Vortex;200;0;75.0;1450;3~380 В;880.0;48.5;16;0;0;0;CatalogTable;FANCY: каталог FANCY WQV 2025, стр. 2
Fancy;WQV;WQV4-200/90;Vortex;200;0;90.0;1450;3~380 В;960.0;54.9;17;0;0;0;CatalogTable;FANCY: каталог FANCY WQV 2025, стр. 2
Fancy;WQV;WQV4-250/30;Vortex;250;0;30.0;1450;3~380 В;800.0;32.2;13;0;0;0;CatalogTable;FANCY: каталог FANCY WQV 2025, стр. 2
Fancy;WQV;WQV4-250/37;Vortex;250;0;37.0;1450;3~380 В;800.0;34.5;13;0;0;0;CatalogTable;FANCY: каталог FANCY WQV 2025, стр. 2
Fancy;WQV;WQV4-250/45;Vortex;250;0;45.0;1450;3~380 В;800.0;36.8;13;0;0;0;CatalogTable;FANCY: каталог FANCY WQV 2025, стр. 2
Fancy;WQV;WQV4-250/55;Vortex;250;0;55.0;1450;3~380 В;920.0;41.5;14;0;0;0;CatalogTable;FANCY: каталог FANCY WQV 2025, стр. 2
Fancy;WQV;WQV4-250/75;Vortex;250;0;75.0;1450;3~380 В;920.0;46.2;14;0;0;0;CatalogTable;FANCY: каталог FANCY WQV 2025, стр. 2
Fancy;WQV;WQV4-250/90;Vortex;250;0;90.0;1450;3~380 В;1000.0;52.2;16;0;0;0;CatalogTable;FANCY: каталог FANCY WQV 2025, стр. 2
Fancy;WQV;WQV4-300/30;Vortex;300;0;30.0;1450;3~380 В;760.0;28.7;12;0;0;0;CatalogTable;FANCY: каталог FANCY WQV 2025, стр. 2
Fancy;WQV;WQV4-300/37;Vortex;300;0;37.0;1450;3~380 В;720.0;33.8;11;0;0;0;CatalogTable;FANCY: каталог FANCY WQV 2025, стр. 2
Fancy;WQV;WQV4-300/45;Vortex;300;0;45.0;1450;3~380 В;670.0;38.9;9;0;0;0;CatalogTable;FANCY: каталог FANCY WQV 2025, стр. 2
Fancy;WQV;WQV4-300/55;Vortex;300;0;55.0;1450;3~380 В;960.0;39.6;15;0;0;0;CatalogTable;FANCY: каталог FANCY WQV 2025, стр. 2
Fancy;WQV;WQV4-300/75;Vortex;300;0;75.0;1450;3~380 В;960.0;44.1;15;0;0;0;CatalogTable;FANCY: каталог FANCY WQV 2025, стр. 2
Fancy;WQV;WQV4-300/90;Vortex;300;0;90.0;1450;3~380 В;1060.0;49.9;17;0;0;0;CatalogTable;FANCY: каталог FANCY WQV 2025, стр. 2
Fancy;WQK;WQK50/1.5;Vortex;50;0;1.5;2900;1~220 В / 3~380 В;30.0;;5;0;0;0;CatalogTable;FANCY: каталог FANCY WQK, стр. 1
Fancy;WQK;WQK50/2.2;Vortex;50;0;2.2;2900;3~380 В;33.0;;6;0;0;0;CatalogTable;FANCY: каталог FANCY WQK, стр. 1
Fancy;WQK;WQK50/3;Vortex;50;0;3.0;2900;3~380 В;36.0;;7;0;0;0;CatalogTable;FANCY: каталог FANCY WQK, стр. 1
Fancy;WQK;WQK50/4;Vortex;50;0;4.0;1450;3~380 В;42.0;;8;0;0;0;CatalogTable;FANCY: каталог FANCY WQK, стр. 1
Fancy;WQK;WQK65/1.5;Vortex;65;0;1.5;2900;1~220 В / 3~380 В;45.0;;8;0;0;0;CatalogTable;FANCY: каталог FANCY WQK, стр. 1
Fancy;WQK;WQK65/2.2;Vortex;65;0;2.2;2900;3~380 В;48.0;;9;0;0;0;CatalogTable;FANCY: каталог FANCY WQK, стр. 1
Fancy;WQK;WQK65/3;Vortex;65;0;3.0;2900;3~380 В;54.0;;10;0;0;0;CatalogTable;FANCY: каталог FANCY WQK, стр. 1
Fancy;WQK;WQK65/4;Vortex;65;0;4.0;1450;3~380 В;63.0;;12;0;0;0;CatalogTable;FANCY: каталог FANCY WQK, стр. 1
Fancy;WQK;WQK80/1.5;Vortex;80;0;1.5;2900;1~220 В / 3~380 В;42.0;;7;0;0;0;CatalogTable;FANCY: каталог FANCY WQK, стр. 1
Fancy;WQK;WQK80/2.2;Vortex;80;0;2.2;2900;3~380 В;48.0;;9;0;0;0;CatalogTable;FANCY: каталог FANCY WQK, стр. 1
Fancy;WQK;WQK80/3;Vortex;80;0;3.0;2900;3~380 В;60.0;;11;0;0;0;CatalogTable;FANCY: каталог FANCY WQK, стр. 1
Fancy;WQK;WQK80/4;Vortex;80;0;4.0;1450;3~380 В;66.0;;13;0;0;0;CatalogTable;FANCY: каталог FANCY WQK, стр. 1
Fancy;WQK;WQK80/5.5;Vortex;80;0;5.5;2900;3~380 В;84.0;;15;0;0;0;CatalogTable;FANCY: каталог FANCY WQK, стр. 1
Fancy;WQK;WQK80/7.5;Vortex;80;0;7.5;2900;3~380 В;88.02;;16;0;0;0;CatalogTable;FANCY: каталог FANCY WQK, стр. 1
Fancy;WQK;WQK100/3;Vortex;100;0;3.0;2900;3~380 В;63.0;;10;0;0;0;CatalogTable;FANCY: каталог FANCY WQK, стр. 1
Fancy;WQK;WQK100/4;Vortex;100;0;4.0;1450;3~380 В;75.0;;12;0;0;0;CatalogTable;FANCY: каталог FANCY WQK, стр. 1
Fancy;WQK;WQK100/5.5;Vortex;100;0;5.5;2900;3~380 В;88.02;;14;0;0;0;CatalogTable;FANCY: каталог FANCY WQK, стр. 1
Fancy;WQK;WQK100/7.5;Vortex;100;0;7.5;2900;3~380 В;88.02;;14;0;0;0;CatalogTable;FANCY: каталог FANCY WQK, стр. 1
Fancy;WQK;WQK150/5.5;Vortex;150;0;5.5;2900;3~380 В;88.02;;11;0;0;0;CatalogTable;FANCY: каталог FANCY WQK, стр. 1
Fancy;WQK;WQK150/7.5;Vortex;150;0;7.5;2900;3~380 В;91.98;;12;0;0;0;CatalogTable;FANCY: каталог FANCY WQK, стр. 1
Fancy;QDX/QDXS;QDX1.5-12-0.25T;Unknown;25;0.2;0.25;2900;1~220 В / 3~380 В;5.4;;3;0;0;0;CatalogTable;FANCY: каталог FANCY QDX/QDXS, стр. 1
Fancy;QDX/QDXS;QDX1.5-16-0.37T;Unknown;25;0.2;0.37;2900;1~220 В / 3~380 В;6.6;;4;0;0;0;CatalogTable;FANCY: каталог FANCY QDX/QDXS, стр. 1
Fancy;QDX/QDXS;QDX6-10-0.37T;Unknown;40;0.2;0.37;2900;1~220 В / 3~380 В;12.0;;7;0;0;0;CatalogTable;FANCY: каталог FANCY QDX/QDXS, стр. 1
Fancy;QDX/QDXS;QDX1.5-25-0.55T;Unknown;25;0.2;0.55;2900;1~220 В / 3~380 В;6.6;;4;0;0;0;CatalogTable;FANCY: каталог FANCY QDX/QDXS, стр. 1
Fancy;QDX/QDXS;QDX3-20-0.55T;Unknown;25;0.2;0.55;2900;1~220 В / 3~380 В;9.0;;6;0;0;0;CatalogTable;FANCY: каталог FANCY QDX/QDXS, стр. 1
Fancy;QDX/QDXS;QDX10-10-0.55T;Unknown;40;0.2;0.55;2900;1~220 В / 3~380 В;13.8;;8;0;0;0;CatalogTable;FANCY: каталог FANCY QDX/QDXS, стр. 1
Fancy;QDX/QDXS;QDX1.5-32-0.75T;Unknown;25;0.2;0.75;2900;1~220 В / 3~380 В;8.4;;5;0;0;0;CatalogTable;FANCY: каталог FANCY QDX/QDXS, стр. 1
Fancy;QDX/QDXS;QDX7-18-0.75T;Unknown;40;0.2;0.75;2900;1~220 В / 3~380 В;17.4;;11;0;0;0;CatalogTable;FANCY: каталог FANCY QDX/QDXS, стр. 1
Fancy;QDX/QDXS;QDX3-32-1.1T;Unknown;25;0.2;1.1;2900;1~220 В / 3~380 В;9.0;;6;0;0;0;CatalogTable;FANCY: каталог FANCY QDX/QDXS, стр. 1
Fancy;QDX/QDXS;QDX6-26-1.1T;Unknown;40;0.2;1.1;2900;1~220 В / 3~380 В;14.7;;9;0;0;0;CatalogTable;FANCY: каталог FANCY QDX/QDXS, стр. 1
Fancy;QDX/QDXS;QDX6-33-1.5T;Unknown;40;0.2;1.5;2900;1~220 В / 3~380 В;16.2;;10;0;0;0;CatalogTable;FANCY: каталог FANCY QDX/QDXS, стр. 1
Fancy;QDX/QDXS;QDX10-16-0.75T;Unknown;50;0.2;0.75;2900;1~220 В / 3~380 В;21.0;;4;0;0;0;CatalogTable;FANCY: каталог FANCY QDX/QDXS, стр. 1
Fancy;QDX/QDXS;QDX15-10-0.75T;Unknown;65;0.2;0.75;2900;1~220 В / 3~380 В;24.0;;5;0;0;0;CatalogTable;FANCY: каталог FANCY QDX/QDXS, стр. 1
Fancy;QDX/QDXS;QDX30-6-0.75T;Unknown;80;0.2;0.75;2900;1~220 В / 3~380 В;42.0;;8;0;0;0;CatalogTable;FANCY: каталог FANCY QDX/QDXS, стр. 1
Fancy;QDX/QDXS;QDX14-16-1.1T;Unknown;50;0.2;1.1;2900;1~220 В / 3~380 В;24.0;;5;0;0;0;CatalogTable;FANCY: каталог FANCY QDX/QDXS, стр. 1
Fancy;QDX/QDXS;QDX15-15-1.1T;Unknown;65;0.2;1.1;2900;1~220 В / 3~380 В;24.0;;5;0;0;0;CatalogTable;FANCY: каталог FANCY QDX/QDXS, стр. 1
Fancy;QDX/QDXS;QDX40-7-1.1T;Unknown;80;0.2;1.1;2900;1~220 В / 3~380 В;54.0;;9;0;0;0;CatalogTable;FANCY: каталог FANCY QDX/QDXS, стр. 1
Fancy;QDX/QDXS;QDX15-18-1.5T;Unknown;65;0.2;1.5;2900;1~220 В / 3~380 В;31.2;;6;0;0;0;CatalogTable;FANCY: каталог FANCY QDX/QDXS, стр. 1
Fancy;QDX/QDXS;QDX40-9-1.5T;Unknown;80;0.2;1.5;2900;1~220 В / 3~380 В;57.6;;10;0;0;0;CatalogTable;FANCY: каталог FANCY QDX/QDXS, стр. 1
Fancy;QDX/QDXS;QDX60-7-2.2T;Unknown;100;0.2;2.2;2900;1~220 В / 3~380 В;72.0;;11;0;0;0;CatalogTable;FANCY: каталог FANCY QDX/QDXS, стр. 1
Fancy;VD;VD370T;Cutter;40;10.0;0.37;2900;1~220 В / 3~380 В;7.2;;4;0;0;0;CatalogTable;FANCY: каталог FANCY VD, стр. 1
Fancy;VD;VD550T;Cutter;50;13.0;0.55;2900;1~220 В / 3~380 В;15.6;;7;0;0;0;CatalogTable;FANCY: каталог FANCY VD, стр. 1
Fancy;VD;VD750T;Cutter;50;15.0;0.75;2900;1~220 В / 3~380 В;15.0;;6;0;0;0;CatalogTable;FANCY: каталог FANCY VD, стр. 1
Fancy;VD;VD1100T;Cutter;50;25.0;1.1;2900;1~220 В / 3~380 В;17.4;;8;0;0;0;CatalogTable;FANCY: каталог FANCY VD, стр. 1
Fancy;VD;VD1300T;Cutter;50;25.0;1.3;2900;1~220 В / 3~380 В;18.3;;9;0;0;0;CatalogTable;FANCY: каталог FANCY VD, стр. 1
Fancy;VD;VD1500T;Cutter;50;25.0;1.5;2900;1~220 В / 3~380 В;18.3;;9;0;0;0;CatalogTable;FANCY: каталог FANCY VD, стр. 1
Fancy;VD;VD2200T;Cutter;80;25.0;2.2;2900;1~220 В / 3~380 В;20.0;;10;0;0;0;CatalogTable;FANCY: каталог FANCY VD, стр. 1
Fancy;WQH;WQH40/0.9;Unknown;40;0;0.9;2900;1~220 В / 3~380 В;13.98;15.0;8;0;0;0;CatalogTable;FANCY: каталог FANCY WQH, стр. 1
Fancy;WQH;WQH40/1.2;Unknown;40;0;1.2;2900;1~220 В / 3~380 В;16.02;22.0;9;0;0;0;CatalogTable;FANCY: каталог FANCY WQH, стр. 1
Fancy;WQH;WQH40/1.5;Unknown;40;0;1.5;2900;3~380 В;19.02;26.0;10;0;0;0;CatalogTable;FANCY: каталог FANCY WQH, стр. 1
Fancy;WQH;WQH40/2.6;Unknown;40;0;2.6;2900;3~380 В;21.0;32.0;12;0;0;0;CatalogTable;FANCY: каталог FANCY WQH, стр. 1
Fancy;WQH;WQH40/3.1;Unknown;40;0;3.1;2900;3~380 В;21.48;39.0;13;0;0;0;CatalogTable;FANCY: каталог FANCY WQH, стр. 1
Fancy;WQH;WQH40/4;Unknown;40;0;4.0;1450;3~380 В;19.98;44.5;11;0;0;0;CatalogTable;FANCY: каталог FANCY WQH, стр. 1
KQ (Kaiquan);WQ/EC;50WQ/EC10-16-1.1;SingleChannel;50;19.0;1.1;2825;3~380 В;17.5;19.93;16;10;0;0;CatalogTable;KQ (Kaiquan) «WQ/EC — погружные канализационные насосы мощностью до 7,5 кВт», рус. изд. 10.2022, стр. PDF 11
KQ (Kaiquan);WQ/EC;50WQ/EC10-12-0.75;SingleChannel;50;19.0;0.75;2825;3~380 В;15.83;17.02;16;10;0;0;CatalogTable;KQ (Kaiquan) «WQ/EC — погружные канализационные насосы мощностью до 7,5 кВт», рус. изд. 10.2022, стр. PDF 11
KQ (Kaiquan);WQ/EC;50WQ/EC10-25-2.2;SingleChannel;50;27.0;2.2;2840;3~380 В;22.49;29.72;16;10;0;0;CatalogTable;KQ (Kaiquan) «WQ/EC — погружные канализационные насосы мощностью до 7,5 кВт», рус. изд. 10.2022, стр. PDF 12
KQ (Kaiquan);WQ/EC;50WQ/EC10-20-1.5;SingleChannel;50;27.0;1.5;2840;3~380 В;18.65;24.21;16;10;0;0;CatalogTable;KQ (Kaiquan) «WQ/EC — погружные канализационные насосы мощностью до 7,5 кВт», рус. изд. 10.2022, стр. PDF 12
KQ (Kaiquan);WQ/EC;50WQ/EC20-10.5-1.1;SingleChannel;50;27.0;1.1;2825;3~380 В;37.23;14.77;16;10;0;0;CatalogTable;KQ (Kaiquan) «WQ/EC — погружные канализационные насосы мощностью до 7,5 кВт», рус. изд. 10.2022, стр. PDF 12
KQ (Kaiquan);WQ/EC;50WQ/EC20-6.5-0.75;SingleChannel;50;27.0;0.75;2825;3~380 В;32.43;10.45;16;10;0;0;CatalogTable;KQ (Kaiquan) «WQ/EC — погружные канализационные насосы мощностью до 7,5 кВт», рус. изд. 10.2022, стр. PDF 12
KQ (Kaiquan);WQ/EC;50WQ/EC20-31-4;SingleChannel;50;26.5;4.0;2890;3~380 В;32.23;35.78;16;10;0;0;CatalogTable;KQ (Kaiquan) «WQ/EC — погружные канализационные насосы мощностью до 7,5 кВт», рус. изд. 10.2022, стр. PDF 13
KQ (Kaiquan);WQ/EC;50WQ/EC15-30-3;SingleChannel;50;26.5;3.0;2880;3~380 В;23.36;32.68;16;10;0;0;CatalogTable;KQ (Kaiquan) «WQ/EC — погружные канализационные насосы мощностью до 7,5 кВт», рус. изд. 10.2022, стр. PDF 13
KQ (Kaiquan);WQ/EC;50WQ/EC20-14-1.5;SingleChannel;50;31.0;1.5;2840;3~380 В;37.38;19.6;16;10;0;0;CatalogTable;KQ (Kaiquan) «WQ/EC — погружные канализационные насосы мощностью до 7,5 кВт», рус. изд. 10.2022, стр. PDF 13
KQ (Kaiquan);WQ/EC;50WQ/EC20-42-5.5;SingleChannel;50;26.0;5.5;2920;3~380 В;34.71;48.46;16;10;0;0;CatalogTable;KQ (Kaiquan) «WQ/EC — погружные канализационные насосы мощностью до 7,5 кВт», рус. изд. 10.2022, стр. PDF 14
KQ (Kaiquan);WQ/EC;50WQ/EC30-10-1.5;SingleChannel;50;32.0;1.5;2840;3~380 В;47.78;16.49;16;10;0;0;CatalogTable;KQ (Kaiquan) «WQ/EC — погружные канализационные насосы мощностью до 7,5 кВт», рус. изд. 10.2022, стр. PDF 14
KQ (Kaiquan);WQ/EC;50WQ/EC30-14-2.2;SingleChannel;50;36.0;2.2;2840;3~380 В;39.82;23.76;16;10;0;0;CatalogTable;KQ (Kaiquan) «WQ/EC — погружные канализационные насосы мощностью до 7,5 кВт», рус. изд. 10.2022, стр. PDF 15
KQ (Kaiquan);WQ/EC;65WQ/EC40-22-4;SingleChannel;65;33.0;4.0;2890;3~380 В;64.59;34.03;16;10;0;0;CatalogTable;KQ (Kaiquan) «WQ/EC — погружные канализационные насосы мощностью до 7,5 кВт», рус. изд. 10.2022, стр. PDF 15
KQ (Kaiquan);WQ/EC;65WQ/EC30-18.5-3;SingleChannel;65;33.0;3.0;2880;3~380 В;58.25;28.71;16;10;0;0;CatalogTable;KQ (Kaiquan) «WQ/EC — погружные канализационные насосы мощностью до 7,5 кВт», рус. изд. 10.2022, стр. PDF 15
KQ (Kaiquan);WQ/EC;65WQ/EC40-38-7.5;SingleChannel;65;33.0;7.5;2920;3~380 В;63.84;49.47;16;10;0;0;CatalogTable;KQ (Kaiquan) «WQ/EC — погружные канализационные насосы мощностью до 7,5 кВт», рус. изд. 10.2022, стр. PDF 16
KQ (Kaiquan);WQ/EC;65WQ/EC40-30-5.5;SingleChannel;65;33.0;5.5;2920;3~380 В;63.84;40.01;16;10;0;0;CatalogTable;KQ (Kaiquan) «WQ/EC — погружные канализационные насосы мощностью до 7,5 кВт», рус. изд. 10.2022, стр. PDF 16
KQ (Kaiquan);WQ/EC;80WQ/EC50-10-2.2;SingleChannel;80;36.0;2.2;2840;3~380 В;74.87;18.17;16;10;0;0;CatalogTable;KQ (Kaiquan) «WQ/EC — погружные канализационные насосы мощностью до 7,5 кВт», рус. изд. 10.2022, стр. PDF 16
KQ (Kaiquan);WQ/EC;80WQ/EC55-16-4;SingleChannel;80;40.0;4.0;2890;3~380 В;95.0;26.96;16;10;0;0;CatalogTable;KQ (Kaiquan) «WQ/EC — погружные канализационные насосы мощностью до 7,5 кВт», рус. изд. 10.2022, стр. PDF 17
KQ (Kaiquan);WQ/EC;80WQ/EC55-11-3;SingleChannel;80;40.0;3.0;2880;3~380 В;81.6;22.55;16;10;0;0;CatalogTable;KQ (Kaiquan) «WQ/EC — погружные канализационные насосы мощностью до 7,5 кВт», рус. изд. 10.2022, стр. PDF 17
KQ (Kaiquan);WQ/EC;80WQ/EC55-25-7.5;SingleChannel;80;39.0;7.5;2920;3~380 В;110.44;35.0;16;10;0;0;CatalogTable;KQ (Kaiquan) «WQ/EC — погружные канализационные насосы мощностью до 7,5 кВт», рус. изд. 10.2022, стр. PDF 17
KQ (Kaiquan);WQ/EC;80WQ/EC55-20-5.5;SingleChannel;80;39.0;5.5;2920;3~380 В;110.66;29.1;16;10;0;0;CatalogTable;KQ (Kaiquan) «WQ/EC — погружные канализационные насосы мощностью до 7,5 кВт», рус. изд. 10.2022, стр. PDF 17
KQ (Kaiquan);WQ/EC;100WQ/EC80-11-4;SingleChannel;100;61.0;4.0;1440;3~380 В;149.87;16.95;16;10;0;0;CatalogTable;KQ (Kaiquan) «WQ/EC — погружные канализационные насосы мощностью до 7,5 кВт», рус. изд. 10.2022, стр. PDF 18
KQ (Kaiquan);WQ/EC;100WQ/EC80-8-3;SingleChannel;100;61.0;3.0;1420;3~380 В;138.86;14.01;16;10;0;0;CatalogTable;KQ (Kaiquan) «WQ/EC — погружные канализационные насосы мощностью до 7,5 кВт», рус. изд. 10.2022, стр. PDF 18
KQ (Kaiquan);WQ/EC;100WQ/EC150-11-7.5;SingleChannel;100;64.0;7.5;1440;3~380 В;224.4;;16;10;0;0;CatalogTable;KQ (Kaiquan) «WQ/EC — погружные канализационные насосы мощностью до 7,5 кВт», рус. изд. 10.2022, стр. PDF 18
KQ (Kaiquan);WQ/EC;100WQ/EC130-10-5.5;SingleChannel;100;64.0;5.5;1440;3~380 В;204.19;;16;10;0;0;CatalogTable;KQ (Kaiquan) «WQ/EC — погружные канализационные насосы мощностью до 7,5 кВт», рус. изд. 10.2022, стр. PDF 18
KQ (Kaiquan);WQ (11–22 кВт);WQ2210-2112-65;Unknown;65;38.0;15.0;2940;3~380 В;79.19;58.85;16;10;0;0;CatalogTable;KQ (Kaiquan) «WQ — погружные канализационные насосы 11–22 кВт», рус. изд. 10.2022, стр. PDF 6
KQ (Kaiquan);WQ (11–22 кВт);WQ2210-2111-65;Unknown;65;38.0;11.0;2940;3~380 В;69.7;48.61;16;10;0;0;CatalogTable;KQ (Kaiquan) «WQ — погружные канализационные насосы 11–22 кВт», рус. изд. 10.2022, стр. PDF 9
KQ (Kaiquan);WQ (11–22 кВт);WQ2210-2116-80;Unknown;80;45.0;15.0;2935;3~380 В;135.37;48.93;16;10;0;0;CatalogTable;KQ (Kaiquan) «WQ — погружные канализационные насосы 11–22 кВт», рус. изд. 10.2022, стр. PDF 10
KQ (Kaiquan);WQ (11–22 кВт);WQ2210-2115-80;Unknown;80;45.0;11.0;2935;3~380 В;133.34;42.43;16;10;0;0;CatalogTable;KQ (Kaiquan) «WQ — погружные канализационные насосы 11–22 кВт», рус. изд. 10.2022, стр. PDF 10
KQ (Kaiquan);WQ (11–22 кВт);WQ2260-2118-80;Unknown;80;40.0;22.0;2935;3~380 В;124.55;71.83;16;10;0;0;CatalogTable;KQ (Kaiquan) «WQ — погружные канализационные насосы 11–22 кВт», рус. изд. 10.2022, стр. PDF 10
KQ (Kaiquan);WQ (11–22 кВт);WQ2260-2117-80;Unknown;80;40.0;18.5;2935;3~380 В;123.7;65.08;16;10;0;0;CatalogTable;KQ (Kaiquan) «WQ — погружные канализационные насосы 11–22 кВт», рус. изд. 10.2022, стр. PDF 10
KQ (Kaiquan);WQ (11–22 кВт);WQ2210-2122-100;Unknown;100;52.0;15.0;2935;3~380 В;187.9;42.48;16;10;0;0;CatalogTable;KQ (Kaiquan) «WQ — погружные канализационные насосы 11–22 кВт», рус. изд. 10.2022, стр. PDF 11
KQ (Kaiquan);WQ (11–22 кВт);WQ2210-2121-100;Unknown;100;52.0;11.0;2935;3~380 В;179.39;37.04;16;10;0;0;CatalogTable;KQ (Kaiquan) «WQ — погружные канализационные насосы 11–22 кВт», рус. изд. 10.2022, стр. PDF 11
KQ (Kaiquan);WQ (11–22 кВт);WQ2260-2124-100;Unknown;100;55.0;22.0;2940;3~380 В;200.12;52.22;16;10;0;0;CatalogTable;KQ (Kaiquan) «WQ — погружные канализационные насосы 11–22 кВт», рус. изд. 10.2022, стр. PDF 11
KQ (Kaiquan);WQ (11–22 кВт);WQ2260-2123-100;Unknown;100;55.0;18.5;2940;3~380 В;186.53;47.07;16;10;0;0;CatalogTable;KQ (Kaiquan) «WQ — погружные канализационные насосы 11–22 кВт», рус. изд. 10.2022, стр. PDF 11
KQ (Kaiquan);WQ (11–22 кВт);WQ2260-4138-150;Unknown;150;79.0;15.0;1460;3~380 В;298.94;25.45;16;10;0;0;CatalogTable;KQ (Kaiquan) «WQ — погружные канализационные насосы 11–22 кВт», рус. изд. 10.2022, стр. PDF 12
KQ (Kaiquan);WQ (11–22 кВт);WQ2260-4125-150;Unknown;150;79.0;11.0;1460;3~380 В;290.11;22.26;16;10;0;0;CatalogTable;KQ (Kaiquan) «WQ — погружные канализационные насосы 11–22 кВт», рус. изд. 10.2022, стр. PDF 12
KQ (Kaiquan);WQ (11–22 кВт);WQ2260-4127-150;Unknown;150;90.0;22.0;1470;3~380 В;277.34;37.31;16;10;0;0;CatalogTable;KQ (Kaiquan) «WQ — погружные канализационные насосы 11–22 кВт», рус. изд. 10.2022, стр. PDF 12
KQ (Kaiquan);WQ (11–22 кВт);WQ2260-4127A-150;Unknown;150;90.0;18.5;1470;3~380 В;264.3;33.45;16;10;0;0;CatalogTable;KQ (Kaiquan) «WQ — погружные канализационные насосы 11–22 кВт», рус. изд. 10.2022, стр. PDF 12
KQ (Kaiquan);WQ (11–22 кВт);WQ2260-4129-200;Unknown;200;93.0;15.0;1460;3~380 В;417.79;;16;10;0;0;CatalogTable;KQ (Kaiquan) «WQ — погружные канализационные насосы 11–22 кВт», рус. изд. 10.2022, стр. PDF 13
KQ (Kaiquan);WQ (11–22 кВт);WQ2260-4128-200;Unknown;200;93.0;11.0;1460;3~380 В;387.57;19.23;16;10;0;0;CatalogTable;KQ (Kaiquan) «WQ — погружные канализационные насосы 11–22 кВт», рус. изд. 10.2022, стр. PDF 13
KQ (Kaiquan);WQ (11–22 кВт);WQ2260-4131-200;Unknown;200;93.0;22.0;1470;3~380 В;450.07;27.12;16;10;0;0;CatalogTable;KQ (Kaiquan) «WQ — погружные канализационные насосы 11–22 кВт», рус. изд. 10.2022, стр. PDF 13
KQ (Kaiquan);WQ (11–22 кВт);WQ2260-4130-200;Unknown;200;93.0;18.5;1470;3~380 В;434.59;;16;10;0;0;CatalogTable;KQ (Kaiquan) «WQ — погружные канализационные насосы 11–22 кВт», рус. изд. 10.2022, стр. PDF 13
KQ (Kaiquan);WQ (11–22 кВт);WQ2260-4155-200;Unknown;200;100.0;15.0;1460;3~380 В;450.08;27.12;16;10;0;0;CatalogTable;KQ (Kaiquan) «WQ — погружные канализационные насосы 11–22 кВт», рус. изд. 10.2022, стр. PDF 14
KQ (Kaiquan);WQ (11–22 кВт);WQ2260-4154-200;Unknown;200;100.0;11.0;1460;3~380 В;434.6;;16;10;0;0;CatalogTable;KQ (Kaiquan) «WQ — погружные канализационные насосы 11–22 кВт», рус. изд. 10.2022, стр. PDF 14
KQ (Kaiquan);WQ (11–22 кВт);WQ2260-4157-200;Unknown;200;100.0;22.0;1470;3~380 В;623.98;;16;10;0;0;CatalogTable;KQ (Kaiquan) «WQ — погружные канализационные насосы 11–22 кВт», рус. изд. 10.2022, стр. PDF 14
KQ (Kaiquan);WQ (11–22 кВт);WQ2260-4156-200;Unknown;200;100.0;18.5;1470;3~380 В;576.82;;16;10;0;0;CatalogTable;KQ (Kaiquan) «WQ — погружные канализационные насосы 11–22 кВт», рус. изд. 10.2022, стр. PDF 14
KQ (Kaiquan);WQ (11–22 кВт);WQ2260-4158-250;Unknown;250;100.0;15.0;1460;3~380 В;519.18;;16;10;0;0;CatalogTable;KQ (Kaiquan) «WQ — погружные канализационные насосы 11–22 кВт», рус. изд. 10.2022, стр. PDF 15
KQ (Kaiquan);WQ (11–22 кВт);WQ2260-4158A-250;Unknown;250;100.0;11.0;1460;3~380 В;439.3;;16;10;0;0;CatalogTable;KQ (Kaiquan) «WQ — погружные канализационные насосы 11–22 кВт», рус. изд. 10.2022, стр. PDF 15
KQ (Kaiquan);WQ (11–22 кВт);WQ2260-4159-250;Unknown;250;100.0;22.0;1470;3~380 В;629.6;;16;10;0;0;CatalogTable;KQ (Kaiquan) «WQ — погружные канализационные насосы 11–22 кВт», рус. изд. 10.2022, стр. PDF 15
KQ (Kaiquan);WQ (11–22 кВт);WQ2260-4159A-250;Unknown;250;100.0;18.5;1470;3~380 В;582.32;;16;10;0;0;CatalogTable;KQ (Kaiquan) «WQ — погружные канализационные насосы 11–22 кВт», рус. изд. 10.2022, стр. PDF 15
KQ (Kaiquan);WQ (11–22 кВт);WQ2290-6157-300;Unknown;300;113.0;22.0;980;3~380 В;1036.69;;16;10;0;0;CatalogTable;KQ (Kaiquan) «WQ — погружные канализационные насосы 11–22 кВт», рус. изд. 10.2022, стр. PDF 16
KQ (Kaiquan);WQ (11–22 кВт);WQ2290-6156-300;Unknown;300;113.0;18.5;980;3~380 В;945.72;;16;10;0;0;CatalogTable;KQ (Kaiquan) «WQ — погружные канализационные насосы 11–22 кВт», рус. изд. 10.2022, стр. PDF 16
KQ (Kaiquan);WQ (11–22 кВт);WQ2290-6155-300;Unknown;300;113.0;15.0;980;3~380 В;875.65;;16;10;0;0;CatalogTable;KQ (Kaiquan) «WQ — погружные канализационные насосы 11–22 кВт», рус. изд. 10.2022, стр. PDF 16
KQ (Kaiquan);WQ (11–22 кВт);WQ2368-8154-350;Unknown;350;91.0;22.0;730;3~380 В;1321.6;;16;10;0;0;CatalogTable;KQ (Kaiquan) «WQ — погружные канализационные насосы 11–22 кВт», рус. изд. 10.2022, стр. PDF 16
KQ (Kaiquan);WQ (11–22 кВт);WQ2368-8153-350;Unknown;350;91.0;18.5;730;3~380 В;1327.96;;16;10;0;0;CatalogTable;KQ (Kaiquan) «WQ — погружные канализационные насосы 11–22 кВт», рус. изд. 10.2022, стр. PDF 16
KQ (Kaiquan);WQ (11–22 кВт);WQ2368-8152-350;Unknown;350;91.0;15.0;730;3~380 В;1240.51;;16;10;0;0;CatalogTable;KQ (Kaiquan) «WQ — погружные канализационные насосы 11–22 кВт», рус. изд. 10.2022, стр. PDF 16
KQ (Kaiquan);WQ (30 кВт и выше);WQ2290-2126-100;Unknown;100;48.0;37.0;2945;3~380 В;185167.16;71.25;16;10;0;0;CatalogTable;KQ (Kaiquan) «WQ — погружные канализационные насосы 30 кВт и выше», рус. изд. 10.2022, стр. PDF 13
KQ (Kaiquan);WQ (30 кВт и выше);WQ2290-2125-100;Unknown;100;48.0;30.0;2945;3~380 В;141388.49;62.25;16;10;0;0;CatalogTable;KQ (Kaiquan) «WQ — погружные канализационные насосы 30 кВт и выше», рус. изд. 10.2022, стр. PDF 13
KQ (Kaiquan);WQ (30 кВт и выше);WQ2290-2132-100;Unknown;100;48.0;37.0;2945;3~380 В;266.48;56.46;16;10;0;0;CatalogTable;KQ (Kaiquan) «WQ — погружные канализационные насосы 30 кВт и выше», рус. изд. 10.2022, стр. PDF 14
KQ (Kaiquan);WQ (30 кВт и выше);WQ2290-2131-100;Unknown;100;48.0;30.0;2945;3~380 В;237.36;50.94;16;10;0;0;CatalogTable;KQ (Kaiquan) «WQ — погружные канализационные насосы 30 кВт и выше», рус. изд. 10.2022, стр. PDF 14
KQ (Kaiquan);WQ (30 кВт и выше);WQ2290-4135-150;Unknown;150;89.0;30.0;1470;3~380 В;244.64;49.95;16;10;0;0;CatalogTable;KQ (Kaiquan) «WQ — погружные канализационные насосы 30 кВт и выше», рус. изд. 10.2022, стр. PDF 14
KQ (Kaiquan);WQ (30 кВт и выше);WQ2290-4135A-150;Unknown;150;89.0;30.0;1470;3~380 В;233.89;48.61;16;10;0;0;CatalogTable;KQ (Kaiquan) «WQ — погружные канализационные насосы 30 кВт и выше», рус. изд. 10.2022, стр. PDF 14
KQ (Kaiquan);WQ (30 кВт и выше);WQ2290-4135B-150;Unknown;150;89.0;30.0;1470;3~380 В;218.68;46.44;16;10;0;0;CatalogTable;KQ (Kaiquan) «WQ — погружные канализационные насосы 30 кВт и выше», рус. изд. 10.2022, стр. PDF 14
KQ (Kaiquan);WQ (30 кВт и выше);WQ2290-4134-150;Unknown;150;76.0;30.0;1475;3~380 В;459.36;38.26;16;10;0;0;CatalogTable;KQ (Kaiquan) «WQ — погружные канализационные насосы 30 кВт и выше», рус. изд. 10.2022, стр. PDF 15
KQ (Kaiquan);WQ (30 кВт и выше);WQ2290-4134A-150;Unknown;150;76.0;30.0;1475;3~380 В;429.36;35.84;16;10;0;0;CatalogTable;KQ (Kaiquan) «WQ — погружные канализационные насосы 30 кВт и выше», рус. изд. 10.2022, стр. PDF 15
KQ (Kaiquan);WQ (30 кВт и выше);WQ2290-4136-150;Unknown;150;76.0;37.0;1475;3~380 В;459.33;;16;10;0;0;CatalogTable;KQ (Kaiquan) «WQ — погружные канализационные насосы 30 кВт и выше», рус. изд. 10.2022, стр. PDF 15
KQ (Kaiquan);WQ (30 кВт и выше);WQ2290-4171-150;Unknown;150;76.0;55.0;1475;3~380 В;397.97;58.55;16;10;0;0;CatalogTable;KQ (Kaiquan) «WQ — погружные канализационные насосы 30 кВт и выше», рус. изд. 10.2022, стр. PDF 16
KQ (Kaiquan);WQ (30 кВт и выше);WQ2290-4170-150;Unknown;150;76.0;45.0;1475;3~380 В;348.19;51.75;16;10;0;0;CatalogTable;KQ (Kaiquan) «WQ — погружные канализационные насосы 30 кВт и выше», рус. изд. 10.2022, стр. PDF 16
KQ (Kaiquan);WQ (30 кВт и выше);WQ2368-4166-150;Unknown;150;82.0;90.0;1485;3~380 В;483.35;71.06;16;10;0;0;CatalogTable;KQ (Kaiquan) «WQ — погружные канализационные насосы 30 кВт и выше», рус. изд. 10.2022, стр. PDF 16
KQ (Kaiquan);WQ (30 кВт и выше);WQ2368-4165-150;Unknown;150;82.0;75.0;1485;3~380 В;433.94;65.44;16;10;0;0;CatalogTable;KQ (Kaiquan) «WQ — погружные канализационные насосы 30 кВт и выше», рус. изд. 10.2022, стр. PDF 16
KQ (Kaiquan);WQ (30 кВт и выше);WQ2290-4175-200;Unknown;200;113.0;55.0;1470;3~380 В;640.3;48.03;16;10;0;0;CatalogTable;KQ (Kaiquan) «WQ — погружные канализационные насосы 30 кВт и выше», рус. изд. 10.2022, стр. PDF 17
KQ (Kaiquan);WQ (30 кВт и выше);WQ2290-4174-200;Unknown;200;113.0;45.0;1470;3~380 В;654.21;42.56;16;10;0;0;CatalogTable;KQ (Kaiquan) «WQ — погружные канализационные насосы 30 кВт и выше», рус. изд. 10.2022, стр. PDF 17
KQ (Kaiquan);WQ (30 кВт и выше);WQ2290-4173-200;Unknown;200;113.0;37.0;1470;3~380 В;646.45;37.93;16;10;0;0;CatalogTable;KQ (Kaiquan) «WQ — погружные канализационные насосы 30 кВт и выше», рус. изд. 10.2022, стр. PDF 17
KQ (Kaiquan);WQ (30 кВт и выше);WQ2290-4172-200;Unknown;200;113.0;30.0;1470;3~380 В;608.47;34.69;16;10;0;0;CatalogTable;KQ (Kaiquan) «WQ — погружные канализационные насосы 30 кВт и выше», рус. изд. 10.2022, стр. PDF 17
KQ (Kaiquan);WQ (30 кВт и выше);WQ2290-4172A-200;Unknown;200;113.0;30.0;1470;3~380 В;585.74;31.38;16;10;0;0;CatalogTable;KQ (Kaiquan) «WQ — погружные канализационные насосы 30 кВт и выше», рус. изд. 10.2022, стр. PDF 17
KQ (Kaiquan);WQ (30 кВт и выше);WQ2368-4146-200;Unknown;200;96.0;90.0;1485;3~380 В;935.57;56.61;16;10;0;0;CatalogTable;KQ (Kaiquan) «WQ — погружные канализационные насосы 30 кВт и выше», рус. изд. 10.2022, стр. PDF 17
KQ (Kaiquan);WQ (30 кВт и выше);WQ2368-4145-200;Unknown;200;96.0;75.0;1485;3~380 В;844.28;51.28;16;10;0;0;CatalogTable;KQ (Kaiquan) «WQ — погружные канализационные насосы 30 кВт и выше», рус. изд. 10.2022, стр. PDF 17
KQ (Kaiquan);WQ (30 кВт и выше);WQ2445-4148-200;Unknown;200;96.0;160.0;1485;3~380 В;868.35;;16;10;0;0;CatalogTable;KQ (Kaiquan) «WQ — погружные канализационные насосы 30 кВт и выше», рус. изд. 10.2022, стр. PDF 18
KQ (Kaiquan);WQ (30 кВт и выше);WQ2445-4147-200;Unknown;200;96.0;132.0;1485;3~380 В;749.3;;16;10;0;0;CatalogTable;KQ (Kaiquan) «WQ — погружные канализационные насосы 30 кВт и выше», рус. изд. 10.2022, стр. PDF 18
KQ (Kaiquan);WQ (30 кВт и выше);WQ2445-4147A-200;Unknown;200;96.0;110.0;1485;3~380 В;649.36;;16;10;0;0;CatalogTable;KQ (Kaiquan) «WQ — погружные канализационные насосы 30 кВт и выше», рус. изд. 10.2022, стр. PDF 18
KQ (Kaiquan);WQ (30 кВт и выше);WQ2290-4168-250;Unknown;250;130.0;55.0;1470;3~380 В;953.59;37.13;16;10;0;0;CatalogTable;KQ (Kaiquan) «WQ — погружные канализационные насосы 30 кВт и выше», рус. изд. 10.2022, стр. PDF 18
KQ (Kaiquan);WQ (30 кВт и выше);WQ2290-4112-250;Unknown;250;130.0;45.0;1470;3~380 В;934.5;33.31;16;10;0;0;CatalogTable;KQ (Kaiquan) «WQ — погружные канализационные насосы 30 кВт и выше», рус. изд. 10.2022, стр. PDF 18
KQ (Kaiquan);WQ (30 кВт и выше);WQ2290-4110-250;Unknown;250;130.0;37.0;1470;3~380 В;880.0;28.68;16;10;0;0;CatalogTable;KQ (Kaiquan) «WQ — погружные канализационные насосы 30 кВт и выше», рус. изд. 10.2022, стр. PDF 18
KQ (Kaiquan);WQ (30 кВт и выше);WQ2290-4109-250;Unknown;250;130.0;30.0;1470;3~380 В;858.14;23.88;16;10;0;0;CatalogTable;KQ (Kaiquan) «WQ — погружные канализационные насосы 30 кВт и выше», рус. изд. 10.2022, стр. PDF 18
KQ (Kaiquan);WQ (30 кВт и выше);WQ2368-4150-250;Unknown;250;138.0;90.0;1485;3~380 В;1048.91;;16;10;0;0;CatalogTable;KQ (Kaiquan) «WQ — погружные канализационные насосы 30 кВт и выше», рус. изд. 10.2022, стр. PDF 19
KQ (Kaiquan);WQ (30 кВт и выше);WQ2368-4149-250;Unknown;250;138.0;75.0;1485;3~380 В;1020.95;;16;10;0;0;CatalogTable;KQ (Kaiquan) «WQ — погружные канализационные насосы 30 кВт и выше», рус. изд. 10.2022, стр. PDF 19
KQ (Kaiquan);WQ (30 кВт и выше);WQ2445-4153-250;Unknown;250;110.0;160.0;1485;3~380 В;1209.51;;16;10;0;0;CatalogTable;KQ (Kaiquan) «WQ — погружные канализационные насосы 30 кВт и выше», рус. изд. 10.2022, стр. PDF 19
KQ (Kaiquan);WQ (30 кВт и выше);WQ2445-4152-250;Unknown;250;110.0;132.0;1485;3~380 В;1170.22;;16;10;0;0;CatalogTable;KQ (Kaiquan) «WQ — погружные канализационные насосы 30 кВт и выше», рус. изд. 10.2022, стр. PDF 19
KQ (Kaiquan);WQ (30 кВт и выше);WQ2445-4152A-250;Unknown;250;110.0;110.0;1485;3~380 В;1052.35;;16;10;0;0;CatalogTable;KQ (Kaiquan) «WQ — погружные канализационные насосы 30 кВт и выше», рус. изд. 10.2022, стр. PDF 19
KQ (Kaiquan);WQ (30 кВт и выше);WQ2445-4151-250;Unknown;250;110.0;110.0;1485;3~380 В;1030.11;;16;10;0;0;CatalogTable;KQ (Kaiquan) «WQ — погружные канализационные насосы 30 кВт и выше», рус. изд. 10.2022, стр. PDF 19
KQ (Kaiquan);WQ (30 кВт и выше);WQ2445-4151A-250;Unknown;250;110.0;110.0;1485;3~380 В;997.12;;16;10;0;0;CatalogTable;KQ (Kaiquan) «WQ — погружные канализационные насосы 30 кВт и выше», рус. изд. 10.2022, стр. PDF 19
KQ (Kaiquan);WQ (30 кВт и выше);WQ2520-4167-250;Unknown;250;138.0;220.0;1485;3~380 В;896.25;;16;10;0;0;CatalogTable;KQ (Kaiquan) «WQ — погружные канализационные насосы 30 кВт и выше», рус. изд. 10.2022, стр. PDF 20
KQ (Kaiquan);WQ (30 кВт и выше);WQ2520-4166-250;Unknown;250;138.0;200.0;1485;3~380 В;873.01;;16;10;0;0;CatalogTable;KQ (Kaiquan) «WQ — погружные канализационные насосы 30 кВт и выше», рус. изд. 10.2022, стр. PDF 20
KQ (Kaiquan);WQ (30 кВт и выше);WQ2520-4165-250;Unknown;250;138.0;185.0;1485;3~380 В;822.41;;16;10;0;0;CatalogTable;KQ (Kaiquan) «WQ — погружные канализационные насосы 30 кВт и выше», рус. изд. 10.2022, стр. PDF 20
KQ (Kaiquan);WQ (30 кВт и выше);WQ2290-6218-300;Unknown;300;136.0;55.0;980;3~380 В;1344.95;;16;10;0;0;CatalogTable;KQ (Kaiquan) «WQ — погружные канализационные насосы 30 кВт и выше», рус. изд. 10.2022, стр. PDF 20
KQ (Kaiquan);WQ (30 кВт и выше);WQ2290-6217-300;Unknown;300;136.0;45.0;980;3~380 В;1191.96;;16;10;0;0;CatalogTable;KQ (Kaiquan) «WQ — погружные канализационные насосы 30 кВт и выше», рус. изд. 10.2022, стр. PDF 20
KQ (Kaiquan);WQ (30 кВт и выше);WQ2290-6216-300;Unknown;300;136.0;37.0;980;3~380 В;1038.1;21.69;16;10;0;0;CatalogTable;KQ (Kaiquan) «WQ — погружные канализационные насосы 30 кВт и выше», рус. изд. 10.2022, стр. PDF 20
KQ (Kaiquan);WQ (30 кВт и выше);WQ2290-6215-300;Unknown;300;136.0;30.0;980;3~380 В;1000.18;19.61;16;10;0;0;CatalogTable;KQ (Kaiquan) «WQ — погружные канализационные насосы 30 кВт и выше», рус. изд. 10.2022, стр. PDF 20
KQ (Kaiquan);WQ (30 кВт и выше);WQ2368-4120-300;Unknown;300;157.0;90.0;1485;3~380 В;1521.82;;16;10;0;0;CatalogTable;KQ (Kaiquan) «WQ — погружные канализационные насосы 30 кВт и выше», рус. изд. 10.2022, стр. PDF 21
KQ (Kaiquan);WQ (30 кВт и выше);WQ2368-4120A-300;Unknown;300;157.0;75.0;1485;3~380 В;1458.72;;16;10;0;0;CatalogTable;KQ (Kaiquan) «WQ — погружные канализационные насосы 30 кВт и выше», рус. изд. 10.2022, стр. PDF 21
KQ (Kaiquan);WQ (30 кВт и выше);WQ2368-4121-300;Unknown;300;157.0;90.0;1485;3~380 В;1674.01;;16;10;0;0;CatalogTable;KQ (Kaiquan) «WQ — погружные канализационные насосы 30 кВт и выше», рус. изд. 10.2022, стр. PDF 21
KQ (Kaiquan);WQ (30 кВт и выше);WQ2445-4140-300;Unknown;300;128.0;160.0;1485;3~380 В;1820.67;;16;10;0;0;CatalogTable;KQ (Kaiquan) «WQ — погружные канализационные насосы 30 кВт и выше», рус. изд. 10.2022, стр. PDF 22
KQ (Kaiquan);WQ (30 кВт и выше);WQ2445-4140A-300;Unknown;300;128.0;132.0;1485;3~380 В;1631.83;;16;10;0;0;CatalogTable;KQ (Kaiquan) «WQ — погружные канализационные насосы 30 кВт и выше», рус. изд. 10.2022, стр. PDF 22
KQ (Kaiquan);WQ (30 кВт и выше);WQ2445-4139-300;Unknown;300;128.0;110.0;1485;3~380 В;1631.83;;16;10;0;0;CatalogTable;KQ (Kaiquan) «WQ — погружные канализационные насосы 30 кВт и выше», рус. изд. 10.2022, стр. PDF 22
KQ (Kaiquan);WQ (30 кВт и выше);WQ2445-4141-300;Unknown;300;128.0;160.0;1485;3~380 В;15795.82;;16;10;0;0;CatalogTable;KQ (Kaiquan) «WQ — погружные канализационные насосы 30 кВт и выше», рус. изд. 10.2022, стр. PDF 22
KQ (Kaiquan);WQ (30 кВт и выше);WQ2445-4141A-300;Unknown;300;128.0;132.0;1485;3~380 В;14600.71;;16;10;0;0;CatalogTable;KQ (Kaiquan) «WQ — погружные канализационные насосы 30 кВт и выше», рус. изд. 10.2022, стр. PDF 22
KQ (Kaiquan);WQ (30 кВт и выше);WQ2520-4164-300;Unknown;300;74.0;280.0;1485;3~380 В;2039.55;69.02;16;10;0;0;CatalogTable;KQ (Kaiquan) «WQ — погружные канализационные насосы 30 кВт и выше», рус. изд. 10.2022, стр. PDF 23
KQ (Kaiquan);WQ (30 кВт и выше);WQ2520-4163-300;Unknown;300;74.0;250.0;1485;3~380 В;1991.96;65.58;16;10;0;0;CatalogTable;KQ (Kaiquan) «WQ — погружные канализационные насосы 30 кВт и выше», рус. изд. 10.2022, стр. PDF 23
KQ (Kaiquan);WQ (30 кВт и выше);WQ2520-4162-300;Unknown;300;74.0;220.0;1485;3~380 В;1923.86;61.82;16;10;0;0;CatalogTable;KQ (Kaiquan) «WQ — погружные канализационные насосы 30 кВт и выше», рус. изд. 10.2022, стр. PDF 23
KQ (Kaiquan);WQ (30 кВт и выше);WQ2520-4161-300;Unknown;300;74.0;200.0;1485;3~380 В;1866.01;56.57;16;10;0;0;CatalogTable;KQ (Kaiquan) «WQ — погружные канализационные насосы 30 кВт и выше», рус. изд. 10.2022, стр. PDF 23
KQ (Kaiquan);WQ (30 кВт и выше);WQ2520-4160-300;Unknown;300;74.0;185.0;1485;3~380 В;1866.0;52.2;16;10;0;0;CatalogTable;KQ (Kaiquan) «WQ — погружные канализационные насосы 30 кВт и выше», рус. изд. 10.2022, стр. PDF 23
KQ (Kaiquan);WQ (30 кВт и выше);WQ2368-6159-350;Unknown;350;114.0;37.0;980;3~380 В;1355.8;;16;10;0;0;CatalogTable;KQ (Kaiquan) «WQ — погружные канализационные насосы 30 кВт и выше», рус. изд. 10.2022, стр. PDF 23
KQ (Kaiquan);WQ (30 кВт и выше);WQ2368-6158-350;Unknown;350;114.0;30.0;980;3~380 В;1257.32;;16;10;0;0;CatalogTable;KQ (Kaiquan) «WQ — погружные канализационные насосы 30 кВт и выше», рус. изд. 10.2022, стр. PDF 23
KQ (Kaiquan);WQ (30 кВт и выше);WQ2368-6161-350;Unknown;350;114.0;55.0;980;3~380 В;1926.98;;16;10;0;0;CatalogTable;KQ (Kaiquan) «WQ — погружные канализационные насосы 30 кВт и выше», рус. изд. 10.2022, стр. PDF 24
KQ (Kaiquan);WQ (30 кВт и выше);WQ2368-6160-350;Unknown;350;114.0;45.0;980;3~380 В;1785.24;;16;10;0;0;CatalogTable;KQ (Kaiquan) «WQ — погружные канализационные насосы 30 кВт и выше», рус. изд. 10.2022, стр. PDF 24
KQ (Kaiquan);WQ (30 кВт и выше);WQ2445-6124-350;Unknown;350;130.0;132.0;990;3~380 В;2263.8;;16;10;0;0;CatalogTable;KQ (Kaiquan) «WQ — погружные канализационные насосы 30 кВт и выше», рус. изд. 10.2022, стр. PDF 24
KQ (Kaiquan);WQ (30 кВт и выше);WQ2445-6123-350;Unknown;350;130.0;110.0;990;3~380 В;2013.89;;16;10;0;0;CatalogTable;KQ (Kaiquan) «WQ — погружные канализационные насосы 30 кВт и выше», рус. изд. 10.2022, стр. PDF 24
KQ (Kaiquan);WQ (30 кВт и выше);WQ2445-6122-350;Unknown;350;130.0;90.0;990;3~380 В;1763.03;;16;10;0;0;CatalogTable;KQ (Kaiquan) «WQ — погружные канализационные насосы 30 кВт и выше», рус. изд. 10.2022, стр. PDF 24
KQ (Kaiquan);WQ (30 кВт и выше);WQ2445-6121-350;Unknown;350;130.0;75.0;990;3~380 В;1621.46;;16;10;0;0;CatalogTable;KQ (Kaiquan) «WQ — погружные канализационные насосы 30 кВт и выше», рус. изд. 10.2022, стр. PDF 24
KQ (Kaiquan);WQ (30 кВт и выше);WQ2590-6115-350;Unknown;350;169.0;280.0;990;3~380 В;2805.4;;16;10;0;0;CatalogTable;KQ (Kaiquan) «WQ — погружные канализационные насосы 30 кВт и выше», рус. изд. 10.2022, стр. PDF 25
KQ (Kaiquan);WQ (30 кВт и выше);WQ2590-6114-350;Unknown;350;169.0;250.0;990;3~380 В;2796.81;;16;10;0;0;CatalogTable;KQ (Kaiquan) «WQ — погружные канализационные насосы 30 кВт и выше», рус. изд. 10.2022, стр. PDF 25
KQ (Kaiquan);WQ (30 кВт и выше);WQ2590-6113-350;Unknown;350;169.0;220.0;990;3~380 В;2514.24;;16;10;0;0;CatalogTable;KQ (Kaiquan) «WQ — погружные канализационные насосы 30 кВт и выше», рус. изд. 10.2022, стр. PDF 25
KQ (Kaiquan);WQ (30 кВт и выше);WQ2368-8156-400;Unknown;400;104.0;37.0;735;3~380 В;1649.21;;16;10;0;0;CatalogTable;KQ (Kaiquan) «WQ — погружные канализационные насосы 30 кВт и выше», рус. изд. 10.2022, стр. PDF 25
KQ (Kaiquan);WQ (30 кВт и выше);WQ2368-8155-400;Unknown;400;104.0;30.0;735;3~380 В;1556.67;;16;10;0;0;CatalogTable;KQ (Kaiquan) «WQ — погружные канализационные насосы 30 кВт и выше», рус. изд. 10.2022, стр. PDF 25
KQ (Kaiquan);WQ (30 кВт и выше);WQ2368-8158-400;Unknown;400;104.0;55.0;735;3~380 В;2301.13;;16;10;0;0;CatalogTable;KQ (Kaiquan) «WQ — погружные канализационные насосы 30 кВт и выше», рус. изд. 10.2022, стр. PDF 26
KQ (Kaiquan);WQ (30 кВт и выше);WQ2368-8157-400;Unknown;400;104.0;45.0;735;3~380 В;2065.26;;16;10;0;0;CatalogTable;KQ (Kaiquan) «WQ — погружные канализационные насосы 30 кВт и выше», рус. изд. 10.2022, стр. PDF 26
KQ (Kaiquan);WQ (30 кВт и выше);WQ2445-6165-400;Unknown;400;125.0;132.0;990;3~380 В;2904.75;;16;10;0;0;CatalogTable;KQ (Kaiquan) «WQ — погружные канализационные насосы 30 кВт и выше», рус. изд. 10.2022, стр. PDF 26
KQ (Kaiquan);WQ (30 кВт и выше);WQ2445-6164-400;Unknown;400;120.0;110.0;990;3~380 В;2923.5;;16;10;0;0;CatalogTable;KQ (Kaiquan) «WQ — погружные канализационные насосы 30 кВт и выше», рус. изд. 10.2022, стр. PDF 26
KQ (Kaiquan);WQ (30 кВт и выше);WQ2445-6163-400;Unknown;400;118.0;90.0;990;3~380 В;2509.95;;16;10;0;0;CatalogTable;KQ (Kaiquan) «WQ — погружные канализационные насосы 30 кВт и выше», рус. изд. 10.2022, стр. PDF 26
KQ (Kaiquan);WQ (30 кВт и выше);WQ2445-6162-400;Unknown;400;115.0;75.0;990;3~380 В;2547.44;;16;10;0;0;CatalogTable;KQ (Kaiquan) «WQ — погружные канализационные насосы 30 кВт и выше», рус. изд. 10.2022, стр. PDF 26
KQ (Kaiquan);WQ (30 кВт и выше);WQ2520-6103-400;Unknown;400;163.0;200.0;990;3~380 В;2441.49;;16;10;0;0;CatalogTable;KQ (Kaiquan) «WQ — погружные канализационные насосы 30 кВт и выше», рус. изд. 10.2022, стр. PDF 27
KQ (Kaiquan);WQ (30 кВт и выше);WQ2520-6102-400;Unknown;400;163.0;185.0;990;3~380 В;2324.61;;16;10;0;0;CatalogTable;KQ (Kaiquan) «WQ — погружные канализационные насосы 30 кВт и выше», рус. изд. 10.2022, стр. PDF 27
KQ (Kaiquan);WQ (30 кВт и выше);WQ2520-6101-400;Unknown;400;163.0;160.0;990;3~380 В;2482.8;;16;10;0;0;CatalogTable;KQ (Kaiquan) «WQ — погружные канализационные насосы 30 кВт и выше», рус. изд. 10.2022, стр. PDF 27
KQ (Kaiquan);WQ (30 кВт и выше);WQ2520-6126-400;Unknown;400;163.0;200.0;990;3~380 В;3433.47;;16;10;0;0;CatalogTable;KQ (Kaiquan) «WQ — погружные канализационные насосы 30 кВт и выше», рус. изд. 10.2022, стр. PDF 27
KQ (Kaiquan);WQ (30 кВт и выше);WQ2520-6125-400;Unknown;400;163.0;185.0;990;3~380 В;2961.93;;16;10;0;0;CatalogTable;KQ (Kaiquan) «WQ — погружные канализационные насосы 30 кВт и выше», рус. изд. 10.2022, стр. PDF 27
KQ (Kaiquan);WQ (30 кВт и выше);WQ2520-6104-400;Unknown;400;163.0;160.0;990;3~380 В;2983.92;;16;10;0;0;CatalogTable;KQ (Kaiquan) «WQ — погружные канализационные насосы 30 кВт и выше», рус. изд. 10.2022, стр. PDF 27
KQ (Kaiquan);WQ (30 кВт и выше);WQ2590-6107-400;Unknown;400;190.0;280.0;990;3~380 В;3507.25;;16;10;0;0;CatalogTable;KQ (Kaiquan) «WQ — погружные канализационные насосы 30 кВт и выше», рус. изд. 10.2022, стр. PDF 28
KQ (Kaiquan);WQ (30 кВт и выше);WQ2590-6106-400;Unknown;400;190.0;250.0;990;3~380 В;3135.29;;16;10;0;0;CatalogTable;KQ (Kaiquan) «WQ — погружные канализационные насосы 30 кВт и выше», рус. изд. 10.2022, стр. PDF 28
KQ (Kaiquan);WQ (30 кВт и выше);WQ2590-6105-400;Unknown;400;190.0;220.0;990;3~380 В;3070.27;;16;10;0;0;CatalogTable;KQ (Kaiquan) «WQ — погружные канализационные насосы 30 кВт и выше», рус. изд. 10.2022, стр. PDF 28
KQ (Kaiquan);WQ (30 кВт и выше);WQ2520-8163-500;Unknown;500;174.0;160.0;745;3~380 В;3942.2;;16;10;0;0;CatalogTable;KQ (Kaiquan) «WQ — погружные канализационные насосы 30 кВт и выше», рус. изд. 10.2022, стр. PDF 28
KQ (Kaiquan);WQ (30 кВт и выше);WQ2520-8162-500;Unknown;500;174.0;132.0;745;3~380 В;3793.82;;16;10;0;0;CatalogTable;KQ (Kaiquan) «WQ — погружные канализационные насосы 30 кВт и выше», рус. изд. 10.2022, стр. PDF 28
KQ (Kaiquan);WQ (30 кВт и выше);WQ2520-8161-500;Unknown;500;174.0;110.0;735;3~380 В;3556.72;;16;10;0;0;CatalogTable;KQ (Kaiquan) «WQ — погружные канализационные насосы 30 кВт и выше», рус. изд. 10.2022, стр. PDF 28
KQ (Kaiquan);WQ (30 кВт и выше);WQ2520-8160-500;Unknown;500;174.0;90.0;735;3~380 В;3152.97;;16;10;0;0;CatalogTable;KQ (Kaiquan) «WQ — погружные канализационные насосы 30 кВт и выше», рус. изд. 10.2022, стр. PDF 28
KQ (Kaiquan);WQ (30 кВт и выше);WQ2520-8159-500;Unknown;500;174.0;75.0;735;3~380 В;2759.35;;16;10;0;0;CatalogTable;KQ (Kaiquan) «WQ — погружные канализационные насосы 30 кВт и выше», рус. изд. 10.2022, стр. PDF 28
KQ (Kaiquan);WQ (30 кВт и выше);WQ2520-6110-500;Unknown;500;163.0;200.0;990;3~380 В;45208663032.15;14.13;16;10;0;0;CatalogTable;KQ (Kaiquan) «WQ — погружные канализационные насосы 30 кВт и выше», рус. изд. 10.2022, стр. PDF 29
KQ (Kaiquan);WQ (30 кВт и выше);WQ2520-6109-500;Unknown;500;163.0;185.0;990;3~380 В;49788594093.08;11.66;16;10;0;0;CatalogTable;KQ (Kaiquan) «WQ — погружные канализационные насосы 30 кВт и выше», рус. изд. 10.2022, стр. PDF 29
KQ (Kaiquan);WQ (30 кВт и выше);WQ2520-6108-500;Unknown;500;163.0;160.0;990;3~380 В;52759795509.02;8.81;16;10;0;0;CatalogTable;KQ (Kaiquan) «WQ — погружные канализационные насосы 30 кВт и выше», рус. изд. 10.2022, стр. PDF 29
KQ (Kaiquan);WQ (30 кВт и выше);WQ2590-6119-500;Unknown;500;190.0;280.0;990;3~380 В;4188.1;;16;10;0;0;CatalogTable;KQ (Kaiquan) «WQ — погружные канализационные насосы 30 кВт и выше», рус. изд. 10.2022, стр. PDF 29
KQ (Kaiquan);WQ (30 кВт и выше);WQ2590-6118-500;Unknown;500;190.0;250.0;990;3~380 В;3926.39;;16;10;0;0;CatalogTable;KQ (Kaiquan) «WQ — погружные канализационные насосы 30 кВт и выше», рус. изд. 10.2022, стр. PDF 29
KQ (Kaiquan);WQ (30 кВт и выше);WQ2590-6117-500;Unknown;500;190.0;220.0;990;3~380 В;3720.94;;16;10;0;0;CatalogTable;KQ (Kaiquan) «WQ — погружные канализационные насосы 30 кВт и выше», рус. изд. 10.2022, стр. PDF 29
KQ (Kaiquan);WQ (30 кВт и выше);WQ2520-1057-600;Unknown;600;200.0;132.0;590;3~380 В;4538.41;;16;10;0;0;CatalogTable;KQ (Kaiquan) «WQ — погружные канализационные насосы 30 кВт и выше», рус. изд. 10.2022, стр. PDF 30
KQ (Kaiquan);WQ (30 кВт и выше);WQ2520-1054-600;Unknown;600;200.0;75.0;590;3~380 В;3660.3;;16;10;0;0;CatalogTable;KQ (Kaiquan) «WQ — погружные канализационные насосы 30 кВт и выше», рус. изд. 10.2022, стр. PDF 30
KQ (Kaiquan);WQ (30 кВт и выше);WQ2740-6170-600;Unknown;600;125.0;450.0;980;3~380 В;5196.48;;16;0;0;0;CatalogTable;KQ (Kaiquan) «WQ — погружные канализационные насосы 30 кВт и выше», рус. изд. 10.2022, стр. PDF 30
KQ (Kaiquan);WQ (30 кВт и выше);WQ2740-6170A-600;Unknown;600;128.0;420.0;980;3~380 В;4996.34;;16;0;0;0;CatalogTable;KQ (Kaiquan) «WQ — погружные канализационные насосы 30 кВт и выше», рус. изд. 10.2022, стр. PDF 30
KQ (Kaiquan);WQ (30 кВт и выше);WQ2740-6170B-600;Unknown;600;130.0;400.0;980;3~380 В;4797.15;;16;0;0;0;CatalogTable;KQ (Kaiquan) «WQ — погружные канализационные насосы 30 кВт и выше», рус. изд. 10.2022, стр. PDF 30
KQ (Kaiquan);WQ (30 кВт и выше);WQ2740-6170C-600;Unknown;600;130.0;355.0;980;3~380 В;4597.0;;16;0;0;0;CatalogTable;KQ (Kaiquan) «WQ — погружные канализационные насосы 30 кВт и выше», рус. изд. 10.2022, стр. PDF 30
KQ (Kaiquan);WQ (30 кВт и выше);WQ2850-8175-600;Unknown;600;140.0;580.0;745;3~380 В;5408.04;;16;0;0;0;CatalogTable;KQ (Kaiquan) «WQ — погружные канализационные насосы 30 кВт и выше», рус. изд. 10.2022, стр. PDF 31
KQ (Kaiquan);WQ (30 кВт и выше);WQ2590-8169-600;Unknown;600;190.0;315.0;745;3~380 В;5971.7;;16;10;0;0;CatalogTable;KQ (Kaiquan) «WQ — погружные канализационные насосы 30 кВт и выше», рус. изд. 10.2022, стр. PDF 31
KQ (Kaiquan);WQ (30 кВт и выше);WQ2590-8168-600;Unknown;600;190.0;280.0;745;3~380 В;5926.91;;16;10;0;0;CatalogTable;KQ (Kaiquan) «WQ — погружные канализационные насосы 30 кВт и выше», рус. изд. 10.2022, стр. PDF 31
KQ (Kaiquan);WQ (30 кВт и выше);WQ2590-8167-600;Unknown;600;190.0;250.0;745;3~380 В;5690.76;;16;10;0;0;CatalogTable;KQ (Kaiquan) «WQ — погружные канализационные насосы 30 кВт и выше», рус. изд. 10.2022, стр. PDF 31
KQ (Kaiquan);WQ (30 кВт и выше);WQ2590-8166-600;Unknown;600;190.0;220.0;745;3~380 В;5423.39;;16;10;0;0;CatalogTable;KQ (Kaiquan) «WQ — погружные канализационные насосы 30 кВт и выше», рус. изд. 10.2022, стр. PDF 31
KQ (Kaiquan);WQ (30 кВт и выше);WQ2590-8165-600;Unknown;600;190.0;200.0;745;3~380 В;5168.23;;16;10;0;0;CatalogTable;KQ (Kaiquan) «WQ — погружные канализационные насосы 30 кВт и выше», рус. изд. 10.2022, стр. PDF 31
KQ (Kaiquan);WQ (30 кВт и выше);WQ2590-8164-600;Unknown;600;190.0;185.0;745;3~380 В;4945.64;;16;10;0;0;CatalogTable;KQ (Kaiquan) «WQ — погружные канализационные насосы 30 кВт и выше», рус. изд. 10.2022, стр. PDF 31
KQ (Kaiquan);WQ (30 кВт и выше);WQ2590-1059-700;Unknown;700;215.0;185.0;590;3~380 В;6802.66;;16;10;0;0;CatalogTable;KQ (Kaiquan) «WQ — погружные канализационные насосы 30 кВт и выше», рус. изд. 10.2022, стр. PDF 32
KQ (Kaiquan);WQ (30 кВт и выше);WQ2590-1058-700;Unknown;700;215.0;160.0;590;3~380 В;6141.79;;16;10;0;0;CatalogTable;KQ (Kaiquan) «WQ — погружные канализационные насосы 30 кВт и выше», рус. изд. 10.2022, стр. PDF 32
KQ (Kaiquan);WQ (30 кВт и выше);WQ2590-1252-700;Unknown;700;220.0;220.0;495;3~380 В;6826.46;;16;10;0;0;CatalogTable;KQ (Kaiquan) «WQ — погружные канализационные насосы 30 кВт и выше», рус. изд. 10.2022, стр. PDF 32
KQ (Kaiquan);WQ (30 кВт и выше);WQ2590-1251-700;Unknown;700;220.0;200.0;495;3~380 В;6653.37;;16;10;0;0;CatalogTable;KQ (Kaiquan) «WQ — погружные канализационные насосы 30 кВт и выше», рус. изд. 10.2022, стр. PDF 32
KQ (Kaiquan);WQ (30 кВт и выше);WQ2590-1250-700;Unknown;700;220.0;185.0;490;3~380 В;6768.75;;16;10;0;0;CatalogTable;KQ (Kaiquan) «WQ — погружные канализационные насосы 30 кВт и выше», рус. изд. 10.2022, стр. PDF 32
KQ (Kaiquan);WQ (30 кВт и выше);WQ2670-1603-800;Unknown;800;310.0;250.0;370;3~380 В;10017.81;;16;10;0;0;CatalogTable;KQ (Kaiquan) «WQ — погружные канализационные насосы 30 кВт и выше», рус. изд. 10.2022, стр. PDF 33
KQ (Kaiquan);WQ (30 кВт и выше);WQ2670-1602-800;Unknown;800;310.0;220.0;370;3~380 В;9509.9;;16;10;0;0;CatalogTable;KQ (Kaiquan) «WQ — погружные канализационные насосы 30 кВт и выше», рус. изд. 10.2022, стр. PDF 33
KQ (Kaiquan);WQ (30 кВт и выше);WQ2670-1601-800;Unknown;800;310.0;200.0;370;3~380 В;9190.79;;16;10;0;0;CatalogTable;KQ (Kaiquan) «WQ — погружные канализационные насосы 30 кВт и выше», рус. изд. 10.2022, стр. PDF 33
KQ (Kaiquan);WQ (30 кВт и выше);WQ2670-1255-800;Unknown;800;250.0;315.0;495;3~380 В;8489.68;;16;10;0;0;CatalogTable;KQ (Kaiquan) «WQ — погружные канализационные насосы 30 кВт и выше», рус. изд. 10.2022, стр. PDF 33
KQ (Kaiquan);WQ (30 кВт и выше);WQ2670-1254-800;Unknown;800;250.0;280.0;495;3~380 В;7925.51;;16;10;0;0;CatalogTable;KQ (Kaiquan) «WQ — погружные канализационные насосы 30 кВт и выше», рус. изд. 10.2022, стр. PDF 33
KQ (Kaiquan);WQ (30 кВт и выше);WQ2670-1253-800;Unknown;800;250.0;250.0;495;3~380 В;7421.35;;16;10;0;0;CatalogTable;KQ (Kaiquan) «WQ — погружные канализационные насосы 30 кВт и выше», рус. изд. 10.2022, стр. PDF 33
KQ (Kaiquan);WQ (30 кВт и выше);WQ2850-8174A-800;Unknown;800;275.0;560.0;745;3~380 В;2417.32;;16;0;0;0;CatalogTable;KQ (Kaiquan) «WQ — погружные канализационные насосы 30 кВт и выше», рус. изд. 10.2022, стр. PDF 34
KQ (Kaiquan);WQ (30 кВт и выше);WQ2850-8173-800;Unknown;800;275.0;500.0;745;3~380 В;2548.51;;16;0;0;0;CatalogTable;KQ (Kaiquan) «WQ — погружные канализационные насосы 30 кВт и выше», рус. изд. 10.2022, стр. PDF 34
KQ (Kaiquan);WQ (30 кВт и выше);WQ2850-8173A-800;Unknown;800;275.0;450.0;745;3~380 В;2773.26;;16;0;0;0;CatalogTable;KQ (Kaiquan) «WQ — погружные канализационные насосы 30 кВт и выше», рус. изд. 10.2022, стр. PDF 34
KQ (Kaiquan);WQ (30 кВт и выше);WQ2850-8172-900;Unknown;900;258.0;560.0;745;3~380 В;10314.24;;16;0;0;0;CatalogTable;KQ (Kaiquan) «WQ — погружные канализационные насосы 30 кВт и выше», рус. изд. 10.2022, стр. PDF 34
KQ (Kaiquan);WQ (30 кВт и выше);WQ2850-8170-900;Unknown;900;267.0;450.0;745;3~380 В;9356.61;;16;0;0;0;CatalogTable;KQ (Kaiquan) «WQ — погружные канализационные насосы 30 кВт и выше», рус. изд. 10.2022, стр. PDF 34
KQ (Kaiquan);WQ (30 кВт и выше);WQ2850-1062-1000;Unknown;1000;313.0;630.0;590;3~380 В;12197.28;;16;0;0;0;CatalogTable;KQ (Kaiquan) «WQ — погружные канализационные насосы 30 кВт и выше», рус. изд. 10.2022, стр. PDF 35
KQ (Kaiquan);WQ/S;50WQ/S222-2.2;Cutter;0;0;2.2;2840;3~380 В;37.21;17.69;16;10;0;0;CatalogTable;KQ (Kaiquan) «WQ/S — погружные канализационные насосы с режущим механизмом», рус. изд. 10.2022, стр. PDF 9
KQ (Kaiquan);WQ/S;50WQ/S221-1.5;Cutter;0;0;1.5;2840;3~380 В;34.52;13.26;16;10;0;0;CatalogTable;KQ (Kaiquan) «WQ/S — погружные канализационные насосы с режущим механизмом», рус. изд. 10.2022, стр. PDF 9
KQ (Kaiquan);WQ/S;50WQ/S201-4;Cutter;0;0;4.0;2890;3~380 В;47.63;26.29;16;10;0;0;CatalogTable;KQ (Kaiquan) «WQ/S — погружные канализационные насосы с режущим механизмом», рус. изд. 10.2022, стр. PDF 10
KQ (Kaiquan);WQ/S;50WQ/S202-3;Cutter;0;0;3.0;2880;3~380 В;45.09;22.05;16;10;0;0;CatalogTable;KQ (Kaiquan) «WQ/S — погружные канализационные насосы с режущим механизмом», рус. изд. 10.2022, стр. PDF 10
KQ (Kaiquan);WQ/S;65WQ/S223-2.2;Cutter;0;0;2.2;2840;3~380 В;68.51;10.82;16;10;0;0;CatalogTable;KQ (Kaiquan) «WQ/S — погружные канализационные насосы с режущим механизмом», рус. изд. 10.2022, стр. PDF 10
KQ (Kaiquan);WQ/S;65WQ/S205-7.5;Cutter;0;0;7.5;2920;3~380 В;85.31;37.99;16;10;0;0;CatalogTable;KQ (Kaiquan) «WQ/S — погружные канализационные насосы с режущим механизмом», рус. изд. 10.2022, стр. PDF 11
KQ (Kaiquan);WQ/S;65WQ/S206-5.5;Cutter;0;0;5.5;2920;3~380 В;80.29;30.7;16;10;0;0;CatalogTable;KQ (Kaiquan) «WQ/S — погружные канализационные насосы с режущим механизмом», рус. изд. 10.2022, стр. PDF 11
KQ (Kaiquan);WQ/S;65WQ/S203-15;Cutter;0;0;15.0;2935;3~380 В;128.46;44.76;16;10;0;0;CatalogTable;KQ (Kaiquan) «WQ/S — погружные канализационные насосы с режущим механизмом», рус. изд. 10.2022, стр. PDF 11
KQ (Kaiquan);WQ/S;65WQ/S204-11;Cutter;0;0;11.0;2935;3~380 В;113.41;37.17;16;10;0;0;CatalogTable;KQ (Kaiquan) «WQ/S — погружные канализационные насосы с режущим механизмом», рус. изд. 10.2022, стр. PDF 11
KQ (Kaiquan);WQ/S;80WQ/S405-4;Cutter;0;0;4.0;1410;3~380 В;102.74;15.46;16;10;0;0;CatalogTable;KQ (Kaiquan) «WQ/S — погружные канализационные насосы с режущим механизмом», рус. изд. 10.2022, стр. PDF 12
KQ (Kaiquan);WQ/S;80WQ/S406-3;Cutter;0;0;3.0;1410;3~380 В;85.08;13.13;16;10;0;0;CatalogTable;KQ (Kaiquan) «WQ/S — погружные канализационные насосы с режущим механизмом», рус. изд. 10.2022, стр. PDF 12
KQ (Kaiquan);WQ/S;100WQ/S413-7.5;Cutter;0;0;7.5;1445;3~380 В;185.39;17.49;16;10;0;0;CatalogTable;KQ (Kaiquan) «WQ/S — погружные канализационные насосы с режущим механизмом», рус. изд. 10.2022, стр. PDF 12
KQ (Kaiquan);WQ/S;100WQ/S414-5.5;Cutter;0;0;5.5;1445;3~380 В;150.53;14.99;16;10;0;0;CatalogTable;KQ (Kaiquan) «WQ/S — погружные канализационные насосы с режущим механизмом», рус. изд. 10.2022, стр. PDF 12
KQ (Kaiquan);WQ/S;100WQ/S411-15;Cutter;0;0;15.0;1460;3~380 В;238.74;25.03;16;10;0;0;CatalogTable;KQ (Kaiquan) «WQ/S — погружные канализационные насосы с режущим механизмом», рус. изд. 10.2022, стр. PDF 13
KQ (Kaiquan);WQ/S;100WQ/S412-11;Cutter;0;0;11.0;1460;3~380 В;194.85;19.96;16;10;0;0;CatalogTable;KQ (Kaiquan) «WQ/S — погружные канализационные насосы с режущим механизмом», рус. изд. 10.2022, стр. PDF 13
KQ (Kaiquan);WQ/S;100WQ/S409-22;Cutter;0;0;22.0;1470;3~380 В;277.2;26.86;16;10;0;0;CatalogTable;KQ (Kaiquan) «WQ/S — погружные канализационные насосы с режущим механизмом», рус. изд. 10.2022, стр. PDF 13
KQ (Kaiquan);WQ/S;100WQ/S410-18.5;Cutter;0;0;18.5;1470;3~380 В;261.82;;16;10;0;0;CatalogTable;KQ (Kaiquan) «WQ/S — погружные канализационные насосы с режущим механизмом», рус. изд. 10.2022, стр. PDF 13
KQ (Kaiquan);WQ/S;100WQ/S408-37;Cutter;0;0;37.0;1475;3~380 В;365.33;37.2;16;10;0;0;CatalogTable;KQ (Kaiquan) «WQ/S — погружные канализационные насосы с режущим механизмом», рус. изд. 10.2022, стр. PDF 14
KQ (Kaiquan);WQ/S;100WQ/S407-30;Cutter;0;0;30.0;1475;3~380 В;320.07;32.14;16;10;0;0;CatalogTable;KQ (Kaiquan) «WQ/S — погружные канализационные насосы с режущим механизмом», рус. изд. 10.2022, стр. PDF 14
KQ (Kaiquan);WQ/ES;50WQ/ES249-1.1;Cutter;50;0;1.1;2825;3~380 В;21.66;;16;10;0;0;CatalogTable;KQ (Kaiquan) «WQ/ES — малые погружные канализационные насосы с режущим механизмом», рус. изд. 10.2022, стр. PDF 8
KQ (Kaiquan);WQ/ES;50WQ/ES241-1.5;Cutter;50;0;1.5;2840;3~380 В;22.13;;16;10;0;0;CatalogTable;KQ (Kaiquan) «WQ/ES — малые погружные канализационные насосы с режущим механизмом», рус. изд. 10.2022, стр. PDF 9
KQ (Kaiquan);WQ/ES;50WQ/ES237-2.2;Cutter;50;0;0;2840;3~380 В;22.38;;16;10;0;0;CatalogTable;KQ (Kaiquan) «WQ/ES — малые погружные канализационные насосы с режущим механизмом», рус. изд. 10.2022, стр. PDF 9
KQ (Kaiquan);WQ/ES;50WQ/ES242-2.2;Cutter;50;0;2.2;2840;3~380 В;27.87;19.76;16;10;0;0;CatalogTable;KQ (Kaiquan) «WQ/ES — малые погружные канализационные насосы с режущим механизмом», рус. изд. 10.2022, стр. PDF 10
KQ (Kaiquan);WQ/ES;50WQ/ES239-4;Cutter;50;0;4.0;2890;3~380 В;31.99;;16;10;0;0;CatalogTable;KQ (Kaiquan) «WQ/ES — малые погружные канализационные насосы с режущим механизмом», рус. изд. 10.2022, стр. PDF 10
KQ (Kaiquan);WQ/ES;50WQ/ES238-3;Cutter;50;0;3.0;2880;3~380 В;23.59;;16;10;0;0;CatalogTable;KQ (Kaiquan) «WQ/ES — малые погружные канализационные насосы с режущим механизмом», рус. изд. 10.2022, стр. PDF 10
KQ (Kaiquan);WQ/ES;50WQ/ES262-7.5;Cutter;50;0;0;2920;3~380 В;36.46;;16;10;0;0;CatalogTable;KQ (Kaiquan) «WQ/ES — малые погружные канализационные насосы с режущим механизмом», рус. изд. 10.2022, стр. PDF 11
KQ (Kaiquan);WQ/ES;50WQ/ES262A-5.5;Cutter;50;0;0;2920;3~380 В;34.46;;16;10;0;0;CatalogTable;KQ (Kaiquan) «WQ/ES — малые погружные канализационные насосы с режущим механизмом», рус. изд. 10.2022, стр. PDF 11
KQ (Kaiquan);WQ/ES;65WQ/ES251-4;Cutter;65;0;4.0;2890;3~380 В;34.46;;16;10;0;0;CatalogTable;KQ (Kaiquan) «WQ/ES — малые погружные канализационные насосы с режущим механизмом», рус. изд. 10.2022, стр. PDF 11
KQ (Kaiquan);WQ/ES;65WQ/ES250-7.5;Cutter;65;0;7.5;2920;3~380 В;60.33;;16;10;0;0;CatalogTable;KQ (Kaiquan) «WQ/ES — малые погружные канализационные насосы с режущим механизмом», рус. изд. 10.2022, стр. PDF 12
KQ (Kaiquan);WQ/ES;65WQ/ES250A-5.5;Cutter;65;0;5.5;2920;3~380 В;54.92;;16;10;0;0;CatalogTable;KQ (Kaiquan) «WQ/ES — малые погружные канализационные насосы с режущим механизмом», рус. изд. 10.2022, стр. PDF 12
KQ (Kaiquan);WQ/ES;65WQ/ES203-15;Cutter;65;0;15.0;2935;3~380 В;127.32;44.37;16;10;0;0;CatalogTable;KQ (Kaiquan) «WQ/ES — малые погружные канализационные насосы с режущим механизмом», рус. изд. 10.2022, стр. PDF 12
KQ (Kaiquan);WQ/ES;65WQ/ES204-11;Cutter;65;0;11.0;2935;3~380 В;106.52;34.1;16;10;0;0;CatalogTable;KQ (Kaiquan) «WQ/ES — малые погружные канализационные насосы с режущим механизмом», рус. изд. 10.2022, стр. PDF 12
KQ (Kaiquan);WQ/ES;80WQ/ES260-4;Cutter;80;0;4.0;2890;3~380 В;63.56;;16;10;0;0;CatalogTable;KQ (Kaiquan) «WQ/ES — малые погружные канализационные насосы с режущим механизмом», рус. изд. 10.2022, стр. PDF 13
KQ (Kaiquan);WQ/ES;80WQ/ES261-3;Cutter;80;0;3.0;2890;3~380 В;60.59;;16;10;0;0;CatalogTable;KQ (Kaiquan) «WQ/ES — малые погружные канализационные насосы с режущим механизмом», рус. изд. 10.2022, стр. PDF 13
KQ (Kaiquan);WQ/ES;100WQ/ES413-7.5;Cutter;100;0;7.5;1440;3~380 В;174.8;17.38;16;10;0;0;CatalogTable;KQ (Kaiquan) «WQ/ES — малые погружные канализационные насосы с режущим механизмом», рус. изд. 10.2022, стр. PDF 13
KQ (Kaiquan);WQ/ES;100WQ/ES414-5.5;Cutter;100;0;5.5;1440;3~380 В;151.61;14.13;16;10;0;0;CatalogTable;KQ (Kaiquan) «WQ/ES — малые погружные канализационные насосы с режущим механизмом», рус. изд. 10.2022, стр. PDF 13
KQ (Kaiquan);WQ/ES;100WQ/ES411-15;Cutter;100;0;15.0;1460;3~380 В;236.07;24.94;16;10;0;0;CatalogTable;KQ (Kaiquan) «WQ/ES — малые погружные канализационные насосы с режущим механизмом», рус. изд. 10.2022, стр. PDF 14
KQ (Kaiquan);WQ/ES;100WQ/ES412-11;Cutter;100;0;11.0;1460;3~380 В;189.06;20.32;16;10;0;0;CatalogTable;KQ (Kaiquan) «WQ/ES — малые погружные канализационные насосы с режущим механизмом», рус. изд. 10.2022, стр. PDF 14
HOMA;MXS13;MXS1328-T72;SingleChannel;80;80.0;9.5;2900;3~400 В 50 Гц;160.22;21.523;20;20;0;0;CatalogTable;HOMA «Pumps for wastewater treatment. Submersible sewage pumps MXS, V(X), K(X), DN 80–DN 150», изд. 2026-01, стр. 17
HOMA;MXS13;MXS1330-T82;SingleChannel;80;80.0;11.5;2900;3~400 В 50 Гц;160.33;26.771;20;20;0;0;CatalogTable;HOMA «Pumps for wastewater treatment. Submersible sewage pumps MXS, V(X), K(X), DN 80–DN 150», изд. 2026-01, стр. 17
HOMA;MXS13;MXS1332-T82;SingleChannel;80;80.0;11.5;2900;3~400 В 50 Гц;124.86;32.78;20;20;0;0;CatalogTable;HOMA «Pumps for wastewater treatment. Submersible sewage pumps MXS, V(X), K(X), DN 80–DN 150», изд. 2026-01, стр. 17
HOMA;MXS13;MXS1332-P92;SingleChannel;80;80.0;14.4;2900;3~400 В 50 Гц;176.15;32.78;20;20;0;0;CatalogTable;HOMA «Pumps for wastewater treatment. Submersible sewage pumps MXS, V(X), K(X), DN 80–DN 150», изд. 2026-01, стр. 17
HOMA;MXS13;MXS1334-P92;SingleChannel;80;80.0;14.4;2900;3~400 В 50 Гц;154.47;39.707;20;20;0;0;CatalogTable;HOMA «Pumps for wastewater treatment. Submersible sewage pumps MXS, V(X), K(X), DN 80–DN 150», изд. 2026-01, стр. 17
HOMA;MXS13;MXS1334-P102;SingleChannel;80;80.0;19.6;2900;3~400 В 50 Гц;194.34;39.707;20;20;0;0;CatalogTable;HOMA «Pumps for wastewater treatment. Submersible sewage pumps MXS, V(X), K(X), DN 80–DN 150», изд. 2026-01, стр. 17
HOMA;MXS13;MXS1336-P92;SingleChannel;80;80.0;14.4;2900;3~400 В 50 Гц;117.58;44.114;20;20;0;0;CatalogTable;HOMA «Pumps for wastewater treatment. Submersible sewage pumps MXS, V(X), K(X), DN 80–DN 150», изд. 2026-01, стр. 17
HOMA;MXS13;MXS1336-P102;SingleChannel;80;80.0;19.6;2900;3~400 В 50 Гц;189.76;44.114;20;20;0;0;CatalogTable;HOMA «Pumps for wastewater treatment. Submersible sewage pumps MXS, V(X), K(X), DN 80–DN 150», изд. 2026-01, стр. 17
HOMA;MXS13;MXS1338-P102;SingleChannel;80;80.0;19.6;2900;3~400 В 50 Гц;166.83;51.175;20;20;0;0;CatalogTable;HOMA «Pumps for wastewater treatment. Submersible sewage pumps MXS, V(X), K(X), DN 80–DN 150», изд. 2026-01, стр. 17
HOMA;MXS13;MXS1338-P122;SingleChannel;80;80.0;25.4;2900;3~400 В 50 Гц;200.74;51.175;20;20;0;0;CatalogTable;HOMA «Pumps for wastewater treatment. Submersible sewage pumps MXS, V(X), K(X), DN 80–DN 150», изд. 2026-01, стр. 17
HOMA;MXS13;MXS1328-ET72;SingleChannel;80;80.0;9.5;2900;3~400 В 50 Гц;160.22;21.523;20;20;0;0;CatalogTable;HOMA «Pumps for wastewater treatment. Submersible sewage pumps MXS, V(X), K(X), DN 80–DN 150», изд. 2026-01, стр. 17
HOMA;MXS13;MXS1330-ET82;SingleChannel;80;80.0;11.5;2900;3~400 В 50 Гц;160.33;26.771;20;20;0;0;CatalogTable;HOMA «Pumps for wastewater treatment. Submersible sewage pumps MXS, V(X), K(X), DN 80–DN 150», изд. 2026-01, стр. 17
HOMA;MXS13;MXS1332-ET82;SingleChannel;80;80.0;11.5;2900;3~400 В 50 Гц;124.86;32.78;20;20;0;0;CatalogTable;HOMA «Pumps for wastewater treatment. Submersible sewage pumps MXS, V(X), K(X), DN 80–DN 150», изд. 2026-01, стр. 17
HOMA;MXS13;MXS1332-PU92;SingleChannel;80;80.0;14.4;2900;3~400 В 50 Гц;176.15;32.78;20;20;0;0;CatalogTable;HOMA «Pumps for wastewater treatment. Submersible sewage pumps MXS, V(X), K(X), DN 80–DN 150», изд. 2026-01, стр. 17
HOMA;MXS13;MXS1334-PU92;SingleChannel;80;80.0;14.4;2900;3~400 В 50 Гц;154.47;39.707;20;20;0;0;CatalogTable;HOMA «Pumps for wastewater treatment. Submersible sewage pumps MXS, V(X), K(X), DN 80–DN 150», изд. 2026-01, стр. 17
HOMA;MXS13;MXS1334-PU102;SingleChannel;80;80.0;19.6;2900;3~400 В 50 Гц;194.34;39.707;20;20;0;0;CatalogTable;HOMA «Pumps for wastewater treatment. Submersible sewage pumps MXS, V(X), K(X), DN 80–DN 150», изд. 2026-01, стр. 17
HOMA;MXS13;MXS1336-PU92;SingleChannel;80;80.0;14.4;2900;3~400 В 50 Гц;117.58;44.114;20;20;0;0;CatalogTable;HOMA «Pumps for wastewater treatment. Submersible sewage pumps MXS, V(X), K(X), DN 80–DN 150», изд. 2026-01, стр. 17
HOMA;MXS13;MXS1336-PU102;SingleChannel;80;80.0;19.6;2900;3~400 В 50 Гц;189.76;44.114;20;20;0;0;CatalogTable;HOMA «Pumps for wastewater treatment. Submersible sewage pumps MXS, V(X), K(X), DN 80–DN 150», изд. 2026-01, стр. 17
HOMA;MXS13;MXS1338-PU102;SingleChannel;80;80.0;19.6;2900;3~400 В 50 Гц;166.83;51.175;20;20;0;0;CatalogTable;HOMA «Pumps for wastewater treatment. Submersible sewage pumps MXS, V(X), K(X), DN 80–DN 150», изд. 2026-01, стр. 17
HOMA;MXS13;MXS1338-PU122;SingleChannel;80;80.0;25.4;2900;3~400 В 50 Гц;200.74;51.175;20;20;0;0;CatalogTable;HOMA «Pumps for wastewater treatment. Submersible sewage pumps MXS, V(X), K(X), DN 80–DN 150», изд. 2026-01, стр. 17
HOMA;MXS13;MXS1328-C24;SingleChannel;80;80.0;1.3;1450;3~400 В 50 Гц;71.13;5.54;20;0;0;0;CatalogTable;HOMA «Pumps for wastewater treatment. Submersible sewage pumps MXS, V(X), K(X), DN 80–DN 150», изд. 2026-01, стр. 18
HOMA;MXS13;MXS1330-C24;SingleChannel;80;80.0;1.3;1450;3~400 В 50 Гц;81.85;7.011;20;0;0;0;CatalogTable;HOMA «Pumps for wastewater treatment. Submersible sewage pumps MXS, V(X), K(X), DN 80–DN 150», изд. 2026-01, стр. 18
HOMA;MXS13;MXS1332-D44;SingleChannel;80;80.0;2.6;1450;3~400 В 50 Гц;91.43;8.011;20;0;0;0;CatalogTable;HOMA «Pumps for wastewater treatment. Submersible sewage pumps MXS, V(X), K(X), DN 80–DN 150», изд. 2026-01, стр. 18
HOMA;MXS13;MXS1334-D44;SingleChannel;80;80.0;2.6;1450;3~400 В 50 Гц;103.07;9.724;20;0;0;0;CatalogTable;HOMA «Pumps for wastewater treatment. Submersible sewage pumps MXS, V(X), K(X), DN 80–DN 150», изд. 2026-01, стр. 18
HOMA;MXS13;MXS1336-D44;SingleChannel;80;80.0;2.6;1450;3~400 В 50 Гц;111.05;10.896;20;0;0;0;CatalogTable;HOMA «Pumps for wastewater treatment. Submersible sewage pumps MXS, V(X), K(X), DN 80–DN 150», изд. 2026-01, стр. 18
HOMA;MXS13;MXS1338-D44;SingleChannel;80;80.0;2.6;1450;3~400 В 50 Гц;120.78;12.609;20;0;0;0;CatalogTable;HOMA «Pumps for wastewater treatment. Submersible sewage pumps MXS, V(X), K(X), DN 80–DN 150», изд. 2026-01, стр. 18
HOMA;MXS13;MXS1340-T34;SingleChannel;80;80.0;2.9;1450;3~400 В 50 Гц;106.82;15.393;20;0;0;0;CatalogTable;HOMA «Pumps for wastewater treatment. Submersible sewage pumps MXS, V(X), K(X), DN 80–DN 150», изд. 2026-01, стр. 18
HOMA;MXS13;MXS1340-T44;SingleChannel;80;80.0;3.7;1450;3~400 В 50 Гц;142.39;15.393;20;0;0;0;CatalogTable;HOMA «Pumps for wastewater treatment. Submersible sewage pumps MXS, V(X), K(X), DN 80–DN 150», изд. 2026-01, стр. 18
HOMA;MXS13;MXS1342-T44;SingleChannel;80;80.0;3.7;1450;3~400 В 50 Гц;156.32;17.407;20;0;0;0;CatalogTable;HOMA «Pumps for wastewater treatment. Submersible sewage pumps MXS, V(X), K(X), DN 80–DN 150», изд. 2026-01, стр. 18
HOMA;MXS13;MXS1344-T44;SingleChannel;80;80.0;3.7;1450;3~400 В 50 Гц;87.24;19.64;20;0;0;0;CatalogTable;HOMA «Pumps for wastewater treatment. Submersible sewage pumps MXS, V(X), K(X), DN 80–DN 150», изд. 2026-01, стр. 18
HOMA;MXS13;MXS1344-T54;SingleChannel;80;80.0;5.0;1450;3~400 В 50 Гц;162.08;19.64;20;0;0;0;CatalogTable;HOMA «Pumps for wastewater treatment. Submersible sewage pumps MXS, V(X), K(X), DN 80–DN 150», изд. 2026-01, стр. 18
HOMA;MXS13;MXS1346-T54;SingleChannel;80;80.0;5.0;1450;3~400 В 50 Гц;129.42;21.533;20;0;0;0;CatalogTable;HOMA «Pumps for wastewater treatment. Submersible sewage pumps MXS, V(X), K(X), DN 80–DN 150», изд. 2026-01, стр. 18
HOMA;MXS13;MXS1346-T64;SingleChannel;80;80.0;6.5;1450;3~400 В 50 Гц;184.54;21.533;20;0;0;0;CatalogTable;HOMA «Pumps for wastewater treatment. Submersible sewage pumps MXS, V(X), K(X), DN 80–DN 150», изд. 2026-01, стр. 18
HOMA;MXS13;MXS1328-ET34;SingleChannel;80;80.0;2.9;1450;3~400 В 50 Гц;71.13;5.54;20;0;0;0;CatalogTable;HOMA «Pumps for wastewater treatment. Submersible sewage pumps MXS, V(X), K(X), DN 80–DN 150», изд. 2026-01, стр. 18
HOMA;MXS13;MXS1330-ET34;SingleChannel;80;80.0;2.9;1450;3~400 В 50 Гц;81.85;7.011;20;0;0;0;CatalogTable;HOMA «Pumps for wastewater treatment. Submersible sewage pumps MXS, V(X), K(X), DN 80–DN 150», изд. 2026-01, стр. 18
HOMA;MXS13;MXS1332-ET34;SingleChannel;80;80.0;2.9;1450;3~400 В 50 Гц;91.43;8.011;20;0;0;0;CatalogTable;HOMA «Pumps for wastewater treatment. Submersible sewage pumps MXS, V(X), K(X), DN 80–DN 150», изд. 2026-01, стр. 18
HOMA;MXS13;MXS1334-ET34;SingleChannel;80;80.0;2.9;1450;3~400 В 50 Гц;103.07;9.724;20;0;0;0;CatalogTable;HOMA «Pumps for wastewater treatment. Submersible sewage pumps MXS, V(X), K(X), DN 80–DN 150», изд. 2026-01, стр. 18
HOMA;MXS13;MXS1336-ET34;SingleChannel;80;80.0;2.9;1450;3~400 В 50 Гц;111.05;10.896;20;0;0;0;CatalogTable;HOMA «Pumps for wastewater treatment. Submersible sewage pumps MXS, V(X), K(X), DN 80–DN 150», изд. 2026-01, стр. 18
HOMA;MXS13;MXS1338-ET34;SingleChannel;80;80.0;2.9;1450;3~400 В 50 Гц;120.78;12.609;20;0;0;0;CatalogTable;HOMA «Pumps for wastewater treatment. Submersible sewage pumps MXS, V(X), K(X), DN 80–DN 150», изд. 2026-01, стр. 18
HOMA;MXS13;MXS1340-ET34;SingleChannel;80;80.0;2.9;1450;3~400 В 50 Гц;106.82;15.393;20;0;0;0;CatalogTable;HOMA «Pumps for wastewater treatment. Submersible sewage pumps MXS, V(X), K(X), DN 80–DN 150», изд. 2026-01, стр. 18
HOMA;MXS13;MXS1340-ET44;SingleChannel;80;80.0;3.7;1450;3~400 В 50 Гц;142.39;15.393;20;0;0;0;CatalogTable;HOMA «Pumps for wastewater treatment. Submersible sewage pumps MXS, V(X), K(X), DN 80–DN 150», изд. 2026-01, стр. 18
HOMA;MXS13;MXS1342-ET44;SingleChannel;80;80.0;3.7;1450;3~400 В 50 Гц;156.32;17.407;20;0;0;0;CatalogTable;HOMA «Pumps for wastewater treatment. Submersible sewage pumps MXS, V(X), K(X), DN 80–DN 150», изд. 2026-01, стр. 18
HOMA;MXS13;MXS1344-ET44;SingleChannel;80;80.0;3.7;1450;3~400 В 50 Гц;87.24;19.64;20;0;0;0;CatalogTable;HOMA «Pumps for wastewater treatment. Submersible sewage pumps MXS, V(X), K(X), DN 80–DN 150», изд. 2026-01, стр. 18
HOMA;MXS13;MXS1344-ET54;SingleChannel;80;80.0;5.0;1450;3~400 В 50 Гц;162.08;19.64;20;0;0;0;CatalogTable;HOMA «Pumps for wastewater treatment. Submersible sewage pumps MXS, V(X), K(X), DN 80–DN 150», изд. 2026-01, стр. 18
HOMA;MXS13;MXS1346-ET54;SingleChannel;80;80.0;5.0;1450;3~400 В 50 Гц;129.42;21.533;20;0;0;0;CatalogTable;HOMA «Pumps for wastewater treatment. Submersible sewage pumps MXS, V(X), K(X), DN 80–DN 150», изд. 2026-01, стр. 18
HOMA;MXS13;MXS1346-ET64;SingleChannel;80;80.0;6.5;1450;3~400 В 50 Гц;184.54;21.533;20;0;0;0;CatalogTable;HOMA «Pumps for wastewater treatment. Submersible sewage pumps MXS, V(X), K(X), DN 80–DN 150», изд. 2026-01, стр. 18
HOMA;V13;V1334-T62;Vortex;80;80.0;6.4;2900;3~400 В 50 Гц;82.51;24.349;20;0;0;0;CatalogTable;HOMA «Pumps for wastewater treatment. Submersible sewage pumps MXS, V(X), K(X), DN 80–DN 150», изд. 2026-01, стр. 19
HOMA;V13;V1335-T72;Vortex;80;80.0;9.5;2900;3~400 В 50 Гц;92.36;28.437;20;0;0;0;CatalogTable;HOMA «Pumps for wastewater treatment. Submersible sewage pumps MXS, V(X), K(X), DN 80–DN 150», изд. 2026-01, стр. 19
HOMA;V13;V1337-T72;Vortex;80;80.0;9.5;2900;3~400 В 50 Гц;82.24;31.038;20;0;0;0;CatalogTable;HOMA «Pumps for wastewater treatment. Submersible sewage pumps MXS, V(X), K(X), DN 80–DN 150», изд. 2026-01, стр. 19
HOMA;V13;V1339-T82;Vortex;80;80.0;11.5;2900;3~400 В 50 Гц;88.22;35.342;20;0;0;0;CatalogTable;HOMA «Pumps for wastewater treatment. Submersible sewage pumps MXS, V(X), K(X), DN 80–DN 150», изд. 2026-01, стр. 19
HOMA;V13;V1342-P102;Vortex;80;80.0;19.6;2900;3~400 В 50 Гц;124.34;40.872;20;0;0;0;CatalogTable;HOMA «Pumps for wastewater treatment. Submersible sewage pumps MXS, V(X), K(X), DN 80–DN 150», изд. 2026-01, стр. 19
HOMA;V13;V1343-P102;Vortex;80;80.0;19.6;2900;3~400 В 50 Гц;120.24;43.676;20;0;0;0;CatalogTable;HOMA «Pumps for wastewater treatment. Submersible sewage pumps MXS, V(X), K(X), DN 80–DN 150», изд. 2026-01, стр. 19
HOMA;V13;V1344-P122;Vortex;80;80.0;25.4;2900;3~400 В 50 Гц;108.26;47.869;20;0;0;0;CatalogTable;HOMA «Pumps for wastewater treatment. Submersible sewage pumps MXS, V(X), K(X), DN 80–DN 150», изд. 2026-01, стр. 19
HOMA;V13;V1345-P122;Vortex;80;80.0;25.4;2900;3~400 В 50 Гц;108.1;53.667;20;0;0;0;CatalogTable;HOMA «Pumps for wastewater treatment. Submersible sewage pumps MXS, V(X), K(X), DN 80–DN 150», изд. 2026-01, стр. 19
HOMA;V13;V1334-ET62;Vortex;80;80.0;6.4;2900;3~400 В 50 Гц;82.51;24.349;20;0;0;0;CatalogTable;HOMA «Pumps for wastewater treatment. Submersible sewage pumps MXS, V(X), K(X), DN 80–DN 150», изд. 2026-01, стр. 19
HOMA;V13;V1335-ET72;Vortex;80;80.0;9.5;2900;3~400 В 50 Гц;92.36;28.437;20;0;0;0;CatalogTable;HOMA «Pumps for wastewater treatment. Submersible sewage pumps MXS, V(X), K(X), DN 80–DN 150», изд. 2026-01, стр. 19
HOMA;V13;V1337-ET72;Vortex;80;80.0;9.5;2900;3~400 В 50 Гц;82.24;31.038;20;0;0;0;CatalogTable;HOMA «Pumps for wastewater treatment. Submersible sewage pumps MXS, V(X), K(X), DN 80–DN 150», изд. 2026-01, стр. 19
HOMA;V13;V1339-ET82;Vortex;80;80.0;11.5;2900;3~400 В 50 Гц;88.22;35.342;20;0;0;0;CatalogTable;HOMA «Pumps for wastewater treatment. Submersible sewage pumps MXS, V(X), K(X), DN 80–DN 150», изд. 2026-01, стр. 19
HOMA;V13;V1342-PU102;Vortex;80;80.0;19.6;2900;3~400 В 50 Гц;124.34;40.872;20;0;0;0;CatalogTable;HOMA «Pumps for wastewater treatment. Submersible sewage pumps MXS, V(X), K(X), DN 80–DN 150», изд. 2026-01, стр. 19
HOMA;V13;V1343-PU102;Vortex;80;80.0;19.6;2900;3~400 В 50 Гц;120.24;43.676;20;0;0;0;CatalogTable;HOMA «Pumps for wastewater treatment. Submersible sewage pumps MXS, V(X), K(X), DN 80–DN 150», изд. 2026-01, стр. 19
HOMA;V13;V1344-PU122;Vortex;80;80.0;25.4;2900;3~400 В 50 Гц;108.26;47.869;20;0;0;0;CatalogTable;HOMA «Pumps for wastewater treatment. Submersible sewage pumps MXS, V(X), K(X), DN 80–DN 150», изд. 2026-01, стр. 19
HOMA;V13;V1345-PU122;Vortex;80;80.0;25.4;2900;3~400 В 50 Гц;108.1;53.667;20;0;0;0;CatalogTable;HOMA «Pumps for wastewater treatment. Submersible sewage pumps MXS, V(X), K(X), DN 80–DN 150», изд. 2026-01, стр. 19
HOMA;V13;V1334-C24;Vortex;80;80.0;1.3;1450;3~400 В 50 Гц;53.48;7.005;20;20;0;0;CatalogTable;HOMA «Pumps for wastewater treatment. Submersible sewage pumps MXS, V(X), K(X), DN 80–DN 150», изд. 2026-01, стр. 20
HOMA;V13;V1336-C24;Vortex;80;80.0;1.3;1450;3~400 В 50 Гц;60.74;8.375;20;20;0;0;CatalogTable;HOMA «Pumps for wastewater treatment. Submersible sewage pumps MXS, V(X), K(X), DN 80–DN 150», изд. 2026-01, стр. 20
HOMA;V13;V1344-D44;Vortex;80;80.0;2.6;1450;3~400 В 50 Гц;79.08;10.773;20;20;0;0;CatalogTable;HOMA «Pumps for wastewater treatment. Submersible sewage pumps MXS, V(X), K(X), DN 80–DN 150», изд. 2026-01, стр. 20
HOMA;V13;V1346-D44;Vortex;80;80.0;2.6;1450;3~400 В 50 Гц;92.03;12.764;20;20;0;0;CatalogTable;HOMA «Pumps for wastewater treatment. Submersible sewage pumps MXS, V(X), K(X), DN 80–DN 150», изд. 2026-01, стр. 20
HOMA;VX13;VX1345-T44;Vortex;80;80.0;3.7;1450;3~400 В 50 Гц;62.13;14.625;20;20;0;0;CatalogTable;HOMA «Pumps for wastewater treatment. Submersible sewage pumps MXS, V(X), K(X), DN 80–DN 150», изд. 2026-01, стр. 20
HOMA;VX13;VX1345-T54;Vortex;80;80.0;5.0;1450;3~400 В 50 Гц;121.03;14.625;20;20;0;0;CatalogTable;HOMA «Pumps for wastewater treatment. Submersible sewage pumps MXS, V(X), K(X), DN 80–DN 150», изд. 2026-01, стр. 20
HOMA;VX13;VX1346-T64;Vortex;80;80.0;6.5;1450;3~400 В 50 Гц;131.42;17.13;20;20;0;0;CatalogTable;HOMA «Pumps for wastewater treatment. Submersible sewage pumps MXS, V(X), K(X), DN 80–DN 150», изд. 2026-01, стр. 20
HOMA;MXS23;MXS2328-T72;SingleChannel;100;80.0;9.5;2900;3~400 В 50 Гц;160.67;21.262;20;0;0;0;CatalogTable;HOMA «Pumps for wastewater treatment. Submersible sewage pumps MXS, V(X), K(X), DN 80–DN 150», изд. 2026-01, стр. 21
HOMA;MXS23;MXS2330-T82;SingleChannel;100;80.0;11.5;2900;3~400 В 50 Гц;195.94;27.506;20;0;0;0;CatalogTable;HOMA «Pumps for wastewater treatment. Submersible sewage pumps MXS, V(X), K(X), DN 80–DN 150», изд. 2026-01, стр. 21
HOMA;MXS23;MXS2332-T82;SingleChannel;100;80.0;11.5;2900;3~400 В 50 Гц;139.4;33.584;20;0;0;0;CatalogTable;HOMA «Pumps for wastewater treatment. Submersible sewage pumps MXS, V(X), K(X), DN 80–DN 150», изд. 2026-01, стр. 21
HOMA;MXS23;MXS2332-P92;SingleChannel;100;80.0;14.4;2900;3~400 В 50 Гц;206.24;33.584;20;0;0;0;CatalogTable;HOMA «Pumps for wastewater treatment. Submersible sewage pumps MXS, V(X), K(X), DN 80–DN 150», изд. 2026-01, стр. 21
HOMA;MXS23;MXS2334-P92;SingleChannel;100;80.0;14.4;2900;3~400 В 50 Гц;187.84;40.023;20;0;0;0;CatalogTable;HOMA «Pumps for wastewater treatment. Submersible sewage pumps MXS, V(X), K(X), DN 80–DN 150», изд. 2026-01, стр. 21
HOMA;MXS23;MXS2334-P102;SingleChannel;100;80.0;19.6;2900;3~400 В 50 Гц;210.84;40.023;20;0;0;0;CatalogTable;HOMA «Pumps for wastewater treatment. Submersible sewage pumps MXS, V(X), K(X), DN 80–DN 150», изд. 2026-01, стр. 21
HOMA;MXS23;MXS2336-P92;SingleChannel;100;80.0;14.4;2900;3~400 В 50 Гц;118.0;44.133;20;0;0;0;CatalogTable;HOMA «Pumps for wastewater treatment. Submersible sewage pumps MXS, V(X), K(X), DN 80–DN 150», изд. 2026-01, стр. 21
HOMA;MXS23;MXS2336-P102;SingleChannel;100;80.0;19.6;2900;3~400 В 50 Гц;190.59;44.133;20;0;0;0;CatalogTable;HOMA «Pumps for wastewater treatment. Submersible sewage pumps MXS, V(X), K(X), DN 80–DN 150», изд. 2026-01, стр. 21
HOMA;MXS23;MXS2338-P102;SingleChannel;100;80.0;19.6;2900;3~400 В 50 Гц;165.9;51.288;20;0;0;0;CatalogTable;HOMA «Pumps for wastewater treatment. Submersible sewage pumps MXS, V(X), K(X), DN 80–DN 150», изд. 2026-01, стр. 21
HOMA;MXS23;MXS2338-P122;SingleChannel;100;80.0;25.4;2900;3~400 В 50 Гц;200.74;51.288;20;0;0;0;CatalogTable;HOMA «Pumps for wastewater treatment. Submersible sewage pumps MXS, V(X), K(X), DN 80–DN 150», изд. 2026-01, стр. 21
HOMA;MXS23;MXS2340-F152;SingleChannel;100;80.0;35.0;2900;3~400 В 50 Гц;140.98;58.188;20;0;0;0;CatalogTable;HOMA «Pumps for wastewater treatment. Submersible sewage pumps MXS, V(X), K(X), DN 80–DN 150», изд. 2026-01, стр. 21
HOMA;MXS23;MXS2341-F152;SingleChannel;100;80.0;35.0;2900;3~400 В 50 Гц;148.66;64.474;20;0;0;0;CatalogTable;HOMA «Pumps for wastewater treatment. Submersible sewage pumps MXS, V(X), K(X), DN 80–DN 150», изд. 2026-01, стр. 21
HOMA;MXS23;MXS2342-F152;SingleChannel;100;80.0;35.0;2900;3~400 В 50 Гц;158.51;69.371;20;0;0;0;CatalogTable;HOMA «Pumps for wastewater treatment. Submersible sewage pumps MXS, V(X), K(X), DN 80–DN 150», изд. 2026-01, стр. 21
HOMA;MXS23;MXS2344-F152;SingleChannel;100;80.0;35.0;2900;3~400 В 50 Гц;163.67;74.771;20;0;0;0;CatalogTable;HOMA «Pumps for wastewater treatment. Submersible sewage pumps MXS, V(X), K(X), DN 80–DN 150», изд. 2026-01, стр. 21
HOMA;MXS23;MXS2345-F162;SingleChannel;100;80.0;40.0;2900;3~400 В 50 Гц;167.97;59.838;20;0;0;0;CatalogTable;HOMA «Pumps for wastewater treatment. Submersible sewage pumps MXS, V(X), K(X), DN 80–DN 150», изд. 2026-01, стр. 21
HOMA;MXS23;MXS2346-F162;SingleChannel;100;80.0;40.0;2900;3~400 В 50 Гц;173.8;79.792;20;0;0;0;CatalogTable;HOMA «Pumps for wastewater treatment. Submersible sewage pumps MXS, V(X), K(X), DN 80–DN 150», изд. 2026-01, стр. 21
HOMA;MXS23;MXS2328-C24;SingleChannel;100;80.0;1.3;1450;3~400 В 50 Гц;75.37;5.403;20;0;0;0;CatalogTable;HOMA «Pumps for wastewater treatment. Submersible sewage pumps MXS, V(X), K(X), DN 80–DN 150», изд. 2026-01, стр. 22
HOMA;MXS23;MXS2330-C24;SingleChannel;100;80.0;1.3;1450;3~400 В 50 Гц;83.85;6.887;20;0;0;0;CatalogTable;HOMA «Pumps for wastewater treatment. Submersible sewage pumps MXS, V(X), K(X), DN 80–DN 150», изд. 2026-01, стр. 22
HOMA;MXS23;MXS2332-D44;SingleChannel;100;80.0;2.6;1450;3~400 В 50 Гц;95.5;8.27;20;0;0;0;CatalogTable;HOMA «Pumps for wastewater treatment. Submersible sewage pumps MXS, V(X), K(X), DN 80–DN 150», изд. 2026-01, стр. 22
HOMA;MXS23;MXS2334-D44;SingleChannel;100;80.0;2.6;1450;3~400 В 50 Гц;100.42;9.862;20;0;0;0;CatalogTable;HOMA «Pumps for wastewater treatment. Submersible sewage pumps MXS, V(X), K(X), DN 80–DN 150», изд. 2026-01, стр. 22
HOMA;MXS23;MXS2336-D44;SingleChannel;100;80.0;2.6;1450;3~400 В 50 Гц;110.35;10.981;20;0;0;0;CatalogTable;HOMA «Pumps for wastewater treatment. Submersible sewage pumps MXS, V(X), K(X), DN 80–DN 150», изд. 2026-01, стр. 22
HOMA;MXS23;MXS2338-D44;SingleChannel;100;80.0;2.6;1450;3~400 В 50 Гц;120.49;12.649;20;0;0;0;CatalogTable;HOMA «Pumps for wastewater treatment. Submersible sewage pumps MXS, V(X), K(X), DN 80–DN 150», изд. 2026-01, стр. 22
HOMA;MXS23;MXS2340-T34;SingleChannel;100;80.0;2.9;1450;3~400 В 50 Гц;106.11;15.313;20;0;0;0;CatalogTable;HOMA «Pumps for wastewater treatment. Submersible sewage pumps MXS, V(X), K(X), DN 80–DN 150», изд. 2026-01, стр. 22
HOMA;MXS23;MXS2340-T44;SingleChannel;100;80.0;3.7;1450;3~400 В 50 Гц;139.72;15.313;20;0;0;0;CatalogTable;HOMA «Pumps for wastewater treatment. Submersible sewage pumps MXS, V(X), K(X), DN 80–DN 150», изд. 2026-01, стр. 22
HOMA;MXS23;MXS2342-T44;SingleChannel;100;80.0;3.7;1450;3~400 В 50 Гц;156.01;;20;0;0;0;CatalogTable;HOMA «Pumps for wastewater treatment. Submersible sewage pumps MXS, V(X), K(X), DN 80–DN 150», изд. 2026-01, стр. 22
HOMA;MXS23;MXS2344-T44;SingleChannel;100;80.0;3.7;1450;3~400 В 50 Гц;87.22;;20;0;0;0;CatalogTable;HOMA «Pumps for wastewater treatment. Submersible sewage pumps MXS, V(X), K(X), DN 80–DN 150», изд. 2026-01, стр. 22
HOMA;MXS23;MXS2344-T54;SingleChannel;100;80.0;5.0;1450;3~400 В 50 Гц;169.65;;20;0;0;0;CatalogTable;HOMA «Pumps for wastewater treatment. Submersible sewage pumps MXS, V(X), K(X), DN 80–DN 150», изд. 2026-01, стр. 22
HOMA;MXS23;MXS2346-T54;SingleChannel;100;80.0;5.0;1450;3~400 В 50 Гц;129.48;21.436;20;0;0;0;CatalogTable;HOMA «Pumps for wastewater treatment. Submersible sewage pumps MXS, V(X), K(X), DN 80–DN 150», изд. 2026-01, стр. 22
HOMA;MXS23;MXS2346-T64;SingleChannel;100;80.0;6.5;1450;3~400 В 50 Гц;184.92;21.436;20;0;0;0;CatalogTable;HOMA «Pumps for wastewater treatment. Submersible sewage pumps MXS, V(X), K(X), DN 80–DN 150», изд. 2026-01, стр. 22
HOMA;MXS23;MXS2350-T64;SingleChannel;100;80.0;6.5;1450;3~400 В 50 Гц;126.52;;20;0;0;0;CatalogTable;HOMA «Pumps for wastewater treatment. Submersible sewage pumps MXS, V(X), K(X), DN 80–DN 150», изд. 2026-01, стр. 22
HOMA;MXS23;MXS2351-T64;SingleChannel;100;80.0;6.5;1450;3~400 В 50 Гц;122.63;26.944;20;0;0;0;CatalogTable;HOMA «Pumps for wastewater treatment. Submersible sewage pumps MXS, V(X), K(X), DN 80–DN 150», изд. 2026-01, стр. 22
HOMA;MXS23;MXS2351-ET74;SingleChannel;100;80.0;8.5;1450;3~400 В 50 Гц;188.89;26.944;20;0;0;0;CatalogTable;HOMA «Pumps for wastewater treatment. Submersible sewage pumps MXS, V(X), K(X), DN 80–DN 150», изд. 2026-01, стр. 22
HOMA;MXS23;MXS2352-ET74;SingleChannel;100;80.0;8.5;1450;3~400 В 50 Гц;194.93;28.934;20;0;0;0;CatalogTable;HOMA «Pumps for wastewater treatment. Submersible sewage pumps MXS, V(X), K(X), DN 80–DN 150», изд. 2026-01, стр. 22
HOMA;KX23;KX2360-F114;MultiChannel;100;80.0;22.0;1450;3~400 В 50 Гц;254.64;35.928;20;20;0;0;CatalogTable;HOMA «Pumps for wastewater treatment. Submersible sewage pumps MXS, V(X), K(X), DN 80–DN 150», изд. 2026-01, стр. 23
HOMA;KX23;KX2360-F124;MultiChannel;100;80.0;25.6;1450;3~400 В 50 Гц;350.15;35.928;20;20;0;0;CatalogTable;HOMA «Pumps for wastewater treatment. Submersible sewage pumps MXS, V(X), K(X), DN 80–DN 150», изд. 2026-01, стр. 23
HOMA;KX23;KX2362-F124;MultiChannel;100;80.0;25.6;1450;3~400 В 50 Гц;309.5;38.453;20;20;0;0;CatalogTable;HOMA «Pumps for wastewater treatment. Submersible sewage pumps MXS, V(X), K(X), DN 80–DN 150», изд. 2026-01, стр. 23
HOMA;KX23;KX2362-F134;MultiChannel;100;80.0;29.2;1450;3~400 В 50 Гц;350.17;38.453;20;20;0;0;CatalogTable;HOMA «Pumps for wastewater treatment. Submersible sewage pumps MXS, V(X), K(X), DN 80–DN 150», изд. 2026-01, стр. 23
HOMA;KX23;KX2364-F124;MultiChannel;100;80.0;25.6;1450;3~400 В 50 Гц;266.76;41.281;20;20;0;0;CatalogTable;HOMA «Pumps for wastewater treatment. Submersible sewage pumps MXS, V(X), K(X), DN 80–DN 150», изд. 2026-01, стр. 23
HOMA;KX23;KX2364-F134;MultiChannel;100;80.0;29.2;1450;3~400 В 50 Гц;346.98;41.281;20;20;0;0;CatalogTable;HOMA «Pumps for wastewater treatment. Submersible sewage pumps MXS, V(X), K(X), DN 80–DN 150», изд. 2026-01, стр. 23
HOMA;KX23;KX2366-F134;MultiChannel;100;80.0;29.2;1450;3~400 В 50 Гц;305.46;;20;20;0;0;CatalogTable;HOMA «Pumps for wastewater treatment. Submersible sewage pumps MXS, V(X), K(X), DN 80–DN 150», изд. 2026-01, стр. 23
HOMA;KX23;KX2366-F144;MultiChannel;100;80.0;33.0;1450;3~400 В 50 Гц;350.49;;20;20;0;0;CatalogTable;HOMA «Pumps for wastewater treatment. Submersible sewage pumps MXS, V(X), K(X), DN 80–DN 150», изд. 2026-01, стр. 23
HOMA;KX23;KX2368-F144;MultiChannel;100;80.0;33.0;1450;3~400 В 50 Гц;324.25;47.851;20;20;0;0;CatalogTable;HOMA «Pumps for wastewater treatment. Submersible sewage pumps MXS, V(X), K(X), DN 80–DN 150», изд. 2026-01, стр. 23
HOMA;KX23;KX2368-G154;MultiChannel;100;80.0;37.4;1450;3~400 В 50 Гц;351.27;47.851;20;20;0;0;CatalogTable;HOMA «Pumps for wastewater treatment. Submersible sewage pumps MXS, V(X), K(X), DN 80–DN 150», изд. 2026-01, стр. 23
HOMA;KX23;KX2370-G144;MultiChannel;100;80.0;33.0;1450;3~400 В 50 Гц;278.34;51.368;20;20;0;0;CatalogTable;HOMA «Pumps for wastewater treatment. Submersible sewage pumps MXS, V(X), K(X), DN 80–DN 150», изд. 2026-01, стр. 23
HOMA;KX23;KX2370-G154;MultiChannel;100;80.0;37.4;1450;3~400 В 50 Гц;351.2;51.368;20;20;0;0;CatalogTable;HOMA «Pumps for wastewater treatment. Submersible sewage pumps MXS, V(X), K(X), DN 80–DN 150», изд. 2026-01, стр. 23
HOMA;KX23;KX2372-G154;MultiChannel;100;80.0;37.4;1450;3~400 В 50 Гц;290.08;55.568;20;20;0;0;CatalogTable;HOMA «Pumps for wastewater treatment. Submersible sewage pumps MXS, V(X), K(X), DN 80–DN 150», изд. 2026-01, стр. 23
HOMA;KX23;KX2372-G174;MultiChannel;100;80.0;46.1;1450;3~400 В 50 Гц;350.77;55.568;20;20;0;0;CatalogTable;HOMA «Pumps for wastewater treatment. Submersible sewage pumps MXS, V(X), K(X), DN 80–DN 150», изд. 2026-01, стр. 23
HOMA;KX23;KX2360-FU114;MultiChannel;100;80.0;22.0;1450;3~400 В 50 Гц;254.64;35.928;20;20;0;0;CatalogTable;HOMA «Pumps for wastewater treatment. Submersible sewage pumps MXS, V(X), K(X), DN 80–DN 150», изд. 2026-01, стр. 23
HOMA;KX23;KX2360-FU124;MultiChannel;100;80.0;25.6;1450;3~400 В 50 Гц;350.15;35.928;20;20;0;0;CatalogTable;HOMA «Pumps for wastewater treatment. Submersible sewage pumps MXS, V(X), K(X), DN 80–DN 150», изд. 2026-01, стр. 23
HOMA;KX23;KX2362-FU124;MultiChannel;100;80.0;25.6;1450;3~400 В 50 Гц;309.5;38.453;20;20;0;0;CatalogTable;HOMA «Pumps for wastewater treatment. Submersible sewage pumps MXS, V(X), K(X), DN 80–DN 150», изд. 2026-01, стр. 23
HOMA;KX23;KX2362-FU134;MultiChannel;100;80.0;29.2;1450;3~400 В 50 Гц;350.17;38.453;20;20;0;0;CatalogTable;HOMA «Pumps for wastewater treatment. Submersible sewage pumps MXS, V(X), K(X), DN 80–DN 150», изд. 2026-01, стр. 23
HOMA;KX23;KX2364-FU124;MultiChannel;100;80.0;25.6;1450;3~400 В 50 Гц;266.76;41.281;20;20;0;0;CatalogTable;HOMA «Pumps for wastewater treatment. Submersible sewage pumps MXS, V(X), K(X), DN 80–DN 150», изд. 2026-01, стр. 23
HOMA;KX23;KX2364-FU134;MultiChannel;100;80.0;29.2;1450;3~400 В 50 Гц;346.98;41.281;20;20;0;0;CatalogTable;HOMA «Pumps for wastewater treatment. Submersible sewage pumps MXS, V(X), K(X), DN 80–DN 150», изд. 2026-01, стр. 23
HOMA;KX23;KX2366-FU134;MultiChannel;100;80.0;29.2;1450;3~400 В 50 Гц;305.46;;20;20;0;0;CatalogTable;HOMA «Pumps for wastewater treatment. Submersible sewage pumps MXS, V(X), K(X), DN 80–DN 150», изд. 2026-01, стр. 23
HOMA;KX23;KX2366-FU144;MultiChannel;100;80.0;33.0;1450;3~400 В 50 Гц;350.49;;20;20;0;0;CatalogTable;HOMA «Pumps for wastewater treatment. Submersible sewage pumps MXS, V(X), K(X), DN 80–DN 150», изд. 2026-01, стр. 23
HOMA;KX23;KX2368-FU144;MultiChannel;100;80.0;33.0;1450;3~400 В 50 Гц;324.25;47.851;20;20;0;0;CatalogTable;HOMA «Pumps for wastewater treatment. Submersible sewage pumps MXS, V(X), K(X), DN 80–DN 150», изд. 2026-01, стр. 23
HOMA;KX23;KX2368-GU154;MultiChannel;100;80.0;37.4;1450;3~400 В 50 Гц;351.27;47.851;20;20;0;0;CatalogTable;HOMA «Pumps for wastewater treatment. Submersible sewage pumps MXS, V(X), K(X), DN 80–DN 150», изд. 2026-01, стр. 23
HOMA;KX23;KX2370-GU144;MultiChannel;100;80.0;33.0;1450;3~400 В 50 Гц;278.34;51.368;20;20;0;0;CatalogTable;HOMA «Pumps for wastewater treatment. Submersible sewage pumps MXS, V(X), K(X), DN 80–DN 150», изд. 2026-01, стр. 23
HOMA;KX23;KX2370-GU154;MultiChannel;100;80.0;37.4;1450;3~400 В 50 Гц;351.2;51.368;20;20;0;0;CatalogTable;HOMA «Pumps for wastewater treatment. Submersible sewage pumps MXS, V(X), K(X), DN 80–DN 150», изд. 2026-01, стр. 23
HOMA;KX23;KX2372-GU154;MultiChannel;100;80.0;37.4;1450;3~400 В 50 Гц;290.08;55.568;20;20;0;0;CatalogTable;HOMA «Pumps for wastewater treatment. Submersible sewage pumps MXS, V(X), K(X), DN 80–DN 150», изд. 2026-01, стр. 23
HOMA;KX23;KX2372-GU174;MultiChannel;100;80.0;46.1;1450;3~400 В 50 Гц;350.77;55.568;20;20;0;0;CatalogTable;HOMA «Pumps for wastewater treatment. Submersible sewage pumps MXS, V(X), K(X), DN 80–DN 150», изд. 2026-01, стр. 23
HOMA;MXS24;MXS2450-ET74;SingleChannel;100;100.0;8.5;1450;3~400 В 50 Гц;177.61;22.813;20;0;0;0;CatalogTable;HOMA «Pumps for wastewater treatment. Submersible sewage pumps MXS, V(X), K(X), DN 80–DN 150», изд. 2026-01, стр. 24
HOMA;MXS24;MXS2450-P84;SingleChannel;100;100.0;12.2;1450;3~400 В 50 Гц;260.5;22.813;20;0;0;0;CatalogTable;HOMA «Pumps for wastewater treatment. Submersible sewage pumps MXS, V(X), K(X), DN 80–DN 150», изд. 2026-01, стр. 24
HOMA;MXS24;MXS2460-P94;SingleChannel;100;100.0;14.6;1450;3~400 В 50 Гц;196.27;34.847;20;0;0;0;CatalogTable;HOMA «Pumps for wastewater treatment. Submersible sewage pumps MXS, V(X), K(X), DN 80–DN 150», изд. 2026-01, стр. 24
HOMA;MXS24;MXS2460-P104;SingleChannel;100;100.0;19.3;1450;3~400 В 50 Гц;350.13;34.847;20;0;0;0;CatalogTable;HOMA «Pumps for wastewater treatment. Submersible sewage pumps MXS, V(X), K(X), DN 80–DN 150», изд. 2026-01, стр. 24
HOMA;MXS24;MXS2438-T36;SingleChannel;100;100.0;2.3;960;3~400 В 50 Гц;126.04;6.227;20;20;0;0;CatalogTable;HOMA «Pumps for wastewater treatment. Submersible sewage pumps MXS, V(X), K(X), DN 80–DN 150», изд. 2026-01, стр. 25
HOMA;MXS24;MXS2444-T26;SingleChannel;100;100.0;1.6;960;3~400 В 50 Гц;150.42;7.496;20;20;0;0;CatalogTable;HOMA «Pumps for wastewater treatment. Submersible sewage pumps MXS, V(X), K(X), DN 80–DN 150», изд. 2026-01, стр. 25
HOMA;MXS24;MXS2446-T36;SingleChannel;100;100.0;2.3;960;3~400 В 50 Гц;165.0;8.501;20;20;0;0;CatalogTable;HOMA «Pumps for wastewater treatment. Submersible sewage pumps MXS, V(X), K(X), DN 80–DN 150», изд. 2026-01, стр. 25
HOMA;MXS24;MXS2450-T46;SingleChannel;100;100.0;3.1;960;3~400 В 50 Гц;188.09;9.942;20;20;0;0;CatalogTable;HOMA «Pumps for wastewater treatment. Submersible sewage pumps MXS, V(X), K(X), DN 80–DN 150», изд. 2026-01, стр. 25
HOMA;MXS24;MXS2454-T46;SingleChannel;100;100.0;3.1;960;3~400 В 50 Гц;123.88;11.805;20;20;0;0;CatalogTable;HOMA «Pumps for wastewater treatment. Submersible sewage pumps MXS, V(X), K(X), DN 80–DN 150», изд. 2026-01, стр. 25
HOMA;MXS24;MXS2454-T56;SingleChannel;100;100.0;4.0;960;3~400 В 50 Гц;203.36;11.805;20;20;0;0;CatalogTable;HOMA «Pumps for wastewater treatment. Submersible sewage pumps MXS, V(X), K(X), DN 80–DN 150», изд. 2026-01, стр. 25
HOMA;MXS24;MXS2457-T56;SingleChannel;100;100.0;4.0;960;3~400 В 50 Гц;172.52;13.215;20;20;0;0;CatalogTable;HOMA «Pumps for wastewater treatment. Submersible sewage pumps MXS, V(X), K(X), DN 80–DN 150», изд. 2026-01, стр. 25
HOMA;MXS24;MXS2457-T66;SingleChannel;100;100.0;4.9;960;3~400 В 50 Гц;214.14;13.215;20;20;0;0;CatalogTable;HOMA «Pumps for wastewater treatment. Submersible sewage pumps MXS, V(X), K(X), DN 80–DN 150», изд. 2026-01, стр. 25
HOMA;MXS24;MXS2460-T66;SingleChannel;100;100.0;4.9;960;3~400 В 50 Гц;170.14;15.126;20;20;0;0;CatalogTable;HOMA «Pumps for wastewater treatment. Submersible sewage pumps MXS, V(X), K(X), DN 80–DN 150», изд. 2026-01, стр. 25
HOMA;MXS24;MXS2438-ET36;SingleChannel;100;100.0;2.3;960;3~400 В 50 Гц;126.04;6.227;20;20;0;0;CatalogTable;HOMA «Pumps for wastewater treatment. Submersible sewage pumps MXS, V(X), K(X), DN 80–DN 150», изд. 2026-01, стр. 25
HOMA;MXS24;MXS2444-ET26;SingleChannel;100;100.0;1.6;960;3~400 В 50 Гц;150.42;7.496;20;20;0;0;CatalogTable;HOMA «Pumps for wastewater treatment. Submersible sewage pumps MXS, V(X), K(X), DN 80–DN 150», изд. 2026-01, стр. 25
HOMA;MXS24;MXS2446-ET36;SingleChannel;100;100.0;2.3;960;3~400 В 50 Гц;165.0;8.501;20;20;0;0;CatalogTable;HOMA «Pumps for wastewater treatment. Submersible sewage pumps MXS, V(X), K(X), DN 80–DN 150», изд. 2026-01, стр. 25
HOMA;MXS24;MXS2450-ET46;SingleChannel;100;100.0;3.1;960;3~400 В 50 Гц;188.09;9.942;20;20;0;0;CatalogTable;HOMA «Pumps for wastewater treatment. Submersible sewage pumps MXS, V(X), K(X), DN 80–DN 150», изд. 2026-01, стр. 25
HOMA;MXS24;MXS2454-ET46;SingleChannel;100;100.0;3.1;960;3~400 В 50 Гц;123.88;11.805;20;20;0;0;CatalogTable;HOMA «Pumps for wastewater treatment. Submersible sewage pumps MXS, V(X), K(X), DN 80–DN 150», изд. 2026-01, стр. 25
HOMA;MXS24;MXS2454-ET56;SingleChannel;100;100.0;4.0;960;3~400 В 50 Гц;203.36;11.805;20;20;0;0;CatalogTable;HOMA «Pumps for wastewater treatment. Submersible sewage pumps MXS, V(X), K(X), DN 80–DN 150», изд. 2026-01, стр. 25
HOMA;MXS24;MXS2457-ET56;SingleChannel;100;100.0;4.0;960;3~400 В 50 Гц;172.52;13.215;20;20;0;0;CatalogTable;HOMA «Pumps for wastewater treatment. Submersible sewage pumps MXS, V(X), K(X), DN 80–DN 150», изд. 2026-01, стр. 25
HOMA;MXS24;MXS2457-ET66;SingleChannel;100;100.0;4.9;960;3~400 В 50 Гц;214.14;13.215;20;20;0;0;CatalogTable;HOMA «Pumps for wastewater treatment. Submersible sewage pumps MXS, V(X), K(X), DN 80–DN 150», изд. 2026-01, стр. 25
HOMA;MXS24;MXS2460-ET66;SingleChannel;100;100.0;4.9;960;3~400 В 50 Гц;170.14;15.126;20;20;0;0;CatalogTable;HOMA «Pumps for wastewater treatment. Submersible sewage pumps MXS, V(X), K(X), DN 80–DN 150», изд. 2026-01, стр. 25
HOMA;VX24;VX2436-D54;Vortex;100;100.0;3.2;1450;3~400 В 50 Гц;100.95;8.688;20;0;0;0;CatalogTable;HOMA «Pumps for wastewater treatment. Submersible sewage pumps MXS, V(X), K(X), DN 80–DN 150», изд. 2026-01, стр. 26
HOMA;VX24;VX2439-D54;Vortex;100;100.0;3.2;1450;3~400 В 50 Гц;120.28;10.759;20;0;0;0;CatalogTable;HOMA «Pumps for wastewater treatment. Submersible sewage pumps MXS, V(X), K(X), DN 80–DN 150», изд. 2026-01, стр. 26
HOMA;VX24;VX2440-T54;Vortex;100;100.0;5.0;1450;3~400 В 50 Гц;145.19;12.586;20;0;0;0;CatalogTable;HOMA «Pumps for wastewater treatment. Submersible sewage pumps MXS, V(X), K(X), DN 80–DN 150», изд. 2026-01, стр. 26
HOMA;VX24;VX2442-T54;Vortex;100;100.0;5.0;1450;3~400 В 50 Гц;87.04;14.189;20;0;0;0;CatalogTable;HOMA «Pumps for wastewater treatment. Submersible sewage pumps MXS, V(X), K(X), DN 80–DN 150», изд. 2026-01, стр. 26
HOMA;VX24;VX2442-T64;Vortex;100;100.0;6.5;1450;3~400 В 50 Гц;175.47;14.189;20;0;0;0;CatalogTable;HOMA «Pumps for wastewater treatment. Submersible sewage pumps MXS, V(X), K(X), DN 80–DN 150», изд. 2026-01, стр. 26
HOMA;VX24;VX2444-T64;Vortex;100;100.0;6.5;1450;3~400 В 50 Гц;100.32;16.176;20;0;0;0;CatalogTable;HOMA «Pumps for wastewater treatment. Submersible sewage pumps MXS, V(X), K(X), DN 80–DN 150», изд. 2026-01, стр. 26
HOMA;VX24;VX2444-ET74;Vortex;100;100.0;8.5;1450;3~400 В 50 Гц;183.67;16.176;20;0;0;0;CatalogTable;HOMA «Pumps for wastewater treatment. Submersible sewage pumps MXS, V(X), K(X), DN 80–DN 150», изд. 2026-01, стр. 26
HOMA;VX24;VX2446-ET74;Vortex;100;100.0;8.5;1450;3~400 В 50 Гц;117.49;18.508;20;0;0;0;CatalogTable;HOMA «Pumps for wastewater treatment. Submersible sewage pumps MXS, V(X), K(X), DN 80–DN 150», изд. 2026-01, стр. 26
HOMA;VX24;VX2446-P84;Vortex;100;100.0;12.2;1450;3~400 В 50 Гц;190.22;18.508;20;0;0;0;CatalogTable;HOMA «Pumps for wastewater treatment. Submersible sewage pumps MXS, V(X), K(X), DN 80–DN 150», изд. 2026-01, стр. 26
HOMA;VX24;VX2452-P84;Vortex;100;100.0;12.2;1450;3~400 В 50 Гц;196.19;20.719;20;0;0;0;CatalogTable;HOMA «Pumps for wastewater treatment. Submersible sewage pumps MXS, V(X), K(X), DN 80–DN 150», изд. 2026-01, стр. 26
HOMA;VX24;VX2454-P84;Vortex;100;100.0;12.2;1450;3~400 В 50 Гц;149.95;22.631;20;0;0;0;CatalogTable;HOMA «Pumps for wastewater treatment. Submersible sewage pumps MXS, V(X), K(X), DN 80–DN 150», изд. 2026-01, стр. 26
HOMA;VX24;VX2454-P94;Vortex;100;100.0;14.6;1450;3~400 В 50 Гц;212.98;22.631;20;0;0;0;CatalogTable;HOMA «Pumps for wastewater treatment. Submersible sewage pumps MXS, V(X), K(X), DN 80–DN 150», изд. 2026-01, стр. 26
HOMA;VX24;VX2456-P94;Vortex;100;100.0;14.6;1450;3~400 В 50 Гц;167.3;24.621;20;0;0;0;CatalogTable;HOMA «Pumps for wastewater treatment. Submersible sewage pumps MXS, V(X), K(X), DN 80–DN 150», изд. 2026-01, стр. 26
HOMA;VX24;VX2456-P104;Vortex;100;100.0;19.3;1450;3~400 В 50 Гц;217.99;24.621;20;0;0;0;CatalogTable;HOMA «Pumps for wastewater treatment. Submersible sewage pumps MXS, V(X), K(X), DN 80–DN 150», изд. 2026-01, стр. 26
HOMA;VX24;VX2458-P94;Vortex;100;100.0;14.6;1450;3~400 В 50 Гц;132.87;26.73;20;0;0;0;CatalogTable;HOMA «Pumps for wastewater treatment. Submersible sewage pumps MXS, V(X), K(X), DN 80–DN 150», изд. 2026-01, стр. 26
HOMA;VX24;VX2458-P104;Vortex;100;100.0;19.3;1450;3~400 В 50 Гц;228.51;26.73;20;0;0;0;CatalogTable;HOMA «Pumps for wastewater treatment. Submersible sewage pumps MXS, V(X), K(X), DN 80–DN 150», изд. 2026-01, стр. 26
HOMA;MXS34;MXS3450-ET74;SingleChannel;150;100.0;8.5;1450;3~400 В 50 Гц;178.28;;20;20;0;0;CatalogTable;HOMA «Pumps for wastewater treatment. Submersible sewage pumps MXS, V(X), K(X), DN 80–DN 150», изд. 2026-01, стр. 27
HOMA;MXS34;MXS3450-P84;SingleChannel;150;100.0;12.2;1450;3~400 В 50 Гц;324.74;;20;20;0;0;CatalogTable;HOMA «Pumps for wastewater treatment. Submersible sewage pumps MXS, V(X), K(X), DN 80–DN 150», изд. 2026-01, стр. 27
HOMA;MXS34;MXS3454-P84;SingleChannel;150;100.0;12.2;1450;3~400 В 50 Гц;355.73;;20;20;0;0;CatalogTable;HOMA «Pumps for wastewater treatment. Submersible sewage pumps MXS, V(X), K(X), DN 80–DN 150», изд. 2026-01, стр. 27
HOMA;MXS34;MXS3457-P94;SingleChannel;150;100.0;14.6;1450;3~400 В 50 Гц;272.38;30.069;20;20;0;0;CatalogTable;HOMA «Pumps for wastewater treatment. Submersible sewage pumps MXS, V(X), K(X), DN 80–DN 150», изд. 2026-01, стр. 27
HOMA;MXS34;MXS3457-P104;SingleChannel;150;100.0;19.3;1450;3~400 В 50 Гц;374.36;30.069;20;20;0;0;CatalogTable;HOMA «Pumps for wastewater treatment. Submersible sewage pumps MXS, V(X), K(X), DN 80–DN 150», изд. 2026-01, стр. 27
HOMA;MXS34;MXS3460-P94;SingleChannel;150;100.0;14.6;1450;3~400 В 50 Гц;208.08;34.103;20;20;0;0;CatalogTable;HOMA «Pumps for wastewater treatment. Submersible sewage pumps MXS, V(X), K(X), DN 80–DN 150», изд. 2026-01, стр. 27
HOMA;MXS34;MXS3460-P104;SingleChannel;150;100.0;19.3;1450;3~400 В 50 Гц;394.95;34.103;20;20;0;0;CatalogTable;HOMA «Pumps for wastewater treatment. Submersible sewage pumps MXS, V(X), K(X), DN 80–DN 150», изд. 2026-01, стр. 27
HOMA;MXS34;MXS3468-F114;SingleChannel;150;100.0;22.0;1450;3~400 В 50 Гц;450.74;;20;20;0;0;CatalogTable;HOMA «Pumps for wastewater treatment. Submersible sewage pumps MXS, V(X), K(X), DN 80–DN 150», изд. 2026-01, стр. 27
HOMA;MXS34;MXS3470-F124;SingleChannel;150;100.0;25.6;1450;3~400 В 50 Гц;483.87;;20;20;0;0;CatalogTable;HOMA «Pumps for wastewater treatment. Submersible sewage pumps MXS, V(X), K(X), DN 80–DN 150», изд. 2026-01, стр. 27
HOMA;MXS34;MXS3472-F134;SingleChannel;150;100.0;29.2;1450;3~400 В 50 Гц;509.84;;20;20;0;0;CatalogTable;HOMA «Pumps for wastewater treatment. Submersible sewage pumps MXS, V(X), K(X), DN 80–DN 150», изд. 2026-01, стр. 27
HOMA;MXS34;MXS3474-F144;SingleChannel;150;100.0;33.0;1450;3~400 В 50 Гц;517.91;53.091;20;20;0;0;CatalogTable;HOMA «Pumps for wastewater treatment. Submersible sewage pumps MXS, V(X), K(X), DN 80–DN 150», изд. 2026-01, стр. 27
HOMA;MXS34;MXS3450-PU84;SingleChannel;150;100.0;12.2;1450;3~400 В 50 Гц;324.74;;20;20;0;0;CatalogTable;HOMA «Pumps for wastewater treatment. Submersible sewage pumps MXS, V(X), K(X), DN 80–DN 150», изд. 2026-01, стр. 27
HOMA;MXS34;MXS3454-PU84;SingleChannel;150;100.0;12.2;1450;3~400 В 50 Гц;355.73;;20;20;0;0;CatalogTable;HOMA «Pumps for wastewater treatment. Submersible sewage pumps MXS, V(X), K(X), DN 80–DN 150», изд. 2026-01, стр. 27
HOMA;MXS34;MXS3457-PU94;SingleChannel;150;100.0;14.6;1450;3~400 В 50 Гц;272.38;30.069;20;20;0;0;CatalogTable;HOMA «Pumps for wastewater treatment. Submersible sewage pumps MXS, V(X), K(X), DN 80–DN 150», изд. 2026-01, стр. 27
HOMA;MXS34;MXS3457-PU104;SingleChannel;150;100.0;19.3;1450;3~400 В 50 Гц;374.36;30.069;20;20;0;0;CatalogTable;HOMA «Pumps for wastewater treatment. Submersible sewage pumps MXS, V(X), K(X), DN 80–DN 150», изд. 2026-01, стр. 27
HOMA;MXS34;MXS3460-PU94;SingleChannel;150;100.0;14.6;1450;3~400 В 50 Гц;208.08;34.103;20;20;0;0;CatalogTable;HOMA «Pumps for wastewater treatment. Submersible sewage pumps MXS, V(X), K(X), DN 80–DN 150», изд. 2026-01, стр. 27
HOMA;MXS34;MXS3460-PU104;SingleChannel;150;100.0;19.3;1450;3~400 В 50 Гц;394.95;34.103;20;20;0;0;CatalogTable;HOMA «Pumps for wastewater treatment. Submersible sewage pumps MXS, V(X), K(X), DN 80–DN 150», изд. 2026-01, стр. 27
HOMA;MXS34;MXS3468-FU114;SingleChannel;150;100.0;22.0;1450;3~400 В 50 Гц;450.74;;20;20;0;0;CatalogTable;HOMA «Pumps for wastewater treatment. Submersible sewage pumps MXS, V(X), K(X), DN 80–DN 150», изд. 2026-01, стр. 27
HOMA;MXS34;MXS3470-FU124;SingleChannel;150;100.0;25.6;1450;3~400 В 50 Гц;483.87;;20;20;0;0;CatalogTable;HOMA «Pumps for wastewater treatment. Submersible sewage pumps MXS, V(X), K(X), DN 80–DN 150», изд. 2026-01, стр. 27
HOMA;MXS34;MXS3472-FU134;SingleChannel;150;100.0;29.2;1450;3~400 В 50 Гц;509.84;;20;20;0;0;CatalogTable;HOMA «Pumps for wastewater treatment. Submersible sewage pumps MXS, V(X), K(X), DN 80–DN 150», изд. 2026-01, стр. 27
HOMA;MXS34;MXS3474-FU144;SingleChannel;150;100.0;33.0;1450;3~400 В 50 Гц;517.91;53.091;20;20;0;0;CatalogTable;HOMA «Pumps for wastewater treatment. Submersible sewage pumps MXS, V(X), K(X), DN 80–DN 150», изд. 2026-01, стр. 27
HOMA;MXS34;MXS3450-P76;SingleChannel;150;100.0;7.3;960;3~400 В 50 Гц;192.9;10.01;20;20;0;0;CatalogTable;HOMA «Pumps for wastewater treatment. Submersible sewage pumps MXS, V(X), K(X), DN 80–DN 150», изд. 2026-01, стр. 28
HOMA;MXS34;MXS3454-P76;SingleChannel;150;100.0;7.3;960;3~400 В 50 Гц;226.03;;20;20;0;0;CatalogTable;HOMA «Pumps for wastewater treatment. Submersible sewage pumps MXS, V(X), K(X), DN 80–DN 150», изд. 2026-01, стр. 28
HOMA;MXS34;MXS3457-P76;SingleChannel;150;100.0;7.3;960;3~400 В 50 Гц;250.45;;20;20;0;0;CatalogTable;HOMA «Pumps for wastewater treatment. Submersible sewage pumps MXS, V(X), K(X), DN 80–DN 150», изд. 2026-01, стр. 28
HOMA;MXS34;MXS3460-P76;SingleChannel;150;100.0;7.3;960;3~400 В 50 Гц;278.28;15.105;20;20;0;0;CatalogTable;HOMA «Pumps for wastewater treatment. Submersible sewage pumps MXS, V(X), K(X), DN 80–DN 150», изд. 2026-01, стр. 28
HOMA;MXS34;MXS3468-P76;SingleChannel;150;100.0;7.3;960;3~400 В 50 Гц;290.62;;20;20;0;0;CatalogTable;HOMA «Pumps for wastewater treatment. Submersible sewage pumps MXS, V(X), K(X), DN 80–DN 150», изд. 2026-01, стр. 28
HOMA;MXS34;MXS3470-P76;SingleChannel;150;100.0;7.3;960;3~400 В 50 Гц;318.98;;20;20;0;0;CatalogTable;HOMA «Pumps for wastewater treatment. Submersible sewage pumps MXS, V(X), K(X), DN 80–DN 150», изд. 2026-01, стр. 28
HOMA;MXS34;MXS3472-P86;SingleChannel;150;100.0;10.0;960;3~400 В 50 Гц;365.25;22.137;20;20;0;0;CatalogTable;HOMA «Pumps for wastewater treatment. Submersible sewage pumps MXS, V(X), K(X), DN 80–DN 150», изд. 2026-01, стр. 28
HOMA;MXS34;MXS3474-P86;SingleChannel;150;100.0;10.0;960;3~400 В 50 Гц;374.7;23.324;20;20;0;0;CatalogTable;HOMA «Pumps for wastewater treatment. Submersible sewage pumps MXS, V(X), K(X), DN 80–DN 150», изд. 2026-01, стр. 28
HOMA;MXS34;MXS3450-PU76;SingleChannel;150;100.0;7.3;960;3~400 В 50 Гц;192.9;10.01;20;20;0;0;CatalogTable;HOMA «Pumps for wastewater treatment. Submersible sewage pumps MXS, V(X), K(X), DN 80–DN 150», изд. 2026-01, стр. 28
HOMA;MXS34;MXS3454-PU76;SingleChannel;150;100.0;7.3;960;3~400 В 50 Гц;226.03;;20;20;0;0;CatalogTable;HOMA «Pumps for wastewater treatment. Submersible sewage pumps MXS, V(X), K(X), DN 80–DN 150», изд. 2026-01, стр. 28
HOMA;MXS34;MXS3457-PU76;SingleChannel;150;100.0;7.3;960;3~400 В 50 Гц;250.45;;20;20;0;0;CatalogTable;HOMA «Pumps for wastewater treatment. Submersible sewage pumps MXS, V(X), K(X), DN 80–DN 150», изд. 2026-01, стр. 28
HOMA;MXS34;MXS3460-PU76;SingleChannel;150;100.0;7.3;960;3~400 В 50 Гц;278.28;15.105;20;20;0;0;CatalogTable;HOMA «Pumps for wastewater treatment. Submersible sewage pumps MXS, V(X), K(X), DN 80–DN 150», изд. 2026-01, стр. 28
HOMA;MXS34;MXS3468-PU76;SingleChannel;150;100.0;7.3;960;3~400 В 50 Гц;290.62;;20;20;0;0;CatalogTable;HOMA «Pumps for wastewater treatment. Submersible sewage pumps MXS, V(X), K(X), DN 80–DN 150», изд. 2026-01, стр. 28
HOMA;MXS34;MXS3470-PU76;SingleChannel;150;100.0;7.3;960;3~400 В 50 Гц;318.98;;20;20;0;0;CatalogTable;HOMA «Pumps for wastewater treatment. Submersible sewage pumps MXS, V(X), K(X), DN 80–DN 150», изд. 2026-01, стр. 28
HOMA;MXS34;MXS3472-PU86;SingleChannel;150;100.0;10.0;960;3~400 В 50 Гц;365.25;22.137;20;20;0;0;CatalogTable;HOMA «Pumps for wastewater treatment. Submersible sewage pumps MXS, V(X), K(X), DN 80–DN 150», изд. 2026-01, стр. 28
HOMA;MXS34;MXS3474-PU86;SingleChannel;150;100.0;10.0;960;3~400 В 50 Гц;374.7;23.324;20;20;0;0;CatalogTable;HOMA «Pumps for wastewater treatment. Submersible sewage pumps MXS, V(X), K(X), DN 80–DN 150», изд. 2026-01, стр. 28
HOMA;K33;K3362-F124;MultiChannel;150;80.0;25.6;1450;3~400 В 50 Гц;258.63;32.376;20;0;0;0;CatalogTable;HOMA «Pumps for wastewater treatment. Submersible sewage pumps MXS, V(X), K(X), DN 80–DN 150», изд. 2026-01, стр. 29
HOMA;K33;K3362-F134;MultiChannel;150;80.0;29.2;1450;3~400 В 50 Гц;556.0;32.376;20;0;0;0;CatalogTable;HOMA «Pumps for wastewater treatment. Submersible sewage pumps MXS, V(X), K(X), DN 80–DN 150», изд. 2026-01, стр. 29
HOMA;K33;K3364-F134;MultiChannel;150;80.0;29.2;1450;3~400 В 50 Гц;313.73;34.894;20;0;0;0;CatalogTable;HOMA «Pumps for wastewater treatment. Submersible sewage pumps MXS, V(X), K(X), DN 80–DN 150», изд. 2026-01, стр. 29
HOMA;K33;K3364-F144;MultiChannel;150;80.0;33.0;1450;3~400 В 50 Гц;526.02;34.894;20;0;0;0;CatalogTable;HOMA «Pumps for wastewater treatment. Submersible sewage pumps MXS, V(X), K(X), DN 80–DN 150», изд. 2026-01, стр. 29
HOMA;K33;K3366-F144;MultiChannel;150;80.0;33.0;1450;3~400 В 50 Гц;339.11;37.399;20;0;0;0;CatalogTable;HOMA «Pumps for wastewater treatment. Submersible sewage pumps MXS, V(X), K(X), DN 80–DN 150», изд. 2026-01, стр. 29
HOMA;K33;K3366-G154;MultiChannel;150;80.0;37.4;1450;3~400 В 50 Гц;555.97;37.399;20;0;0;0;CatalogTable;HOMA «Pumps for wastewater treatment. Submersible sewage pumps MXS, V(X), K(X), DN 80–DN 150», изд. 2026-01, стр. 29
HOMA;K33;K3368-G154;MultiChannel;150;80.0;37.4;1450;3~400 В 50 Гц;579.2;39.902;20;0;0;0;CatalogTable;HOMA «Pumps for wastewater treatment. Submersible sewage pumps MXS, V(X), K(X), DN 80–DN 150», изд. 2026-01, стр. 29
HOMA;K33;K3370-G174;MultiChannel;150;80.0;46.1;1450;3~400 В 50 Гц;585.27;46.273;20;0;0;0;CatalogTable;HOMA «Pumps for wastewater treatment. Submersible sewage pumps MXS, V(X), K(X), DN 80–DN 150», изд. 2026-01, стр. 29
HOMA;K33;K3362-FU124;MultiChannel;150;80.0;25.6;1450;3~400 В 50 Гц;258.63;32.376;20;0;0;0;CatalogTable;HOMA «Pumps for wastewater treatment. Submersible sewage pumps MXS, V(X), K(X), DN 80–DN 150», изд. 2026-01, стр. 29
HOMA;K33;K3362-FU134;MultiChannel;150;80.0;29.2;1450;3~400 В 50 Гц;556.0;32.376;20;0;0;0;CatalogTable;HOMA «Pumps for wastewater treatment. Submersible sewage pumps MXS, V(X), K(X), DN 80–DN 150», изд. 2026-01, стр. 29
HOMA;K33;K3364-FU134;MultiChannel;150;80.0;29.2;1450;3~400 В 50 Гц;313.73;34.894;20;0;0;0;CatalogTable;HOMA «Pumps for wastewater treatment. Submersible sewage pumps MXS, V(X), K(X), DN 80–DN 150», изд. 2026-01, стр. 29
HOMA;K33;K3364-FU144;MultiChannel;150;80.0;33.0;1450;3~400 В 50 Гц;526.02;34.894;20;0;0;0;CatalogTable;HOMA «Pumps for wastewater treatment. Submersible sewage pumps MXS, V(X), K(X), DN 80–DN 150», изд. 2026-01, стр. 29
HOMA;K33;K3366-FU144;MultiChannel;150;80.0;33.0;1450;3~400 В 50 Гц;339.11;37.399;20;0;0;0;CatalogTable;HOMA «Pumps for wastewater treatment. Submersible sewage pumps MXS, V(X), K(X), DN 80–DN 150», изд. 2026-01, стр. 29
HOMA;K33;K3366-GU154;MultiChannel;150;80.0;37.4;1450;3~400 В 50 Гц;555.97;37.399;20;0;0;0;CatalogTable;HOMA «Pumps for wastewater treatment. Submersible sewage pumps MXS, V(X), K(X), DN 80–DN 150», изд. 2026-01, стр. 29
HOMA;K33;K3368-GU154;MultiChannel;150;80.0;37.4;1450;3~400 В 50 Гц;579.2;39.902;20;0;0;0;CatalogTable;HOMA «Pumps for wastewater treatment. Submersible sewage pumps MXS, V(X), K(X), DN 80–DN 150», изд. 2026-01, стр. 29
HOMA;K33;K3370-GU174;MultiChannel;150;80.0;46.1;1450;3~400 В 50 Гц;585.27;46.273;20;0;0;0;CatalogTable;HOMA «Pumps for wastewater treatment. Submersible sewage pumps MXS, V(X), K(X), DN 80–DN 150», изд. 2026-01, стр. 29
HOMA;K33;K3366-P96;MultiChannel;150;80.0;13.6;960;3~400 В 50 Гц;430.47;16.438;20;20;0;0;CatalogTable;HOMA «Pumps for wastewater treatment. Submersible sewage pumps MXS, V(X), K(X), DN 80–DN 150», изд. 2026-01, стр. 30
HOMA;K33;K3368-P96;MultiChannel;150;80.0;13.6;960;3~400 В 50 Гц;453.55;17.93;20;20;0;0;CatalogTable;HOMA «Pumps for wastewater treatment. Submersible sewage pumps MXS, V(X), K(X), DN 80–DN 150», изд. 2026-01, стр. 30
HOMA;K33;K3370-P96;MultiChannel;150;80.0;13.6;960;3~400 В 50 Гц;501.23;19.935;20;20;0;0;CatalogTable;HOMA «Pumps for wastewater treatment. Submersible sewage pumps MXS, V(X), K(X), DN 80–DN 150», изд. 2026-01, стр. 30
HOMA;K33;K3366-PU96;MultiChannel;150;80.0;13.6;960;3~400 В 50 Гц;430.47;16.438;20;20;0;0;CatalogTable;HOMA «Pumps for wastewater treatment. Submersible sewage pumps MXS, V(X), K(X), DN 80–DN 150», изд. 2026-01, стр. 30
HOMA;K33;K3368-PU96;MultiChannel;150;80.0;13.6;960;3~400 В 50 Гц;453.55;17.93;20;20;0;0;CatalogTable;HOMA «Pumps for wastewater treatment. Submersible sewage pumps MXS, V(X), K(X), DN 80–DN 150», изд. 2026-01, стр. 30
HOMA;K33;K3370-PU96;MultiChannel;150;80.0;13.6;960;3~400 В 50 Гц;501.23;19.935;20;20;0;0;CatalogTable;HOMA «Pumps for wastewater treatment. Submersible sewage pumps MXS, V(X), K(X), DN 80–DN 150», изд. 2026-01, стр. 30
HOMA;KX44;KX4458-P68;MultiChannel;200;100.0;5.6;680;3~400 В 50 Гц;306.52;5.493;20;20;0;0;CatalogTable;HOMA «Pumps for waste water systems. KX series, DN 200–DN 500», изд. 2025-07, стр. 16
HOMA;KX44;KX4462-P68;MultiChannel;200;100.0;5.6;680;3~400 В 50 Гц;351.38;6.779;20;20;0;0;CatalogTable;HOMA «Pumps for waste water systems. KX series, DN 200–DN 500», изд. 2025-07, стр. 16
HOMA;KX44;KX4466-P68;MultiChannel;200;100.0;5.6;680;3~400 В 50 Гц;385.74;8.171;20;20;0;0;CatalogTable;HOMA «Pumps for waste water systems. KX series, DN 200–DN 500», изд. 2025-07, стр. 16
HOMA;KX44;KX4458-PU68;MultiChannel;200;100.0;5.6;680;3~400 В 50 Гц;306.52;5.493;20;20;0;0;CatalogTable;HOMA «Pumps for waste water systems. KX series, DN 200–DN 500», изд. 2025-07, стр. 16
HOMA;KX44;KX4462-PU68;MultiChannel;200;100.0;5.6;680;3~400 В 50 Гц;351.38;6.779;20;20;0;0;CatalogTable;HOMA «Pumps for waste water systems. KX series, DN 200–DN 500», изд. 2025-07, стр. 16
HOMA;KX44;KX4466-PU68;MultiChannel;200;100.0;5.6;680;3~400 В 50 Гц;385.74;8.171;20;20;0;0;CatalogTable;HOMA «Pumps for waste water systems. KX series, DN 200–DN 500», изд. 2025-07, стр. 16
HOMA;KX55;KX5574-F126;MultiChannel;250;125.0;25.8;960;3~400 В 50 Гц;661.21;;20;0;0;0;CatalogTable;HOMA «Pumps for waste water systems. KX series, DN 200–DN 500», изд. 2025-07, стр. 17
HOMA;KX55;KX5574-G136;MultiChannel;250;125.0;33.2;960;3~400 В 50 Гц;1158.92;;20;0;0;0;CatalogTable;HOMA «Pumps for waste water systems. KX series, DN 200–DN 500», изд. 2025-07, стр. 17
HOMA;KX55;KX5576-G136;MultiChannel;250;125.0;33.2;960;3~400 В 50 Гц;1168.64;;20;0;0;0;CatalogTable;HOMA «Pumps for waste water systems. KX series, DN 200–DN 500», изд. 2025-07, стр. 17
HOMA;KX55;KX5578-G136;MultiChannel;250;125.0;33.2;960;3~400 В 50 Гц;837.6;;20;0;0;0;CatalogTable;HOMA «Pumps for waste water systems. KX series, DN 200–DN 500», изд. 2025-07, стр. 17
HOMA;KX55;KX5578-G156;MultiChannel;250;125.0;40.5;960;3~400 В 50 Гц;1179.15;;20;0;0;0;CatalogTable;HOMA «Pumps for waste water systems. KX series, DN 200–DN 500», изд. 2025-07, стр. 17
HOMA;KX55;KX5580-G136;MultiChannel;250;125.0;33.2;960;3~400 В 50 Гц;622.62;;20;0;0;0;CatalogTable;HOMA «Pumps for waste water systems. KX series, DN 200–DN 500», изд. 2025-07, стр. 17
HOMA;KX55;KX5580-G156;MultiChannel;250;125.0;40.5;960;3~400 В 50 Гц;1189.62;;20;0;0;0;CatalogTable;HOMA «Pumps for waste water systems. KX series, DN 200–DN 500», изд. 2025-07, стр. 17
HOMA;KX55;KX5582-G156;MultiChannel;250;125.0;40.5;960;3~400 В 50 Гц;909.16;;20;0;0;0;CatalogTable;HOMA «Pumps for waste water systems. KX series, DN 200–DN 500», изд. 2025-07, стр. 17
HOMA;KX55;KX5582-G176;MultiChannel;250;125.0;49.5;960;3~400 В 50 Гц;1200.69;;20;0;0;0;CatalogTable;HOMA «Pumps for waste water systems. KX series, DN 200–DN 500», изд. 2025-07, стр. 17
HOMA;KX55;KX5574-FU126;MultiChannel;250;125.0;25.8;960;3~400 В 50 Гц;661.21;;20;0;0;0;CatalogTable;HOMA «Pumps for waste water systems. KX series, DN 200–DN 500», изд. 2025-07, стр. 17
HOMA;KX55;KX5574-GU136;MultiChannel;250;125.0;33.2;960;3~400 В 50 Гц;1158.92;;20;0;0;0;CatalogTable;HOMA «Pumps for waste water systems. KX series, DN 200–DN 500», изд. 2025-07, стр. 17
HOMA;KX55;KX5576-GU136;MultiChannel;250;125.0;33.2;960;3~400 В 50 Гц;1168.64;;20;0;0;0;CatalogTable;HOMA «Pumps for waste water systems. KX series, DN 200–DN 500», изд. 2025-07, стр. 17
HOMA;KX55;KX5578-GU136;MultiChannel;250;125.0;33.2;960;3~400 В 50 Гц;837.6;;20;0;0;0;CatalogTable;HOMA «Pumps for waste water systems. KX series, DN 200–DN 500», изд. 2025-07, стр. 17
HOMA;KX55;KX5578-GU156;MultiChannel;250;125.0;40.5;960;3~400 В 50 Гц;1179.15;;20;0;0;0;CatalogTable;HOMA «Pumps for waste water systems. KX series, DN 200–DN 500», изд. 2025-07, стр. 17
HOMA;KX55;KX5580-GU136;MultiChannel;250;125.0;33.2;960;3~400 В 50 Гц;622.62;;20;0;0;0;CatalogTable;HOMA «Pumps for waste water systems. KX series, DN 200–DN 500», изд. 2025-07, стр. 17
HOMA;KX55;KX5580-GU156;MultiChannel;250;125.0;40.5;960;3~400 В 50 Гц;1189.62;;20;0;0;0;CatalogTable;HOMA «Pumps for waste water systems. KX series, DN 200–DN 500», изд. 2025-07, стр. 17
HOMA;KX55;KX5582-GU156;MultiChannel;250;125.0;40.5;960;3~400 В 50 Гц;909.16;;20;0;0;0;CatalogTable;HOMA «Pumps for waste water systems. KX series, DN 200–DN 500», изд. 2025-07, стр. 17
HOMA;KX55;KX5582-GU176;MultiChannel;250;125.0;49.5;960;3~400 В 50 Гц;1200.69;;20;0;0;0;CatalogTable;HOMA «Pumps for waste water systems. KX series, DN 200–DN 500», изд. 2025-07, стр. 17
HOMA;KX55;KX5568-F78;MultiChannel;250;125.0;11.0;710;3~400 В 50 Гц;759.77;7.274;20;20;0;0;CatalogTable;HOMA «Pumps for waste water systems. KX series, DN 200–DN 500», изд. 2025-07, стр. 18
HOMA;KX55;KX5570-F78;MultiChannel;250;125.0;11.0;710;3~400 В 50 Гц;786.18;8.185;20;20;0;0;CatalogTable;HOMA «Pumps for waste water systems. KX series, DN 200–DN 500», изд. 2025-07, стр. 18
HOMA;KX55;KX5572-F78;MultiChannel;250;125.0;11.0;710;3~400 В 50 Гц;814.5;9.127;20;20;0;0;CatalogTable;HOMA «Pumps for waste water systems. KX series, DN 200–DN 500», изд. 2025-07, стр. 18
HOMA;KX55;KX5574-F78;MultiChannel;250;125.0;11.0;710;3~400 В 50 Гц;861.82;9.909;20;20;0;0;CatalogTable;HOMA «Pumps for waste water systems. KX series, DN 200–DN 500», изд. 2025-07, стр. 18
HOMA;KX55;KX5576-F78;MultiChannel;250;125.0;11.0;710;3~400 В 50 Гц;439.61;10.85;20;20;0;0;CatalogTable;HOMA «Pumps for waste water systems. KX series, DN 200–DN 500», изд. 2025-07, стр. 18
HOMA;KX55;KX5576-F88;MultiChannel;250;125.0;12.7;710;3~400 В 50 Гц;865.23;10.85;20;20;0;0;CatalogTable;HOMA «Pumps for waste water systems. KX series, DN 200–DN 500», изд. 2025-07, стр. 18
HOMA;KX55;KX5578-F88;MultiChannel;250;125.0;12.7;710;3~400 В 50 Гц;508.95;11.755;20;20;0;0;CatalogTable;HOMA «Pumps for waste water systems. KX series, DN 200–DN 500», изд. 2025-07, стр. 18
HOMA;KX55;KX5578-F98;MultiChannel;250;125.0;14.4;710;3~400 В 50 Гц;868.8;11.755;20;20;0;0;CatalogTable;HOMA «Pumps for waste water systems. KX series, DN 200–DN 500», изд. 2025-07, стр. 18
HOMA;KX55;KX5580-F98;MultiChannel;250;125.0;14.4;710;3~400 В 50 Гц;573.92;12.672;20;20;0;0;CatalogTable;HOMA «Pumps for waste water systems. KX series, DN 200–DN 500», изд. 2025-07, стр. 18
HOMA;KX55;KX5580-F108;MultiChannel;250;125.0;16.6;710;3~400 В 50 Гц;868.32;12.672;20;20;0;0;CatalogTable;HOMA «Pumps for waste water systems. KX series, DN 200–DN 500», изд. 2025-07, стр. 18
HOMA;KX55;KX5582-F98;MultiChannel;250;125.0;14.4;710;3~400 В 50 Гц;452.89;13.683;20;20;0;0;CatalogTable;HOMA «Pumps for waste water systems. KX series, DN 200–DN 500», изд. 2025-07, стр. 18
HOMA;KX55;KX5582-F118;MultiChannel;250;125.0;18.7;710;3~400 В 50 Гц;867.94;13.683;20;20;0;0;CatalogTable;HOMA «Pumps for waste water systems. KX series, DN 200–DN 500», изд. 2025-07, стр. 18
HOMA;KX55;KX5568-FU78;MultiChannel;250;125.0;11.0;710;3~400 В 50 Гц;759.77;7.274;20;20;0;0;CatalogTable;HOMA «Pumps for waste water systems. KX series, DN 200–DN 500», изд. 2025-07, стр. 18
HOMA;KX55;KX5570-FU78;MultiChannel;250;125.0;11.0;710;3~400 В 50 Гц;786.18;8.185;20;20;0;0;CatalogTable;HOMA «Pumps for waste water systems. KX series, DN 200–DN 500», изд. 2025-07, стр. 18
HOMA;KX55;KX5572-FU78;MultiChannel;250;125.0;11.0;710;3~400 В 50 Гц;814.5;9.127;20;20;0;0;CatalogTable;HOMA «Pumps for waste water systems. KX series, DN 200–DN 500», изд. 2025-07, стр. 18
HOMA;KX55;KX5574-FU78;MultiChannel;250;125.0;11.0;710;3~400 В 50 Гц;861.82;9.909;20;20;0;0;CatalogTable;HOMA «Pumps for waste water systems. KX series, DN 200–DN 500», изд. 2025-07, стр. 18
HOMA;KX55;KX5576-FU78;MultiChannel;250;125.0;11.0;710;3~400 В 50 Гц;439.61;10.85;20;20;0;0;CatalogTable;HOMA «Pumps for waste water systems. KX series, DN 200–DN 500», изд. 2025-07, стр. 18
HOMA;KX55;KX5576-FU88;MultiChannel;250;125.0;12.7;710;3~400 В 50 Гц;865.23;10.85;20;20;0;0;CatalogTable;HOMA «Pumps for waste water systems. KX series, DN 200–DN 500», изд. 2025-07, стр. 18
HOMA;KX55;KX5578-FU88;MultiChannel;250;125.0;12.7;710;3~400 В 50 Гц;508.95;11.755;20;20;0;0;CatalogTable;HOMA «Pumps for waste water systems. KX series, DN 200–DN 500», изд. 2025-07, стр. 18
HOMA;KX55;KX5578-FU98;MultiChannel;250;125.0;14.4;710;3~400 В 50 Гц;868.8;11.755;20;20;0;0;CatalogTable;HOMA «Pumps for waste water systems. KX series, DN 200–DN 500», изд. 2025-07, стр. 18
HOMA;KX55;KX5580-FU98;MultiChannel;250;125.0;14.4;710;3~400 В 50 Гц;573.92;12.672;20;20;0;0;CatalogTable;HOMA «Pumps for waste water systems. KX series, DN 200–DN 500», изд. 2025-07, стр. 18
HOMA;KX55;KX5580-FU108;MultiChannel;250;125.0;16.6;710;3~400 В 50 Гц;868.32;12.672;20;20;0;0;CatalogTable;HOMA «Pumps for waste water systems. KX series, DN 200–DN 500», изд. 2025-07, стр. 18
HOMA;KX55;KX5582-FU98;MultiChannel;250;125.0;14.4;710;3~400 В 50 Гц;452.89;13.683;20;20;0;0;CatalogTable;HOMA «Pumps for waste water systems. KX series, DN 200–DN 500», изд. 2025-07, стр. 18
HOMA;KX55;KX5582-FU118;MultiChannel;250;125.0;18.7;710;3~400 В 50 Гц;867.94;13.683;20;20;0;0;CatalogTable;HOMA «Pumps for waste water systems. KX series, DN 200–DN 500», изд. 2025-07, стр. 18
HOMA;KX66;KX6680-G128;MultiChannel;300;150.0;25.0;720;3~400 В 50 Гц;940.96;13.232;20;20;0;0;CatalogTable;HOMA «Pumps for waste water systems. KX series, DN 200–DN 500», изд. 2025-07, стр. 20
HOMA;KX66;KX6683-G128;MultiChannel;300;150.0;25.0;720;3~400 В 50 Гц;1032.5;14.233;20;20;0;0;CatalogTable;HOMA «Pumps for waste water systems. KX series, DN 200–DN 500», изд. 2025-07, стр. 20
HOMA;KX66;KX6686-G128;MultiChannel;300;150.0;25.0;720;3~400 В 50 Гц;1115.62;15.335;20;20;0;0;CatalogTable;HOMA «Pumps for waste water systems. KX series, DN 200–DN 500», изд. 2025-07, стр. 20
HOMA;KX66;KX6689-G128;MultiChannel;300;150.0;25.0;720;3~400 В 50 Гц;1209.51;16.444;20;20;0;0;CatalogTable;HOMA «Pumps for waste water systems. KX series, DN 200–DN 500», изд. 2025-07, стр. 20
HOMA;KX66;KX6692-G148;MultiChannel;300;150.0;31.0;720;3~400 В 50 Гц;1288.29;17.573;20;20;0;0;CatalogTable;HOMA «Pumps for waste water systems. KX series, DN 200–DN 500», изд. 2025-07, стр. 20
HOMA;KX66;KX6695-G148;MultiChannel;300;150.0;31.0;720;3~400 В 50 Гц;1333.66;18.579;20;20;0;0;CatalogTable;HOMA «Pumps for waste water systems. KX series, DN 200–DN 500», изд. 2025-07, стр. 20
HOMA;KX66;KX6680-GU128;MultiChannel;300;150.0;25.0;720;3~400 В 50 Гц;940.96;13.232;20;20;0;0;CatalogTable;HOMA «Pumps for waste water systems. KX series, DN 200–DN 500», изд. 2025-07, стр. 20
HOMA;KX66;KX6683-GU128;MultiChannel;300;150.0;25.0;720;3~400 В 50 Гц;1032.5;14.233;20;20;0;0;CatalogTable;HOMA «Pumps for waste water systems. KX series, DN 200–DN 500», изд. 2025-07, стр. 20
HOMA;KX66;KX6686-GU128;MultiChannel;300;150.0;25.0;720;3~400 В 50 Гц;1115.62;15.335;20;20;0;0;CatalogTable;HOMA «Pumps for waste water systems. KX series, DN 200–DN 500», изд. 2025-07, стр. 20
HOMA;KX66;KX6689-GU128;MultiChannel;300;150.0;25.0;720;3~400 В 50 Гц;1209.51;16.444;20;20;0;0;CatalogTable;HOMA «Pumps for waste water systems. KX series, DN 200–DN 500», изд. 2025-07, стр. 20
HOMA;KX66;KX6692-GU148;MultiChannel;300;150.0;31.0;720;3~400 В 50 Гц;1288.29;17.573;20;20;0;0;CatalogTable;HOMA «Pumps for waste water systems. KX series, DN 200–DN 500», изд. 2025-07, стр. 20
HOMA;KX66;KX6695-GU148;MultiChannel;300;150.0;31.0;720;3~400 В 50 Гц;1333.66;18.579;20;20;0;0;CatalogTable;HOMA «Pumps for waste water systems. KX series, DN 200–DN 500», изд. 2025-07, стр. 20
HOMA;KX86;KX86100-H276;MultiChannel;400;165.0;112.0;980;3~400 В 50 Гц;2299.71;35.142;20;20;0;0;CatalogTable;HOMA «Pumps for waste water systems. KX series, DN 200–DN 500», изд. 2025-07, стр. 21
HOMA;KX86;KX86102-H276;MultiChannel;400;165.0;112.0;980;3~400 В 50 Гц;2404.52;37.75;20;20;0;0;CatalogTable;HOMA «Pumps for waste water systems. KX series, DN 200–DN 500», изд. 2025-07, стр. 21
HOMA;KX86;KX86104-R286;MultiChannel;400;165.0;132.0;980;3~400 В 50 Гц;2542.88;40.453;20;20;0;0;CatalogTable;HOMA «Pumps for waste water systems. KX series, DN 200–DN 500», изд. 2025-07, стр. 21
HOMA;KX86;KX86106-R316;MultiChannel;400;165.0;160.0;980;3~400 В 50 Гц;2596.88;43.451;20;20;0;0;CatalogTable;HOMA «Pumps for waste water systems. KX series, DN 200–DN 500», изд. 2025-07, стр. 21
HOMA;KX86;KX86108-R316;MultiChannel;400;165.0;160.0;980;3~400 В 50 Гц;2645.9;46.474;20;20;0;0;CatalogTable;HOMA «Pumps for waste water systems. KX series, DN 200–DN 500», изд. 2025-07, стр. 21
HOMA;KX86;KX86110-R346;MultiChannel;400;165.0;185.0;980;3~400 В 50 Гц;2645.5;49.606;20;20;0;0;CatalogTable;HOMA «Pumps for waste water systems. KX series, DN 200–DN 500», изд. 2025-07, стр. 21
HOMA;KX86;KX86100-HU276;MultiChannel;400;165.0;112.0;980;3~400 В 50 Гц;2299.71;35.142;20;20;0;0;CatalogTable;HOMA «Pumps for waste water systems. KX series, DN 200–DN 500», изд. 2025-07, стр. 21
HOMA;KX86;KX86102-HU276;MultiChannel;400;165.0;112.0;980;3~400 В 50 Гц;2404.52;37.75;20;20;0;0;CatalogTable;HOMA «Pumps for waste water systems. KX series, DN 200–DN 500», изд. 2025-07, стр. 21
HOMA;KX86;KX86104-RU286;MultiChannel;400;165.0;132.0;980;3~400 В 50 Гц;2542.88;40.453;20;20;0;0;CatalogTable;HOMA «Pumps for waste water systems. KX series, DN 200–DN 500», изд. 2025-07, стр. 21
HOMA;KX86;KX86106-RU316;MultiChannel;400;165.0;160.0;980;3~400 В 50 Гц;2596.88;43.451;20;20;0;0;CatalogTable;HOMA «Pumps for waste water systems. KX series, DN 200–DN 500», изд. 2025-07, стр. 21
HOMA;KX86;KX86108-RU316;MultiChannel;400;165.0;160.0;980;3~400 В 50 Гц;2645.9;46.474;20;20;0;0;CatalogTable;HOMA «Pumps for waste water systems. KX series, DN 200–DN 500», изд. 2025-07, стр. 21
HOMA;KX86;KX86110-RU346;MultiChannel;400;165.0;185.0;980;3~400 В 50 Гц;2645.5;49.606;20;20;0;0;CatalogTable;HOMA «Pumps for waste water systems. KX series, DN 200–DN 500», изд. 2025-07, стр. 21
HOMA;KX86;KX86100-H178;MultiChannel;400;165.0;45.0;730;3~400 В 50 Гц;1716.0;19.371;20;20;0;0;CatalogTable;HOMA «Pumps for waste water systems. KX series, DN 200–DN 500», изд. 2025-07, стр. 22
HOMA;KX86;KX86102-H178;MultiChannel;400;165.0;45.0;730;3~400 В 50 Гц;1794.79;20.878;20;20;0;0;CatalogTable;HOMA «Pumps for waste water systems. KX series, DN 200–DN 500», изд. 2025-07, стр. 22
HOMA;KX86;KX86104-H198;MultiChannel;400;165.0;53.0;730;3~400 В 50 Гц;1898.56;22.346;20;20;0;0;CatalogTable;HOMA «Pumps for waste water systems. KX series, DN 200–DN 500», изд. 2025-07, стр. 22
HOMA;KX86;KX86106-H208;MultiChannel;400;165.0;63.0;730;3~400 В 50 Гц;1938.61;23.962;20;20;0;0;CatalogTable;HOMA «Pumps for waste water systems. KX series, DN 200–DN 500», изд. 2025-07, стр. 22
HOMA;KX86;KX86108-H208;MultiChannel;400;165.0;63.0;730;3~400 В 50 Гц;1975.64;25.649;20;20;0;0;CatalogTable;HOMA «Pumps for waste water systems. KX series, DN 200–DN 500», изд. 2025-07, стр. 22
HOMA;KX86;KX86110-H228;MultiChannel;400;165.0;72.0;730;3~400 В 50 Гц;1980.18;27.423;20;20;0;0;CatalogTable;HOMA «Pumps for waste water systems. KX series, DN 200–DN 500», изд. 2025-07, стр. 22
HOMA;KX86;KX86100-HU178;MultiChannel;400;165.0;45.0;730;3~400 В 50 Гц;1716.0;19.371;20;20;0;0;CatalogTable;HOMA «Pumps for waste water systems. KX series, DN 200–DN 500», изд. 2025-07, стр. 22
HOMA;KX86;KX86102-HU178;MultiChannel;400;165.0;45.0;730;3~400 В 50 Гц;1794.79;20.878;20;20;0;0;CatalogTable;HOMA «Pumps for waste water systems. KX series, DN 200–DN 500», изд. 2025-07, стр. 22
HOMA;KX86;KX86104-HU198;MultiChannel;400;165.0;53.0;730;3~400 В 50 Гц;1898.56;22.346;20;20;0;0;CatalogTable;HOMA «Pumps for waste water systems. KX series, DN 200–DN 500», изд. 2025-07, стр. 22
HOMA;KX86;KX86106-HU208;MultiChannel;400;165.0;63.0;730;3~400 В 50 Гц;1938.61;23.962;20;20;0;0;CatalogTable;HOMA «Pumps for waste water systems. KX series, DN 200–DN 500», изд. 2025-07, стр. 22
HOMA;KX86;KX86108-HU208;MultiChannel;400;165.0;63.0;730;3~400 В 50 Гц;1975.64;25.649;20;20;0;0;CatalogTable;HOMA «Pumps for waste water systems. KX series, DN 200–DN 500», изд. 2025-07, стр. 22
HOMA;KX86;KX86110-HU228;MultiChannel;400;165.0;72.0;730;3~400 В 50 Гц;1980.18;27.423;20;20;0;0;CatalogTable;HOMA «Pumps for waste water systems. KX series, DN 200–DN 500», изд. 2025-07, стр. 22
Shanghai Liancheng;WQ;80WQ50-35-11;Unknown;80;0;11.0;2900;3~380 В 50 Гц;75.0;;3;0;3;0;CatalogTable;Shanghai Liancheng «WQ series submersible sewage pump» (изд. 2020), таблица характеристик, стр. 13
Shanghai Liancheng;WQ;80WQ50-40-15;Unknown;80;0;15.0;2900;3~380 В 50 Гц;75.0;;3;0;3;0;CatalogTable;Shanghai Liancheng «WQ series submersible sewage pump» (изд. 2020), таблица характеристик, стр. 13
Shanghai Liancheng;WQ;80WQ50-64-18.5;Unknown;80;0;18.5;2900;3~380 В 50 Гц;65.0;;3;0;3;0;CatalogTable;Shanghai Liancheng «WQ series submersible sewage pump» (изд. 2020), таблица характеристик, стр. 13
Shanghai Liancheng;WQ;100WQ80-24-11;Unknown;100;0;11.0;2900;3~380 В 50 Гц;120.0;;3;0;3;0;CatalogTable;Shanghai Liancheng «WQ series submersible sewage pump» (изд. 2020), таблица характеристик, стр. 13
Shanghai Liancheng;WQ;100WQ80-32-15;Unknown;100;0;15.0;2900;3~380 В 50 Гц;120.0;;3;0;3;0;CatalogTable;Shanghai Liancheng «WQ series submersible sewage pump» (изд. 2020), таблица характеристик, стр. 13
Shanghai Liancheng;WQ;100WQ80-36-18.5;Unknown;100;0;18.5;2900;3~380 В 50 Гц;120.0;;3;0;3;0;CatalogTable;Shanghai Liancheng «WQ series submersible sewage pump» (изд. 2020), таблица характеристик, стр. 13
Shanghai Liancheng;WQ;100WQ80-40-22;Unknown;100;0;22.0;2900;3~380 В 50 Гц;120.0;;3;0;3;0;CatalogTable;Shanghai Liancheng «WQ series submersible sewage pump» (изд. 2020), таблица характеристик, стр. 13
Shanghai Liancheng;WQ;150WQ150-15-11;Unknown;150;0;11.0;1460;3~380 В 50 Гц;220.0;;3;0;3;0;CatalogTable;Shanghai Liancheng «WQ series submersible sewage pump» (изд. 2020), таблица характеристик, стр. 13
Shanghai Liancheng;WQ;150WQ150-20-15;Unknown;150;0;15.0;1460;3~380 В 50 Гц;220.0;;3;0;3;0;CatalogTable;Shanghai Liancheng «WQ series submersible sewage pump» (изд. 2020), таблица характеристик, стр. 13
Shanghai Liancheng;WQ;150WQ150-25-18.5;Unknown;150;0;18.5;1470;3~380 В 50 Гц;220.0;;3;0;3;0;CatalogTable;Shanghai Liancheng «WQ series submersible sewage pump» (изд. 2020), таблица характеристик, стр. 13
Shanghai Liancheng;WQ;150WQ150-30-22;Unknown;150;0;22.0;1470;3~380 В 50 Гц;200.0;;3;0;3;0;CatalogTable;Shanghai Liancheng «WQ series submersible sewage pump» (изд. 2020), таблица характеристик, стр. 13
Shanghai Liancheng;WQ;150WQ150-40-30;Unknown;150;0;30.0;1470;3~380 В 50 Гц;200.0;;3;0;3;0;CatalogTable;Shanghai Liancheng «WQ series submersible sewage pump» (изд. 2020), таблица характеристик, стр. 13
Shanghai Liancheng;WQ;150WQ150-45-37;Unknown;150;0;37.0;1470;3~380 В 50 Гц;200.0;;3;0;3;0;CatalogTable;Shanghai Liancheng «WQ series submersible sewage pump» (изд. 2020), таблица характеристик, стр. 13
Shanghai Liancheng;WQ;150WQ150-50-45;Unknown;150;0;45.0;1470;3~380 В 50 Гц;200.0;;3;0;3;0;CatalogTable;Shanghai Liancheng «WQ series submersible sewage pump» (изд. 2020), таблица характеристик, стр. 13
Shanghai Liancheng;WQ;150WQ150-60-55;Unknown;150;0;55.0;1470;3~380 В 50 Гц;200.0;;3;0;3;0;CatalogTable;Shanghai Liancheng «WQ series submersible sewage pump» (изд. 2020), таблица характеристик, стр. 13
Shanghai Liancheng;WQ;200WQ300-7-11;Unknown;200;0;11.0;1460;3~380 В 50 Гц;400.0;;3;0;3;0;CatalogTable;Shanghai Liancheng «WQ series submersible sewage pump» (изд. 2020), таблица характеристик, стр. 13
Shanghai Liancheng;WQ;200WQ300-10-15;Unknown;200;0;15.0;1460;3~380 В 50 Гц;400.0;;3;0;3;0;CatalogTable;Shanghai Liancheng «WQ series submersible sewage pump» (изд. 2020), таблица характеристик, стр. 13
Shanghai Liancheng;WQ;200WQ300-13-18.5;Unknown;200;0;18.5;1470;3~380 В 50 Гц;400.0;;3;0;3;0;CatalogTable;Shanghai Liancheng «WQ series submersible sewage pump» (изд. 2020), таблица характеристик, стр. 13
Shanghai Liancheng;WQ;200WQ300-15-22;Unknown;200;0;22.0;1470;3~380 В 50 Гц;400.0;;3;0;3;0;CatalogTable;Shanghai Liancheng «WQ series submersible sewage pump» (изд. 2020), таблица характеристик, стр. 13
Shanghai Liancheng;WQ;200WQ300-20-30;Unknown;200;0;30.0;980;3~380 В 50 Гц;400.0;;3;0;3;0;CatalogTable;Shanghai Liancheng «WQ series submersible sewage pump» (изд. 2020), таблица характеристик, стр. 13
Shanghai Liancheng;WQ;200WQ300-25-37;Unknown;200;0;37.0;980;3~380 В 50 Гц;400.0;;3;0;3;0;CatalogTable;Shanghai Liancheng «WQ series submersible sewage pump» (изд. 2020), таблица характеристик, стр. 14
Shanghai Liancheng;WQ;200WQ400-27-45;Unknown;200;0;45.0;1480;3~380 В 50 Гц;500.0;;3;0;3;0;CatalogTable;Shanghai Liancheng «WQ series submersible sewage pump» (изд. 2020), таблица характеристик, стр. 14
Shanghai Liancheng;WQ;200WQ400-34-55;Unknown;200;0;55.0;1480;3~380 В 50 Гц;500.0;;3;0;3;0;CatalogTable;Shanghai Liancheng «WQ series submersible sewage pump» (изд. 2020), таблица характеристик, стр. 14
Shanghai Liancheng;WQ;200WQ400-40-75;Unknown;200;0;75.0;1480;3~380 В 50 Гц;500.0;;3;0;3;0;CatalogTable;Shanghai Liancheng «WQ series submersible sewage pump» (изд. 2020), таблица характеристик, стр. 14
Shanghai Liancheng;WQ;200WQ400-48-90;Unknown;200;0;90.0;1480;3~380 В 50 Гц;500.0;;3;0;3;0;CatalogTable;Shanghai Liancheng «WQ series submersible sewage pump» (изд. 2020), таблица характеристик, стр. 14
Shanghai Liancheng;WQ;200WQ300-53-132;Unknown;200;0;132.0;1480;3~380 В 50 Гц;400.0;;3;0;3;0;CatalogTable;Shanghai Liancheng «WQ series submersible sewage pump» (изд. 2020), таблица характеристик, стр. 14
Shanghai Liancheng;WQ;200WQ300-25-30(G);Unknown;200;0;30.0;1470;3~380 В 50 Гц;400.0;;3;0;3;0;CatalogTable;Shanghai Liancheng «WQ series submersible sewage pump» (изд. 2020), таблица характеристик, стр. 14
Shanghai Liancheng;WQ;200WQ300-30-37(G);Unknown;200;0;37.0;1475;3~380 В 50 Гц;430.0;;3;0;3;0;CatalogTable;Shanghai Liancheng «WQ series submersible sewage pump» (изд. 2020), таблица характеристик, стр. 14
Shanghai Liancheng;WQ;250WQ400-7-15;Unknown;250;0;15.0;1460;3~380 В 50 Гц;600.0;;3;0;3;0;CatalogTable;Shanghai Liancheng «WQ series submersible sewage pump» (изд. 2020), таблица характеристик, стр. 14
Shanghai Liancheng;WQ;250WQ400-10-18.5;Unknown;250;0;18.5;1470;3~380 В 50 Гц;600.0;;3;0;3;0;CatalogTable;Shanghai Liancheng «WQ series submersible sewage pump» (изд. 2020), таблица характеристик, стр. 14
Shanghai Liancheng;WQ;250WQ400-13-22;Unknown;250;0;22.0;1470;3~380 В 50 Гц;600.0;;3;0;3;0;CatalogTable;Shanghai Liancheng «WQ series submersible sewage pump» (изд. 2020), таблица характеристик, стр. 14
Shanghai Liancheng;WQ;250WQ500-12-30;Unknown;250;0;30.0;980;3~380 В 50 Гц;700.0;;3;0;3;0;CatalogTable;Shanghai Liancheng «WQ series submersible sewage pump» (изд. 2020), таблица характеристик, стр. 14
Shanghai Liancheng;WQ;250WQ500-16-37;Unknown;250;0;37.0;980;3~380 В 50 Гц;700.0;;3;0;3;0;CatalogTable;Shanghai Liancheng «WQ series submersible sewage pump» (изд. 2020), таблица характеристик, стр. 14
Shanghai Liancheng;WQ;250WQ500-20-45;Unknown;250;0;45.0;980;3~380 В 50 Гц;700.0;;3;0;3;0;CatalogTable;Shanghai Liancheng «WQ series submersible sewage pump» (изд. 2020), таблица характеристик, стр. 14
Shanghai Liancheng;WQ;250WQ500-25-55;Unknown;250;0;55.0;980;3~380 В 50 Гц;700.0;;3;0;3;0;CatalogTable;Shanghai Liancheng «WQ series submersible sewage pump» (изд. 2020), таблица характеристик, стр. 14
Shanghai Liancheng;WQ;250WQ600-28-75;Unknown;250;0;75.0;1480;3~380 В 50 Гц;800.0;;3;0;3;0;CatalogTable;Shanghai Liancheng «WQ series submersible sewage pump» (изд. 2020), таблица характеристик, стр. 14
Shanghai Liancheng;WQ;250WQ600-34-90;Unknown;250;0;90.0;1480;3~380 В 50 Гц;800.0;;3;0;3;0;CatalogTable;Shanghai Liancheng «WQ series submersible sewage pump» (изд. 2020), таблица характеристик, стр. 14
Shanghai Liancheng;WQ;250WQ600-40-110;Unknown;250;0;110.0;1480;3~380 В 50 Гц;800.0;;3;0;3;0;CatalogTable;Shanghai Liancheng «WQ series submersible sewage pump» (изд. 2020), таблица характеристик, стр. 14
Shanghai Liancheng;WQ;250WQ600-50-132;Unknown;250;0;132.0;1480;3~380 В 50 Гц;800.0;;3;0;3;0;CatalogTable;Shanghai Liancheng «WQ series submersible sewage pump» (изд. 2020), таблица характеристик, стр. 14
Shanghai Liancheng;WQ;250WQ500-10-30(G);Unknown;250;0;30.0;1470;3~380 В 50 Гц;600.0;;3;0;3;0;CatalogTable;Shanghai Liancheng «WQ series submersible sewage pump» (изд. 2020), таблица характеристик, стр. 14
Shanghai Liancheng;WQ;250WQ500-16-37(G);Unknown;250;0;37.0;1475;3~380 В 50 Гц;650.0;;3;0;3;0;CatalogTable;Shanghai Liancheng «WQ series submersible sewage pump» (изд. 2020), таблица характеристик, стр. 14
Shanghai Liancheng;WQ;250WQ500-19-37(G);Unknown;250;0;37.0;1475;3~380 В 50 Гц;700.0;;3;0;3;0;CatalogTable;Shanghai Liancheng «WQ series submersible sewage pump» (изд. 2020), таблица характеристик, стр. 14
Shanghai Liancheng;WQ;250WQ500-25-45(G);Unknown;250;0;45.0;1475;3~380 В 50 Гц;700.0;;3;0;3;0;CatalogTable;Shanghai Liancheng «WQ series submersible sewage pump» (изд. 2020), таблица характеристик, стр. 14
Shanghai Liancheng;WQ;300WQ600-6-18.5;Unknown;300;0;18.5;1470;3~380 В 50 Гц;750.0;;3;0;3;0;CatalogTable;Shanghai Liancheng «WQ series submersible sewage pump» (изд. 2020), таблица характеристик, стр. 14
Shanghai Liancheng;WQ;300WQ600-7-22;Unknown;300;0;22.0;1470;3~380 В 50 Гц;750.0;;3;0;3;0;CatalogTable;Shanghai Liancheng «WQ series submersible sewage pump» (изд. 2020), таблица характеристик, стр. 14
Shanghai Liancheng;WQ;300WQ700-11-30;Unknown;300;0;30.0;980;3~380 В 50 Гц;1000.0;;3;0;3;0;CatalogTable;Shanghai Liancheng «WQ series submersible sewage pump» (изд. 2020), таблица характеристик, стр. 14
Shanghai Liancheng;WQ;300WQ700-14-37;Unknown;300;0;37.0;980;3~380 В 50 Гц;1000.0;;3;0;3;0;CatalogTable;Shanghai Liancheng «WQ series submersible sewage pump» (изд. 2020), таблица характеристик, стр. 14
Shanghai Liancheng;WQ;300WQ700-16-45;Unknown;300;0;45.0;980;3~380 В 50 Гц;1000.0;;3;0;3;0;CatalogTable;Shanghai Liancheng «WQ series submersible sewage pump» (изд. 2020), таблица характеристик, стр. 14
Shanghai Liancheng;WQ;300WQ700-19-55;Unknown;300;0;55.0;980;3~380 В 50 Гц;1000.0;;3;0;3;0;CatalogTable;Shanghai Liancheng «WQ series submersible sewage pump» (изд. 2020), таблица характеристик, стр. 14
Shanghai Liancheng;WQ;300WQ1000-20-75;Unknown;300;0;75.0;990;3~380 В 50 Гц;1400.0;;3;0;3;0;CatalogTable;Shanghai Liancheng «WQ series submersible sewage pump» (изд. 2020), таблица характеристик, стр. 14
Shanghai Liancheng;WQ;300WQ1000-24-90;Unknown;300;0;90.0;990;3~380 В 50 Гц;1400.0;;3;0;3;0;CatalogTable;Shanghai Liancheng «WQ series submersible sewage pump» (изд. 2020), таблица характеристик, стр. 14
Shanghai Liancheng;WQ;300WQ1000-28-110;Unknown;300;0;110.0;980;3~380 В 50 Гц;1400.0;;3;0;3;0;CatalogTable;Shanghai Liancheng «WQ series submersible sewage pump» (изд. 2020), таблица характеристик, стр. 14
Shanghai Liancheng;WQ;300WQ1000-35-132;Unknown;300;0;132.0;1480;3~380 В 50 Гц;1400.0;;3;0;3;0;CatalogTable;Shanghai Liancheng «WQ series submersible sewage pump» (изд. 2020), таблица характеристик, стр. 14
Shanghai Liancheng;WQ;300WQ600-60-185;Unknown;300;0;185.0;1480;3~380 В 50 Гц;750.0;;3;0;3;0;CatalogTable;Shanghai Liancheng «WQ series submersible sewage pump» (изд. 2020), таблица характеристик, стр. 14
Shanghai Liancheng;WQ;300WQ700-11-30(G);Unknown;300;0;30.0;1470;3~380 В 50 Гц;820.0;;3;0;3;0;CatalogTable;Shanghai Liancheng «WQ series submersible sewage pump» (изд. 2020), таблица характеристик, стр. 14
Shanghai Liancheng;WQ;300WQ700-14-37(G);Unknown;300;0;37.0;1475;3~380 В 50 Гц;940.0;;3;0;3;0;CatalogTable;Shanghai Liancheng «WQ series submersible sewage pump» (изд. 2020), таблица характеристик, стр. 14
Shanghai Liancheng;WQ;300WQ700-18-45(G);Unknown;300;0;45.0;1475;3~380 В 50 Гц;940.0;;3;0;3;0;CatalogTable;Shanghai Liancheng «WQ series submersible sewage pump» (изд. 2020), таблица характеристик, стр. 14
Shanghai Liancheng;WQ;300WQ1000-20-75(G);Unknown;300;0;75.0;1480;3~380 В 50 Гц;1200.0;;3;0;3;0;CatalogTable;Shanghai Liancheng «WQ series submersible sewage pump» (изд. 2020), таблица характеристик, стр. 14
Shanghai Liancheng;WQ;300WQ1000-24-90(G);Unknown;300;0;90.0;1480;3~380 В 50 Гц;1350.0;;3;0;3;0;CatalogTable;Shanghai Liancheng «WQ series submersible sewage pump» (изд. 2020), таблица характеристик, стр. 14
Shanghai Liancheng;WQ;350WQ1200-6-30;Unknown;350;0;30.0;730;3~380 В 50 Гц;1500.0;;3;0;3;0;CatalogTable;Shanghai Liancheng «WQ series submersible sewage pump» (изд. 2020), таблица характеристик, стр. 15
Shanghai Liancheng;WQ;350WQ1200-8-37;Unknown;350;0;37.0;740;3~380 В 50 Гц;1500.0;;3;0;3;0;CatalogTable;Shanghai Liancheng «WQ series submersible sewage pump» (изд. 2020), таблица характеристик, стр. 15
Shanghai Liancheng;WQ;350WQ1100-10-45;Unknown;350;0;45.0;740;3~380 В 50 Гц;1500.0;;3;0;3;0;CatalogTable;Shanghai Liancheng «WQ series submersible sewage pump» (изд. 2020), таблица характеристик, стр. 15
Shanghai Liancheng;WQ;350WQ1100-12-55;Unknown;350;0;55.0;740;3~380 В 50 Гц;1500.0;;3;0;3;0;CatalogTable;Shanghai Liancheng «WQ series submersible sewage pump» (изд. 2020), таблица характеристик, стр. 15
Shanghai Liancheng;WQ;350WQ1100-16-75;Unknown;350;0;75.0;980;3~380 В 50 Гц;1500.0;;3;0;3;0;CatalogTable;Shanghai Liancheng «WQ series submersible sewage pump» (изд. 2020), таблица характеристик, стр. 15
Shanghai Liancheng;WQ;350WQ1100-20-90;Unknown;350;0;90.0;980;3~380 В 50 Гц;1500.0;;3;0;3;0;CatalogTable;Shanghai Liancheng «WQ series submersible sewage pump» (изд. 2020), таблица характеристик, стр. 15
Shanghai Liancheng;WQ;350WQ1100-25-110;Unknown;350;0;110.0;980;3~380 В 50 Гц;1500.0;;3;0;3;0;CatalogTable;Shanghai Liancheng «WQ series submersible sewage pump» (изд. 2020), таблица характеристик, стр. 15
Shanghai Liancheng;WQ;350WQ1100-30-132;Unknown;350;0;132.0;980;3~380 В 50 Гц;1500.0;;3;0;3;0;CatalogTable;Shanghai Liancheng «WQ series submersible sewage pump» (изд. 2020), таблица характеристик, стр. 15
Shanghai Liancheng;WQ;350WQ1100-36-160;Unknown;350;0;160.0;980;3~380 В 50 Гц;1500.0;;3;0;3;0;CatalogTable;Shanghai Liancheng «WQ series submersible sewage pump» (изд. 2020), таблица характеристик, стр. 15
Shanghai Liancheng;WQ;350WQ1500-30-185;Unknown;350;0;185.0;980;3~380 В 50 Гц;2000.0;;3;0;3;0;CatalogTable;Shanghai Liancheng «WQ series submersible sewage pump» (изд. 2020), таблица характеристик, стр. 15
Shanghai Liancheng;WQ;350WQ1500-32-200;Unknown;350;0;200.0;740;3~380 В 50 Гц;2000.0;;3;0;3;0;CatalogTable;Shanghai Liancheng «WQ series submersible sewage pump» (изд. 2020), таблица характеристик, стр. 15
Shanghai Liancheng;WQ;350WQ1500-35-220;Unknown;350;0;220.0;740;3~380 В 50 Гц;2000.0;;3;0;3;0;CatalogTable;Shanghai Liancheng «WQ series submersible sewage pump» (изд. 2020), таблица характеристик, стр. 15
Shanghai Liancheng;WQ;350WQ1500-40-250;Unknown;350;0;250.0;740;3~380 В 50 Гц;2000.0;;3;0;3;0;CatalogTable;Shanghai Liancheng «WQ series submersible sewage pump» (изд. 2020), таблица характеристик, стр. 15
Shanghai Liancheng;WQ;350WQ1800-40-280;Unknown;350;0;280.0;740;3~380 В 50 Гц;2600.0;;3;0;3;0;CatalogTable;Shanghai Liancheng «WQ series submersible sewage pump» (изд. 2020), таблица характеристик, стр. 15
Shanghai Liancheng;WQ;350WQ1800-43-315;Unknown;350;0;315.0;740;3~380 В 50 Гц;2600.0;;3;0;3;0;CatalogTable;Shanghai Liancheng «WQ series submersible sewage pump» (изд. 2020), таблица характеристик, стр. 15
Shanghai Liancheng;WQ;350WQ1800-46-355;Unknown;350;0;355.0;740;3~380 В 50 Гц;2600.0;;3;0;3;0;CatalogTable;Shanghai Liancheng «WQ series submersible sewage pump» (изд. 2020), таблица характеристик, стр. 15
Shanghai Liancheng;WQ;400WQ1500-5-30;Unknown;400;0;30.0;730;3~380 В 50 Гц;2000.0;;3;0;3;0;CatalogTable;Shanghai Liancheng «WQ series submersible sewage pump» (изд. 2020), таблица характеристик, стр. 15
Shanghai Liancheng;WQ;400WQ1500-6-37;Unknown;400;0;37.0;740;3~380 В 50 Гц;2000.0;;3;0;3;0;CatalogTable;Shanghai Liancheng «WQ series submersible sewage pump» (изд. 2020), таблица характеристик, стр. 15
Shanghai Liancheng;WQ;400WQ1500-8-45;Unknown;400;0;45.0;740;3~380 В 50 Гц;2000.0;;3;0;3;0;CatalogTable;Shanghai Liancheng «WQ series submersible sewage pump» (изд. 2020), таблица характеристик, стр. 15
Shanghai Liancheng;WQ;400WQ1500-10-55;Unknown;400;0;55.0;740;3~380 В 50 Гц;2000.0;;3;0;3;0;CatalogTable;Shanghai Liancheng «WQ series submersible sewage pump» (изд. 2020), таблица характеристик, стр. 15
Shanghai Liancheng;WQ;400WQ1500-12-75;Unknown;400;0;75.0;990;3~380 В 50 Гц;2000.0;;3;0;3;0;CatalogTable;Shanghai Liancheng «WQ series submersible sewage pump» (изд. 2020), таблица характеристик, стр. 15
Shanghai Liancheng;WQ;400WQ1500-15-90;Unknown;400;0;90.0;990;3~380 В 50 Гц;2000.0;;3;0;3;0;CatalogTable;Shanghai Liancheng «WQ series submersible sewage pump» (изд. 2020), таблица характеристик, стр. 15
Shanghai Liancheng;WQ;400WQ1500-18-110;Unknown;400;0;110.0;990;3~380 В 50 Гц;2000.0;;3;0;3;0;CatalogTable;Shanghai Liancheng «WQ series submersible sewage pump» (изд. 2020), таблица характеристик, стр. 15
Shanghai Liancheng;WQ;400WQ1500-22-132;Unknown;400;0;132.0;990;3~380 В 50 Гц;2000.0;;3;0;3;0;CatalogTable;Shanghai Liancheng «WQ series submersible sewage pump» (изд. 2020), таблица характеристик, стр. 15
Shanghai Liancheng;WQ;400WQ2000-20-160;Unknown;400;0;160.0;990;3~380 В 50 Гц;2800.0;;3;0;3;0;CatalogTable;Shanghai Liancheng «WQ series submersible sewage pump» (изд. 2020), таблица характеристик, стр. 15
Shanghai Liancheng;WQ;400WQ2000-23-185;Unknown;400;0;185.0;990;3~380 В 50 Гц;2800.0;;3;0;3;0;CatalogTable;Shanghai Liancheng «WQ series submersible sewage pump» (изд. 2020), таблица характеристик, стр. 15
Shanghai Liancheng;WQ;400WQ2000-25-200;Unknown;400;0;200.0;745;3~380 В 50 Гц;2800.0;;3;0;3;0;CatalogTable;Shanghai Liancheng «WQ series submersible sewage pump» (изд. 2020), таблица характеристик, стр. 15
Shanghai Liancheng;WQ;400WQ2000-28-220;Unknown;400;0;220.0;745;3~380 В 50 Гц;2800.0;;3;0;3;0;CatalogTable;Shanghai Liancheng «WQ series submersible sewage pump» (изд. 2020), таблица характеристик, стр. 15
Shanghai Liancheng;WQ;400WQ2000-32-250;Unknown;400;0;250.0;745;3~380 В 50 Гц;2800.0;;3;0;3;0;CatalogTable;Shanghai Liancheng «WQ series submersible sewage pump» (изд. 2020), таблица характеристик, стр. 15
Shanghai Liancheng;WQ;400WQ2000-36-280;Unknown;400;0;280.0;745;3~380 В 50 Гц;2800.0;;3;0;3;0;CatalogTable;Shanghai Liancheng «WQ series submersible sewage pump» (изд. 2020), таблица характеристик, стр. 15
Shanghai Liancheng;WQ;400WQ2000-40-315;Unknown;400;0;315.0;740;3~380 В 50 Гц;2800.0;;3;0;3;0;CatalogTable;Shanghai Liancheng «WQ series submersible sewage pump» (изд. 2020), таблица характеристик, стр. 15
Shanghai Liancheng;WQ;500WQ2000-7-55;Unknown;500;0;55.0;740;3~380 В 50 Гц;3000.0;;3;0;3;0;CatalogTable;Shanghai Liancheng «WQ series submersible sewage pump» (изд. 2020), таблица характеристик, стр. 15
Shanghai Liancheng;WQ;500WQ2200-8-75;Unknown;500;0;75.0;980;3~380 В 50 Гц;3000.0;;3;0;3;0;CatalogTable;Shanghai Liancheng «WQ series submersible sewage pump» (изд. 2020), таблица характеристик, стр. 15
Shanghai Liancheng;WQ;500WQ2200-10-90;Unknown;500;0;90.0;990;3~380 В 50 Гц;3000.0;;3;0;3;0;CatalogTable;Shanghai Liancheng «WQ series submersible sewage pump» (изд. 2020), таблица характеристик, стр. 15
Shanghai Liancheng;WQ;500WQ2200-12-110;Unknown;500;0;110.0;990;3~380 В 50 Гц;3000.0;;3;0;3;0;CatalogTable;Shanghai Liancheng «WQ series submersible sewage pump» (изд. 2020), таблица характеристик, стр. 15
Shanghai Liancheng;WQ;500WQ2200-15-132;Unknown;500;0;132.0;990;3~380 В 50 Гц;3000.0;;3;0;3;0;CatalogTable;Shanghai Liancheng «WQ series submersible sewage pump» (изд. 2020), таблица характеристик, стр. 15
Shanghai Liancheng;WQ;500WQ3000-11-132;Unknown;500;0;132.0;745;3~380 В 50 Гц;4000.0;;3;0;3;0;CatalogTable;Shanghai Liancheng «WQ series submersible sewage pump» (изд. 2020), таблица характеристик, стр. 15
Shanghai Liancheng;WQ;500WQ3000-13-160;Unknown;500;0;160.0;745;3~380 В 50 Гц;4000.0;;3;0;3;0;CatalogTable;Shanghai Liancheng «WQ series submersible sewage pump» (изд. 2020), таблица характеристик, стр. 15
Shanghai Liancheng;WQ;500WQ3000-15-185;Unknown;500;0;185.0;745;3~380 В 50 Гц;4000.0;;3;0;3;0;CatalogTable;Shanghai Liancheng «WQ series submersible sewage pump» (изд. 2020), таблица характеристик, стр. 15
Shanghai Liancheng;WQ;500WQ3000-16-200;Unknown;500;0;200.0;745;3~380 В 50 Гц;4000.0;;3;0;3;0;CatalogTable;Shanghai Liancheng «WQ series submersible sewage pump» (изд. 2020), таблица характеристик, стр. 16
Shanghai Liancheng;WQ;500WQ3000-18-220;Unknown;500;0;220.0;745;3~380 В 50 Гц;4000.0;;3;0;3;0;CatalogTable;Shanghai Liancheng «WQ series submersible sewage pump» (изд. 2020), таблица характеристик, стр. 16
Shanghai Liancheng;WQ;500WQ3000-21-250;Unknown;500;0;250.0;745;3~380 В 50 Гц;4000.0;;3;0;3;0;CatalogTable;Shanghai Liancheng «WQ series submersible sewage pump» (изд. 2020), таблица характеристик, стр. 16
Shanghai Liancheng;WQ;500WQ3000-24-280;Unknown;500;0;280.0;745;3~380 В 50 Гц;4000.0;;3;0;3;0;CatalogTable;Shanghai Liancheng «WQ series submersible sewage pump» (изд. 2020), таблица характеристик, стр. 16
Shanghai Liancheng;WQ;600WQ3000-8-110;Unknown;600;0;110.0;590;3~380 В 50 Гц;4000.0;;3;0;3;0;CatalogTable;Shanghai Liancheng «WQ series submersible sewage pump» (изд. 2020), таблица характеристик, стр. 16
Shanghai Liancheng;WQ;600WQ3000-10-132;Unknown;600;0;132.0;590;3~380 В 50 Гц;4000.0;;3;0;3;0;CatalogTable;Shanghai Liancheng «WQ series submersible sewage pump» (изд. 2020), таблица характеристик, стр. 16
Shanghai Liancheng;WQ;600WQ4000-10-160;Unknown;600;0;160.0;745;3~380 В 50 Гц;5000.0;;3;0;3;0;CatalogTable;Shanghai Liancheng «WQ series submersible sewage pump» (изд. 2020), таблица характеристик, стр. 16
Shanghai Liancheng;WQ;600WQ4000-11-185;Unknown;600;0;185.0;745;3~380 В 50 Гц;6000.0;;3;0;3;0;CatalogTable;Shanghai Liancheng «WQ series submersible sewage pump» (изд. 2020), таблица характеристик, стр. 16
Shanghai Liancheng;WQ;600WQ4000-12-200;Unknown;600;0;200.0;745;3~380 В 50 Гц;6000.0;;3;0;3;0;CatalogTable;Shanghai Liancheng «WQ series submersible sewage pump» (изд. 2020), таблица характеристик, стр. 16
Shanghai Liancheng;WQ;600WQ4000-14-220;Unknown;600;0;220.0;745;3~380 В 50 Гц;6000.0;;3;0;3;0;CatalogTable;Shanghai Liancheng «WQ series submersible sewage pump» (изд. 2020), таблица характеристик, стр. 16
Shanghai Liancheng;WQ;600WQ4000-16-250;Unknown;600;0;250.0;745;3~380 В 50 Гц;6000.0;;3;0;3;0;CatalogTable;Shanghai Liancheng «WQ series submersible sewage pump» (изд. 2020), таблица характеристик, стр. 16
Shanghai Liancheng;WQ;600WQ4000-18-280;Unknown;600;0;280.0;745;3~380 В 50 Гц;6000.0;;3;0;3;0;CatalogTable;Shanghai Liancheng «WQ series submersible sewage pump» (изд. 2020), таблица характеристик, стр. 16
Shanghai Liancheng;WQ;600WQ4000-20-315;Unknown;600;0;315.0;745;3~380 В 50 Гц;6000.0;;3;0;3;0;CatalogTable;Shanghai Liancheng «WQ series submersible sewage pump» (изд. 2020), таблица характеристик, стр. 16
Shanghai Liancheng;WQC;32WQC8-10-0.75;Unknown;32;0;0.75;2825;3~380 В 50 Гц;10.0;;3;0;3;0;CatalogTable;Shanghai Liancheng «WQC series small submersible sewage pump» (изд. 2021), таблица характеристик, стр. 5
Shanghai Liancheng;WQC;32WQC8-15-1.1;Unknown;32;0;1.1;2825;3~380 В 50 Гц;10.0;;3;0;3;0;CatalogTable;Shanghai Liancheng «WQC series small submersible sewage pump» (изд. 2021), таблица характеристик, стр. 5
Shanghai Liancheng;WQC;50WQC15-8-0.75;Unknown;50;0;0.75;2825;3~380 В 50 Гц;20.0;;3;0;3;0;CatalogTable;Shanghai Liancheng «WQC series small submersible sewage pump» (изд. 2021), таблица характеристик, стр. 5
Shanghai Liancheng;WQC;50WQC15-12-1.1;Unknown;50;0;1.1;2825;3~380 В 50 Гц;20.0;;3;0;3;0;CatalogTable;Shanghai Liancheng «WQC series small submersible sewage pump» (изд. 2021), таблица характеристик, стр. 5
Shanghai Liancheng;WQC;50WQC15-16-1.5;Unknown;50;0;1.5;2840;3~380 В 50 Гц;20.0;;3;0;3;0;CatalogTable;Shanghai Liancheng «WQC series small submersible sewage pump» (изд. 2021), таблица характеристик, стр. 5
Shanghai Liancheng;WQC;50WQC15-22-2.2;Unknown;50;0;2.2;2840;3~380 В 50 Гц;20.0;;3;0;3;0;CatalogTable;Shanghai Liancheng «WQC series small submersible sewage pump» (изд. 2021), таблица характеристик, стр. 5
Shanghai Liancheng;WQC;50WQC15-30-3;Unknown;50;0;3.0;2880;3~380 В 50 Гц;20.0;;3;0;3;0;CatalogTable;Shanghai Liancheng «WQC series small submersible sewage pump» (изд. 2021), таблица характеристик, стр. 5
Shanghai Liancheng;WQC;50WQC25-25-3;Unknown;50;0;3.0;2880;3~380 В 50 Гц;30.0;;3;0;3;0;CatalogTable;Shanghai Liancheng «WQC series small submersible sewage pump» (изд. 2021), таблица характеристик, стр. 5
Shanghai Liancheng;WQC;50WQC30-20-4;Unknown;50;0;4.0;2890;3~380 В 50 Гц;40.0;;3;0;3;0;CatalogTable;Shanghai Liancheng «WQC series small submersible sewage pump» (изд. 2021), таблица характеристик, стр. 5
Shanghai Liancheng;WQC;50WQC25-32-5.5;Unknown;50;0;5.5;2900;3~380 В 50 Гц;40.0;;3;0;3;0;CatalogTable;Shanghai Liancheng «WQC series small submersible sewage pump» (изд. 2021), таблица характеристик, стр. 5
Shanghai Liancheng;WQC;50WQC25-36-5.5;Unknown;50;0;5.5;2900;3~380 В 50 Гц;40.0;;3;0;3;0;CatalogTable;Shanghai Liancheng «WQC series small submersible sewage pump» (изд. 2021), таблица характеристик, стр. 5
Shanghai Liancheng;WQC;65WQC30-10-1.5;Unknown;65;0;1.5;2840;3~380 В 50 Гц;45.0;;3;0;3;0;CatalogTable;Shanghai Liancheng «WQC series small submersible sewage pump» (изд. 2021), таблица характеристик, стр. 5
Shanghai Liancheng;WQC;65WQC30-15-2.2;Unknown;65;0;2.2;2840;3~380 В 50 Гц;45.0;;3;0;3;0;CatalogTable;Shanghai Liancheng «WQC series small submersible sewage pump» (изд. 2021), таблица характеристик, стр. 5
Shanghai Liancheng;WQC;65WQC35-15-3;Unknown;65;0;3.0;2880;3~380 В 50 Гц;45.0;;3;0;3;0;CatalogTable;Shanghai Liancheng «WQC series small submersible sewage pump» (изд. 2021), таблица характеристик, стр. 5
Shanghai Liancheng;WQC;65WQC30-22-4;Unknown;65;0;4.0;2890;3~380 В 50 Гц;45.0;;3;0;3;0;CatalogTable;Shanghai Liancheng «WQC series small submersible sewage pump» (изд. 2021), таблица характеристик, стр. 5
Shanghai Liancheng;WQC;65WQC30-30-5.5;Unknown;65;0;5.5;2900;3~380 В 50 Гц;45.0;;3;0;3;0;CatalogTable;Shanghai Liancheng «WQC series small submersible sewage pump» (изд. 2021), таблица характеристик, стр. 5
Shanghai Liancheng;WQC;65WQC30-35-7.5;Unknown;65;0;7.5;2900;3~380 В 50 Гц;45.0;;3;0;3;0;CatalogTable;Shanghai Liancheng «WQC series small submersible sewage pump» (изд. 2021), таблица характеристик, стр. 5
Shanghai Liancheng;WQC;80WQC50-8-2.2;Unknown;80;0;2.2;2840;3~380 В 50 Гц;75.0;;3;0;3;0;CatalogTable;Shanghai Liancheng «WQC series small submersible sewage pump» (изд. 2021), таблица характеристик, стр. 5
Shanghai Liancheng;WQC;80WQC50-10-3;Unknown;80;0;3.0;2880;3~380 В 50 Гц;75.0;;3;0;3;0;CatalogTable;Shanghai Liancheng «WQC series small submersible sewage pump» (изд. 2021), таблица характеристик, стр. 5
Shanghai Liancheng;WQC;80WQC50-15-4;Unknown;80;0;4.0;2890;3~380 В 50 Гц;75.0;;3;0;3;0;CatalogTable;Shanghai Liancheng «WQC series small submersible sewage pump» (изд. 2021), таблица характеристик, стр. 5
Shanghai Liancheng;WQC;80WQC50-20-5.5;Unknown;80;0;5.5;2900;3~380 В 50 Гц;75.0;;3;0;3;0;CatalogTable;Shanghai Liancheng «WQC series small submersible sewage pump» (изд. 2021), таблица характеристик, стр. 5
Shanghai Liancheng;WQC;80WQC50-25-5.5;Unknown;80;0;5.5;2900;3~380 В 50 Гц;75.0;;3;0;3;0;CatalogTable;Shanghai Liancheng «WQC series small submersible sewage pump» (изд. 2021), таблица характеристик, стр. 5
Shanghai Liancheng;WQC;100WQC80-7-3;Unknown;100;0;3.0;2880;3~380 В 50 Гц;100.0;;3;0;3;0;CatalogTable;Shanghai Liancheng «WQC series small submersible sewage pump» (изд. 2021), таблица характеристик, стр. 5
Shanghai Liancheng;WQC;100WQC80-10-4;Unknown;100;0;4.0;2890;3~380 В 50 Гц;100.0;;3;0;3;0;CatalogTable;Shanghai Liancheng «WQC series small submersible sewage pump» (изд. 2021), таблица характеристик, стр. 5
Shanghai Liancheng;WQC;100WQC80-13-5.5;Unknown;100;0;5.5;2900;3~380 В 50 Гц;100.0;;3;0;3;0;CatalogTable;Shanghai Liancheng «WQC series small submersible sewage pump» (изд. 2021), таблица характеристик, стр. 5
Shanghai Liancheng;WQC;100WQC80-18-7.5;Unknown;100;0;7.5;2900;3~380 В 50 Гц;100.0;;3;0;3;0;CatalogTable;Shanghai Liancheng «WQC series small submersible sewage pump» (изд. 2021), таблица характеристик, стр. 5
Shanghai Liancheng;WQC;150WQC150-7-5.5;Unknown;150;0;5.5;2900;3~380 В 50 Гц;200.0;;3;0;3;0;CatalogTable;Shanghai Liancheng «WQC series small submersible sewage pump» (изд. 2021), таблица характеристик, стр. 5
Shanghai Liancheng;WQC;150WQC150-10-7.5;Unknown;150;0;7.5;2900;3~380 В 50 Гц;200.0;;3;0;3;0;CatalogTable;Shanghai Liancheng «WQC series small submersible sewage pump» (изд. 2021), таблица характеристик, стр. 5
Shanghai Liancheng;WQC;65WQC40-40-11;Unknown;65;0;11.0;2900;3~380 В 50 Гц;50.0;;3;0;3;0;CatalogTable;Shanghai Liancheng «WQC series small submersible sewage pump» (изд. 2021), таблица характеристик, стр. 6
Shanghai Liancheng;WQC;65WQC50-46-15;Unknown;65;0;15.0;2900;3~380 В 50 Гц;60.0;;3;0;3;0;CatalogTable;Shanghai Liancheng «WQC series small submersible sewage pump» (изд. 2021), таблица характеристик, стр. 6
Shanghai Liancheng;WQC;80WQC70-30-11;Unknown;80;0;11.0;2900;3~380 В 50 Гц;84.0;;3;0;3;0;CatalogTable;Shanghai Liancheng «WQC series small submersible sewage pump» (изд. 2021), таблица характеристик, стр. 6
Shanghai Liancheng;WQC;80WQC80-34-15;Unknown;80;0;15.0;2900;3~380 В 50 Гц;100.0;;3;0;3;0;CatalogTable;Shanghai Liancheng «WQC series small submersible sewage pump» (изд. 2021), таблица характеристик, стр. 6
Shanghai Liancheng;WQC;80WQC70-48-18.5;Unknown;80;0;18.5;2900;3~380 В 50 Гц;84.0;;3;0;3;0;CatalogTable;Shanghai Liancheng «WQC series small submersible sewage pump» (изд. 2021), таблица характеристик, стр. 6
Shanghai Liancheng;WQC;80WQC80-53-22;Unknown;80;0;22.0;2900;3~380 В 50 Гц;100.0;;3;0;3;0;CatalogTable;Shanghai Liancheng «WQC series small submersible sewage pump» (изд. 2021), таблица характеристик, стр. 6
Shanghai Liancheng;WQC;100WQC120-31-18.5;Unknown;100;0;18.5;2900;3~380 В 50 Гц;145.0;;3;0;3;0;CatalogTable;Shanghai Liancheng «WQC series small submersible sewage pump» (изд. 2021), таблица характеристик, стр. 6
Shanghai Liancheng;WQC;100WQC130-33-22;Unknown;100;0;22.0;2900;3~380 В 50 Гц;180.0;;3;0;3;0;CatalogTable;Shanghai Liancheng «WQC series small submersible sewage pump» (изд. 2021), таблица характеристик, стр. 6
Shanghai Liancheng;WQC;150WQC160-15-11;Unknown;150;0;11.0;1470;3~380 В 50 Гц;220.0;;3;0;3;0;CatalogTable;Shanghai Liancheng «WQC series small submersible sewage pump» (изд. 2021), таблица характеристик, стр. 6
Shanghai Liancheng;WQC;150WQC200-16-15;Unknown;150;0;15.0;1470;3~380 В 50 Гц;260.0;;3;0;3;0;CatalogTable;Shanghai Liancheng «WQC series small submersible sewage pump» (изд. 2021), таблица характеристик, стр. 6
Shanghai Liancheng;WQC;200WQC280-10-11;Unknown;200;0;11.0;1470;3~380 В 50 Гц;340.0;;3;0;3;0;CatalogTable;Shanghai Liancheng «WQC series small submersible sewage pump» (изд. 2021), таблица характеристик, стр. 6
Shanghai Liancheng;WQC;200WQC300-13-15;Unknown;200;0;15.0;1470;3~380 В 50 Гц;400.0;;3;0;3;0;CatalogTable;Shanghai Liancheng «WQC series small submersible sewage pump» (изд. 2021), таблица характеристик, стр. 6
Shanghai Liancheng;WQC;200WQC300-16-18.5;Unknown;200;0;18.5;1470;3~380 В 50 Гц;400.0;;3;0;3;0;CatalogTable;Shanghai Liancheng «WQC series small submersible sewage pump» (изд. 2021), таблица характеристик, стр. 6
Shanghai Liancheng;WQC;200WQC300-18-22;Unknown;200;0;22.0;1470;3~380 В 50 Гц;400.0;;3;0;3;0;CatalogTable;Shanghai Liancheng «WQC series small submersible sewage pump» (изд. 2021), таблица характеристик, стр. 6
Shanghai Liancheng;WQC;250WQC370-8-11;Unknown;250;0;11.0;1470;3~380 В 50 Гц;410.0;;3;0;3;0;CatalogTable;Shanghai Liancheng «WQC series small submersible sewage pump» (изд. 2021), таблица характеристик, стр. 6
Shanghai Liancheng;WQC;250WQC400-10-15;Unknown;250;0;15.0;1470;3~380 В 50 Гц;500.0;;3;0;3;0;CatalogTable;Shanghai Liancheng «WQC series small submersible sewage pump» (изд. 2021), таблица характеристик, стр. 6
Sempa;DPT;DPT-F1 50-160 BC.1 2P Ø145;Cutter;50;0;0;2900;3~400 В 50 Гц;30.035;26.002;25;25;25;25;CatalogTable;Sempa «DPT Series. Submersible waste water centrifugal pump», изд. 01.2024 v1, стр. 15
Sempa;DPT;DPT-F1 50-160 BC.1 2P Ø142;Cutter;50;0;0;2900;3~400 В 50 Гц;28.996;22.869;25;25;0;0;CatalogTable;Sempa «DPT Series. Submersible waste water centrifugal pump», изд. 01.2024 v1, стр. 15
Sempa;DPT;DPT-F1 50-160 BC.1 2P Ø140;Cutter;50;0;0;2900;3~400 В 50 Гц;28.031;20.947;25;25;25;25;CatalogTable;Sempa «DPT Series. Submersible waste water centrifugal pump», изд. 01.2024 v1, стр. 15
Sempa;DPT;DPT-F1 50-160 BC.2 2P Ø185;Cutter;50;0;7.5;2930;3~400 В 50 Гц;30.432;33.949;25;25;25;25;CatalogTable;Sempa «DPT Series. Submersible waste water centrifugal pump», изд. 01.2024 v1, стр. 17
Sempa;DPT;DPT-F1 50-160 BC.2 2P Ø160;Cutter;50;0;5.5;2930;3~400 В 50 Гц;30.432;26.074;25;25;0;0;CatalogTable;Sempa «DPT Series. Submersible waste water centrifugal pump», изд. 01.2024 v1, стр. 17
Sempa;DPT;DPT-F1 50-160 BC.2 2P Ø142;Cutter;50;0;3.0;2930;3~400 В 50 Гц;25.347;19.988;25;25;25;25;CatalogTable;Sempa «DPT Series. Submersible waste water centrifugal pump», изд. 01.2024 v1, стр. 17
Sempa;DPT;DPT-F1 50-160 D 2P Ø160;Unknown;50;0;4.0;2930;3~400 В 50 Гц;52.027;;25;25;0;0;CatalogTable;Sempa «DPT Series. Submersible waste water centrifugal pump», изд. 01.2024 v1, стр. 19
Sempa;DPT;DPT-F1 50-160 D 2P Ø180;Unknown;50;0;7.5;2930;3~400 В 50 Гц;56.262;;25;25;25;25;CatalogTable;Sempa «DPT Series. Submersible waste water centrifugal pump», изд. 01.2024 v1, стр. 19
Sempa;DPT;DPT-F1 50-160 D 2P Ø142;Unknown;50;0;4.0;2930;3~400 В 50 Гц;50.033;;25;25;25;25;CatalogTable;Sempa «DPT Series. Submersible waste water centrifugal pump», изд. 01.2024 v1, стр. 19
Sempa;DPT;DPT-F1 50-150 BC.3 2P Ø145;Cutter;50;0;1.5;2900;3~400 В 50 Гц;30.117;23.919;25;25;25;0;CatalogTable;Sempa «DPT Series. Submersible waste water centrifugal pump», изд. 01.2024 v1, стр. 21
Sempa;DPT;DPT-F1 50-150 BC.3 2P Ø153;Cutter;50;0;2.2;2900;3~400 В 50 Гц;30.117;26.84;25;25;25;0;CatalogTable;Sempa «DPT Series. Submersible waste water centrifugal pump», изд. 01.2024 v1, стр. 21
Sempa;DPT;DPT-F3 80-315 SO 4P Ø265;Open;80;0;0;1450;3~400 В 50 Гц;96.845;25.706;25;25;25;25;CatalogTable;Sempa «DPT Series. Submersible waste water centrifugal pump», изд. 01.2024 v1, стр. 23
Sempa;DPT;DPT-F3 80-315 SO 4P Ø295;Open;80;0;0;1450;3~400 В 50 Гц;119.824;;25;25;0;0;CatalogTable;Sempa «DPT Series. Submersible waste water centrifugal pump», изд. 01.2024 v1, стр. 23
Sempa;DPT;DPT-F3 80-315 SO 4P Ø315;Open;80;0;0;1450;3~400 В 50 Гц;139.801;37.381;25;25;25;25;CatalogTable;Sempa «DPT Series. Submersible waste water centrifugal pump», изд. 01.2024 v1, стр. 23
Sempa;DPT;DPT-F3 100-270 L 4P Ø235;Unknown;100;0;0;1450;3~400 В 50 Гц;189.78;18.437;25;25;0;0;CatalogTable;Sempa «DPT Series. Submersible waste water centrifugal pump», изд. 01.2024 v1, стр. 25
Sempa;DPT;DPT-F3 100-270 L 4P Ø223;Unknown;100;0;0;1450;3~400 В 50 Гц;149.772;16.219;25;25;25;0;CatalogTable;Sempa «DPT Series. Submersible waste water centrifugal pump», изд. 01.2024 v1, стр. 25
Sempa;DPT;DPT-F3 100-270 L 4P Ø262;Unknown;100;0;0;1450;3~400 В 50 Гц;214.786;20.866;25;25;25;0;CatalogTable;Sempa «DPT Series. Submersible waste water centrifugal pump», изд. 01.2024 v1, стр. 25
Sempa;DPT;DPT-F3 150-315 L 6P Ø250;Unknown;150;0;0;960;3~400 В 50 Гц;222.965;;25;25;25;25;CatalogTable;Sempa «DPT Series. Submersible waste water centrifugal pump», изд. 01.2024 v1, стр. 33
Sempa;DPT;DPT-F3 150-315 L 6P Ø338;Unknown;150;0;0;960;3~400 В 50 Гц;389.3;;25;25;25;25;CatalogTable;Sempa «DPT Series. Submersible waste water centrifugal pump», изд. 01.2024 v1, стр. 33
Sempa;DPT;DPT-F3 150-315 L 6P Ø280;Unknown;150;0;0;960;3~400 В 50 Гц;285.65;;25;25;0;0;CatalogTable;Sempa «DPT Series. Submersible waste water centrifugal pump», изд. 01.2024 v1, стр. 33
Sempa;DPT;DPT-F3 150-315 L 6P Ø305;Unknown;150;0;0;960;3~400 В 50 Гц;329.514;;25;25;0;0;CatalogTable;Sempa «DPT Series. Submersible waste water centrifugal pump», изд. 01.2024 v1, стр. 33
Sempa;DPT;DPT-F3 150-315 L 4P Ø290;Unknown;150;0;30.0;1475;3~400 В 50 Гц;429.904;;25;25;0;0;CatalogTable;Sempa «DPT Series. Submersible waste water centrifugal pump», изд. 01.2024 v1, стр. 34
Sempa;DPT;DPT-F3 150-315 L 4P Ø338;Unknown;150;0;55.0;1475;3~400 В 50 Гц;583.87;;25;25;25;0;CatalogTable;Sempa «DPT Series. Submersible waste water centrifugal pump», изд. 01.2024 v1, стр. 34
Sempa;DPT;DPT-F3 150-315 L 4P Ø325;Unknown;150;0;45.0;1475;3~400 В 50 Гц;559.875;;25;25;0;0;CatalogTable;Sempa «DPT Series. Submersible waste water centrifugal pump», изд. 01.2024 v1, стр. 34
Sempa;DPT;DPT-F3 150-315 L 4P Ø305;Unknown;150;0;37.0;1475;3~400 В 50 Гц;494.853;;25;25;0;0;CatalogTable;Sempa «DPT Series. Submersible waste water centrifugal pump», изд. 01.2024 v1, стр. 34
Sempa;DPT;DPT-F3 150-315 L 4P Ø270;Unknown;150;0;18.5;1475;3~400 В 50 Гц;387.915;;25;25;0;0;CatalogTable;Sempa «DPT Series. Submersible waste water centrifugal pump», изд. 01.2024 v1, стр. 34
Sempa;DPT;DPT-F3 150-315 L 4P Ø250;Unknown;150;0;15.0;1475;3~400 В 50 Гц;329.929;;25;25;25;0;CatalogTable;Sempa «DPT Series. Submersible waste water centrifugal pump», изд. 01.2024 v1, стр. 34
Sempa;DPT;DPT-F3 150-315 L 4P Ø280;Unknown;150;0;22.0;1475;3~400 В 50 Гц;443.902;;25;25;0;0;CatalogTable;Sempa «DPT Series. Submersible waste water centrifugal pump», изд. 01.2024 v1, стр. 34
Sempa;DPT;DPT-F3 150-500 L 6P Ø530;Unknown;150;0;0;960;3~400 В 50 Гц;346.463;;25;25;25;0;CatalogTable;Sempa «DPT Series. Submersible waste water centrifugal pump», изд. 01.2024 v1, стр. 36
Sempa;DPT;DPT-F3 150-500 L 6P Ø500;Unknown;150;0;0;960;3~400 В 50 Гц;326.504;;25;25;0;0;CatalogTable;Sempa «DPT Series. Submersible waste water centrifugal pump», изд. 01.2024 v1, стр. 36
Sempa;DPT;DPT-F3 150-500 L 6P Ø450;Unknown;150;0;0;960;3~400 В 50 Гц;293.138;;25;25;25;0;CatalogTable;Sempa «DPT Series. Submersible waste water centrifugal pump», изд. 01.2024 v1, стр. 36
Sempa;DPT;DPT-F3 150-500 L 4P Ø450;Unknown;150;0;0;1450;3~400 В 50 Гц;439.555;73.6;25;25;25;25;CatalogTable;Sempa «DPT Series. Submersible waste water centrifugal pump», изд. 01.2024 v1, стр. 37
Sempa;DPT;DPT-F3 150-500 L 4P Ø530;Unknown;150;0;0;1450;3~400 В 50 Гц;519.787;110.057;25;25;25;25;CatalogTable;Sempa «DPT Series. Submersible waste water centrifugal pump», изд. 01.2024 v1, стр. 37
Sempa;DPT;DPT-F3 150-500 L 4P Ø500;Unknown;150;0;0;1450;3~400 В 50 Гц;489.675;98.502;25;25;0;0;CatalogTable;Sempa «DPT Series. Submersible waste water centrifugal pump», изд. 01.2024 v1, стр. 37
Sempa;DPT;DPT-F3 200-400 L 6P Ø420;Unknown;200;0;0;960;3~400 В 50 Гц;666.473;;25;25;25;0;CatalogTable;Sempa «DPT Series. Submersible waste water centrifugal pump», изд. 01.2024 v1, стр. 40
Sempa;DPT;DPT-F3 200-400 L 6P Ø345;Unknown;200;0;0;960;3~400 В 50 Гц;541.825;;25;25;25;0;CatalogTable;Sempa «DPT Series. Submersible waste water centrifugal pump», изд. 01.2024 v1, стр. 40
Sempa;DPT;DPT-F3 200-400 L 6P Ø368;Unknown;200;0;0;960;3~400 В 50 Гц;581.709;;25;25;0;0;CatalogTable;Sempa «DPT Series. Submersible waste water centrifugal pump», изд. 01.2024 v1, стр. 40
Sempa;DPT;DPT-F3 200-400 L 4P Ø385;Unknown;200;0;0;1450;3~400 В 50 Гц;916.678;51.531;25;25;0;0;CatalogTable;Sempa «DPT Series. Submersible waste water centrifugal pump», изд. 01.2024 v1, стр. 41
Sempa;DPT;DPT-F3 200-400 L 4P Ø420;Unknown;200;0;0;1450;3~400 В 50 Гц;999.992;61.263;25;25;25;25;CatalogTable;Sempa «DPT Series. Submersible waste water centrifugal pump», изд. 01.2024 v1, стр. 41
Sempa;DPT;DPT-F3 200-400 L 4P Ø368;Unknown;200;0;0;1450;3~400 В 50 Гц;875.712;47.138;25;25;0;0;CatalogTable;Sempa «DPT Series. Submersible waste water centrifugal pump», изд. 01.2024 v1, стр. 41
Sempa;DPT;DPT-F3 200-400 L 4P Ø405;Unknown;200;0;0;1450;3~400 В 50 Гц;964.213;56.999;25;25;0;0;CatalogTable;Sempa «DPT Series. Submersible waste water centrifugal pump», изд. 01.2024 v1, стр. 41
Sempa;DPT;DPT-F3 200-400 L 4P Ø345;Unknown;200;0;0;1450;3~400 В 50 Гц;821.404;38.676;25;25;25;25;CatalogTable;Sempa «DPT Series. Submersible waste water centrifugal pump», изд. 01.2024 v1, стр. 41
Sempa;DPT;DPT-F3 200-500 L 6P Ø530;Unknown;200;0;0;960;3~400 В 50 Гц;329.538;45.217;25;25;25;25;CatalogTable;Sempa «DPT Series. Submersible waste water centrifugal pump», изд. 01.2024 v1, стр. 43
Sempa;DPT;DPT-F3 200-500 L 6P Ø510;Unknown;200;0;0;960;3~400 В 50 Гц;306.551;42.25;25;25;0;0;CatalogTable;Sempa «DPT Series. Submersible waste water centrifugal pump», изд. 01.2024 v1, стр. 43
Sempa;DPT;DPT-F3 200-500 L 6P Ø485;Unknown;200;0;0;960;3~400 В 50 Гц;278.568;38.099;25;25;25;25;CatalogTable;Sempa «DPT Series. Submersible waste water centrifugal pump», изд. 01.2024 v1, стр. 43
Sempa;DPT;DPT-F3 200-500 L 4P Ø510;Unknown;200;0;0;1450;3~400 В 50 Гц;461.587;95.291;25;25;0;0;CatalogTable;Sempa «DPT Series. Submersible waste water centrifugal pump», изд. 01.2024 v1, стр. 44
Sempa;DPT;DPT-F3 200-500 L 4P Ø485;Unknown;200;0;0;1450;3~400 В 50 Гц;419.596;85.872;25;25;25;0;CatalogTable;Sempa «DPT Series. Submersible waste water centrifugal pump», изд. 01.2024 v1, стр. 44
Sempa;DPT;DPT-F3 200-500 L 4P Ø530;Unknown;200;0;0;1450;3~400 В 50 Гц;499.638;102.773;25;25;25;0;CatalogTable;Sempa «DPT Series. Submersible waste water centrifugal pump», изд. 01.2024 v1, стр. 44
Sempa;DPT;DPT-F3 300-400 L 6P Ø464;Unknown;300;0;0;960;3~400 В 50 Гц;1201.526;;25;25;25;25;CatalogTable;Sempa «DPT Series. Submersible waste water centrifugal pump», изд. 01.2024 v1, стр. 47
Sempa;DPT;DPT-F3 300-400 L 6P Ø430;Unknown;300;0;0;960;3~400 В 50 Гц;1101.439;;25;25;0;0;CatalogTable;Sempa «DPT Series. Submersible waste water centrifugal pump», изд. 01.2024 v1, стр. 47
Sempa;DPT;DPT-F3 300-400 L 6P Ø420;Unknown;300;0;0;960;3~400 В 50 Гц;1041.388;;25;25;25;25;CatalogTable;Sempa «DPT Series. Submersible waste water centrifugal pump», изд. 01.2024 v1, стр. 47
Sempa;DPT;DPT-F3 300-400 L 4P Ø464;Unknown;300;0;0;1450;3~400 В 50 Гц;1796.161;;25;25;25;25;CatalogTable;Sempa «DPT Series. Submersible waste water centrifugal pump», изд. 01.2024 v1, стр. 48
Sempa;DPT;DPT-F3 300-400 L 4P Ø430;Unknown;300;0;0;1450;3~400 В 50 Гц;1664.127;;25;25;0;0;CatalogTable;Sempa «DPT Series. Submersible waste water centrifugal pump», изд. 01.2024 v1, стр. 48
Sempa;DPT;DPT-F3 300-400 L 4P Ø420;Unknown;300;0;0;1450;3~400 В 50 Гц;1625.418;;25;25;25;25;CatalogTable;Sempa «DPT Series. Submersible waste water centrifugal pump», изд. 01.2024 v1, стр. 48
Sempa;DPT;DPT-F4 80-200 L 4P Ø190;Unknown;80;0;3.0;1455;3~400 В 50 Гц;89.917;;25;25;25;25;CatalogTable;Sempa «DPT Series. Submersible waste water centrifugal pump», изд. 01.2024 v1, стр. 50
Sempa;DPT;DPT-F4 80-200 L 4P Ø198;Unknown;80;0;3.0;1455;3~400 В 50 Гц;99.914;;25;25;25;25;CatalogTable;Sempa «DPT Series. Submersible waste water centrifugal pump», изд. 01.2024 v1, стр. 50
Sempa;DPT;DPT-F4 100 L 4P Ø262;Unknown;100;0;0;1450;3~400 В 50 Гц;215.223;;25;25;25;0;CatalogTable;Sempa «DPT Series. Submersible waste water centrifugal pump», изд. 01.2024 v1, стр. 52
Sempa;DPT;DPT-F4 100 L 4P Ø223;Unknown;100;0;0;1450;3~400 В 50 Гц;150.223;;25;25;25;0;CatalogTable;Sempa «DPT Series. Submersible waste water centrifugal pump», изд. 01.2024 v1, стр. 52
Sempa;DPT;DPT-F4 100 L 4P Ø235;Unknown;100;0;0;1450;3~400 В 50 Гц;190.223;;25;25;0;0;CatalogTable;Sempa «DPT Series. Submersible waste water centrifugal pump», изд. 01.2024 v1, стр. 52
Standart Pompa;C;C 50-200B (150.1);SingleChannel;50;25.0;1.49;1450;3~400 В 50 Гц;42.4;;12;12;0;0;CatalogTable;Standart Pompa, общий каталог продукции 2024 (sp_urun_katalog), серия C «Dalgıç atık su pompaları», стр. 117 «Çalışma Alanları»
Standart Pompa;C;C 50-200B (150.2);SingleChannel;50;25.0;1.12;1450;3~400 В 50 Гц;37.89;;12;12;0;0;CatalogTable;Standart Pompa, общий каталог продукции 2024 (sp_urun_katalog), серия C «Dalgıç atık su pompaları», стр. 117 «Çalışma Alanları»
Standart Pompa;C;C 50-200B (150.3);SingleChannel;50;25.0;0.75;1450;3~400 В 50 Гц;32.06;;12;12;0;0;CatalogTable;Standart Pompa, общий каталог продукции 2024 (sp_urun_katalog), серия C «Dalgıç atık su pompaları», стр. 117 «Çalışma Alanları»
Standart Pompa;C;C 80-160B (160.1);SingleChannel;80;72.0;1.49;1450;3~400 В 50 Гц;103.69;9.586;17;12;0;0;CatalogTable;Standart Pompa, общий каталог продукции 2024 (sp_urun_katalog), серия C «Dalgıç atık su pompaları», стр. 117 «Çalışma Alanları»
Standart Pompa;C;C 50-200Vx (156.1);Vortex;50;35.0;4.1;2900;3~400 В 50 Гц;40.62;;12;12;0;0;CatalogTable;Standart Pompa, общий каталог продукции 2024 (sp_urun_katalog), серия C «Dalgıç atık su pompaları», стр. 117 «Çalışma Alanları»
Standart Pompa;C;C 50-200Vx (156.2);Vortex;50;35.0;2.98;2900;3~400 В 50 Гц;35.3;;12;12;0;0;CatalogTable;Standart Pompa, общий каталог продукции 2024 (sp_urun_katalog), серия C «Dalgıç atık su pompaları», стр. 117 «Çalışma Alanları»
Standart Pompa;C;C 50-160Vx (146.1);Vortex;50;35.0;2.24;2900;3~400 В 50 Гц;33.1;;12;12;0;0;CatalogTable;Standart Pompa, общий каталог продукции 2024 (sp_urun_katalog), серия C «Dalgıç atık su pompaları», стр. 117 «Çalışma Alanları»
Standart Pompa;C;C 50-160Vx (146.2);Vortex;50;35.0;1.49;2900;3~400 В 50 Гц;30.77;;17;12;0;0;CatalogTable;Standart Pompa, общий каталог продукции 2024 (sp_urun_katalog), серия C «Dalgıç atık su pompaları», стр. 117 «Çalışma Alanları»
Standart Pompa;C;C 50-160Vx (146.3);Vortex;50;35.0;1.12;2900;3~400 В 50 Гц;28.82;;12;12;0;0;CatalogTable;Standart Pompa, общий каталог продукции 2024 (sp_urun_katalog), серия C «Dalgıç atık su pompaları», стр. 117 «Çalışma Alanları»
Standart Pompa;C;C 50-160Vx (146.4);Vortex;50;35.0;0.75;2900;3~400 В 50 Гц;25.72;;12;12;0;0;CatalogTable;Standart Pompa, общий каталог продукции 2024 (sp_urun_katalog), серия C «Dalgıç atık su pompaları», стр. 117 «Çalışma Alanları»
Standart Pompa;C;C 50-200F (158.1);Open;50;5.0;4.1;2900;3~400 В 50 Гц;33.61;;17;12;0;0;CatalogTable;Standart Pompa, общий каталог продукции 2024 (sp_urun_katalog), серия C «Dalgıç atık su pompaları», стр. 117 «Çalışma Alanları»
Standart Pompa;C;C 50-200F (158.2);Open;50;5.0;2.98;2900;3~400 В 50 Гц;32.48;;12;12;0;0;CatalogTable;Standart Pompa, общий каталог продукции 2024 (sp_urun_katalog), серия C «Dalgıç atık su pompaları», стр. 117 «Çalışma Alanları»
Standart Pompa;C;C 50-160F (148.1);Open;50;5.0;2.24;2900;3~400 В 50 Гц;30.92;;12;12;0;0;CatalogTable;Standart Pompa, общий каталог продукции 2024 (sp_urun_katalog), серия C «Dalgıç atık su pompaları», стр. 117 «Çalışma Alanları»
Standart Pompa;C;C 50-160F (148.2);Open;50;5.0;1.49;2900;3~400 В 50 Гц;28.54;;12;12;0;0;CatalogTable;Standart Pompa, общий каталог продукции 2024 (sp_urun_katalog), серия C «Dalgıç atık su pompaları», стр. 117 «Çalışma Alanları»
Standart Pompa;C;C 50-160F (148.3);Open;50;5.0;1.12;2900;3~400 В 50 Гц;23.53;;12;12;0;0;CatalogTable;Standart Pompa, общий каталог продукции 2024 (sp_urun_katalog), серия C «Dalgıç atık su pompaları», стр. 117 «Çalışma Alanları»
Standart Pompa;C;C 100-270B (270.1);SingleChannel;100;76.0;8.95;1450;3~400 В 50 Гц;218.52;20.854;17;17;0;0;CatalogTable;Standart Pompa, общий каталог продукции 2024 (sp_urun_katalog), серия C «Dalgıç atık su pompaları», стр. 118 «Çalışma Alanları»
Standart Pompa;C;C 100-270B (270.2);SingleChannel;100;76.0;7.46;1450;3~400 В 50 Гц;206.26;18.041;23;17;0;0;CatalogTable;Standart Pompa, общий каталог продукции 2024 (sp_urun_katalog), серия C «Dalgıç atık su pompaları», стр. 118 «Çalışma Alanları»
Standart Pompa;C;C 100-240B (240.1);SingleChannel;100;55.0;5.59;1450;3~400 В 50 Гц;142.42;19.625;17;12;0;0;CatalogTable;Standart Pompa, общий каталог продукции 2024 (sp_urun_katalog), серия C «Dalgıç atık su pompaları», стр. 118 «Çalışma Alanları»
Standart Pompa;C;C 100-240B (240.2);SingleChannel;100;55.0;4.1;1450;3~400 В 50 Гц;126.33;16.702;17;12;0;0;CatalogTable;Standart Pompa, общий каталог продукции 2024 (sp_urun_katalog), серия C «Dalgıç atık su pompaları», стр. 118 «Çalışma Alanları»
Standart Pompa;C;C 80-200Vx (205.1);Vortex;80;60.0;2.98;1450;3~400 В 50 Гц;77.32;11.28;12;12;0;0;CatalogTable;Standart Pompa, общий каталог продукции 2024 (sp_urun_katalog), серия C «Dalgıç atık su pompaları», стр. 118 «Çalışma Alanları»
Standart Pompa;C;C 80-200Vx (205.2);Vortex;80;60.0;2.24;1450;3~400 В 50 Гц;73.02;9.209;12;12;0;0;CatalogTable;Standart Pompa, общий каталог продукции 2024 (sp_urun_katalog), серия C «Dalgıç atık su pompaları», стр. 118 «Çalışma Alanları»
Standart Pompa;C;C 80-160Vx (165.1);Vortex;80;76.0;1.49;1450;3~400 В 50 Гц;84.14;5.359;12;12;0;0;CatalogTable;Standart Pompa, общий каталог продукции 2024 (sp_urun_katalog), серия C «Dalgıç atık su pompaları», стр. 118 «Çalışma Alanları»
Standart Pompa;C;C 50-200D (152.1);MultiChannel;50;25.0;4.1;2900;3~400 В 50 Гц;52.58;31.67;17;12;0;0;CatalogTable;Standart Pompa, общий каталог продукции 2024 (sp_urun_katalog), серия C «Dalgıç atık su pompaları», стр. 118 «Çalışma Alanları»
Standart Pompa;C;C 50-200D (152.2);MultiChannel;50;25.0;2.98;2900;3~400 В 50 Гц;49.95;27.388;17;12;0;0;CatalogTable;Standart Pompa, общий каталог продукции 2024 (sp_urun_katalog), серия C «Dalgıç atık su pompaları», стр. 118 «Çalışma Alanları»
Standart Pompa;C;C 50-160D (142.1);MultiChannel;50;25.0;2.24;2900;3~400 В 50 Гц;47.35;23.31;12;12;0;0;CatalogTable;Standart Pompa, общий каталог продукции 2024 (sp_urun_katalog), серия C «Dalgıç atık su pompaları», стр. 118 «Çalışma Alanları»
Standart Pompa;C;C 50-160D (141.1);MultiChannel;50;25.0;1.49;2900;3~400 В 50 Гц;41.09;18.687;12;12;0;0;CatalogTable;Standart Pompa, общий каталог продукции 2024 (sp_urun_katalog), серия C «Dalgıç atık su pompaları», стр. 118 «Çalışma Alanları»
Standart Pompa;C;C 50-160D (141.2);MultiChannel;50;25.0;1.12;2900;3~400 В 50 Гц;34.56;15.703;12;0;0;0;CatalogTable;Standart Pompa, общий каталог продукции 2024 (sp_urun_katalog), серия C «Dalgıç atık su pompaları», стр. 118 «Çalışma Alanları»
Standart Pompa;C;C 50-160D (141.3);MultiChannel;50;25.0;0.75;2900;3~400 В 50 Гц;26.3;12.31;6;0;0;0;CatalogTable;Standart Pompa, общий каталог продукции 2024 (sp_urun_katalog), серия C «Dalgıç atık su pompaları», стр. 118 «Çalışma Alanları»
Standart Pompa;C;C 100-240D (242.2);MultiChannel;100;38.0;5.59;2900;3~400 В 50 Гц;113.54;28.783;12;12;0;0;CatalogTable;Standart Pompa, общий каталог продукции 2024 (sp_urun_katalog), серия C «Dalgıç atık su pompaları», стр. 119 «Çalışma Alanları»
Standart Pompa;C;C 80-200D (202.1);MultiChannel;80;35.0;4.1;2900;3~400 В 50 Гц;90.09;25.433;12;12;0;0;CatalogTable;Standart Pompa, общий каталог продукции 2024 (sp_urun_katalog), серия C «Dalgıç atık su pompaları», стр. 119 «Çalışma Alanları»
Standart Pompa;C;C 80-200D (202.2);MultiChannel;80;35.0;2.98;2900;3~400 В 50 Гц;80.06;21.366;12;12;0;0;CatalogTable;Standart Pompa, общий каталог продукции 2024 (sp_urun_katalog), серия C «Dalgıç atık su pompaları», стр. 119 «Çalışma Alanları»
Standart Pompa;C;C 100-240Vx (245.1);Vortex;100;60.0;5.59;1450;3~400 В 50 Гц;118.79;;12;12;0;0;CatalogTable;Standart Pompa, общий каталог продукции 2024 (sp_urun_katalog), серия C «Dalgıç atık su pompaları», стр. 119 «Çalışma Alanları»
Standart Pompa;C;C 100-240Vx (245.2);Vortex;100;60.0;4.1;1450;3~400 В 50 Гц;100.6;;12;12;0;0;CatalogTable;Standart Pompa, общий каталог продукции 2024 (sp_urun_katalog), серия C «Dalgıç atık su pompaları», стр. 119 «Çalışma Alanları»
ShinMaywa;CN-MT;CN80-MT-2.2kW;SingleChannel;80;0;2.2;0;3~ 50 Гц;85.82;;8;0;0;0;CatalogTable;"ShinMaywa «Submersible sludge pump CN/CN-MT/CNH・CNL series» (каталог, 03.2021; копия дистрибьютора chainaris.co.th), стр. 5, Performance Curves 50 Hz"
ShinMaywa;CN-MT;CN80-MT-3.7kW[1];SingleChannel;80;0;3.7;0;3~ 50 Гц;116.87;;8;0;0;0;CatalogTable;"ShinMaywa «Submersible sludge pump CN/CN-MT/CNH・CNL series» (каталог, 03.2021; копия дистрибьютора chainaris.co.th), стр. 5, Performance Curves 50 Hz"
ShinMaywa;CN-MT;CN80-MT-3.7kW[3];SingleChannel;80;0;3.7;0;3~ 50 Гц;77.62;;8;0;0;0;CatalogTable;"ShinMaywa «Submersible sludge pump CN/CN-MT/CNH・CNL series» (каталог, 03.2021; копия дистрибьютора chainaris.co.th), стр. 5, Performance Curves 50 Hz"
ShinMaywa;CN-MT;CN100-MT-5.5kW[1];SingleChannel;100;0;5.5;0;3~ 50 Гц;129.73;;8;0;0;0;CatalogTable;"ShinMaywa «Submersible sludge pump CN/CN-MT/CNH・CNL series» (каталог, 03.2021; копия дистрибьютора chainaris.co.th), стр. 5, Performance Curves 50 Hz"
ShinMaywa;CN-MT;CN100-MT-5.5kW[3];SingleChannel;100;0;5.5;0;3~ 50 Гц;93.2;;8;0;0;0;CatalogTable;"ShinMaywa «Submersible sludge pump CN/CN-MT/CNH・CNL series» (каталог, 03.2021; копия дистрибьютора chainaris.co.th), стр. 5, Performance Curves 50 Hz"
ShinMaywa;CN-MT;CN100-MT-7.5kW[1];SingleChannel;100;0;7.5;0;3~ 50 Гц;152.04;;8;0;0;0;CatalogTable;"ShinMaywa «Submersible sludge pump CN/CN-MT/CNH・CNL series» (каталог, 03.2021; копия дистрибьютора chainaris.co.th), стр. 5, Performance Curves 50 Hz"
ShinMaywa;CN-MT;CN100-MT-7.5kW[3];SingleChannel;100;0;7.5;0;3~ 50 Гц;90.13;;8;0;0;0;CatalogTable;"ShinMaywa «Submersible sludge pump CN/CN-MT/CNH・CNL series» (каталог, 03.2021; копия дистрибьютора chainaris.co.th), стр. 5, Performance Curves 50 Hz"
ShinMaywa;CNH;CNH100-11kW;SingleChannel;100;0;11.0;0;3~ 50 Гц;179.53;;8;0;0;0;CatalogTable;"ShinMaywa «Submersible sludge pump CN/CN-MT/CNH・CNL series» (каталог, 03.2021; копия дистрибьютора chainaris.co.th), стр. 5, Performance Curves 50 Hz"
ShinMaywa;CNH;CNH100-15kW;SingleChannel;100;0;15.0;0;3~ 50 Гц;232.54;;16;0;0;0;CatalogTable;"ShinMaywa «Submersible sludge pump CN/CN-MT/CNH・CNL series» (каталог, 03.2021; копия дистрибьютора chainaris.co.th), стр. 5, Performance Curves 50 Hz"
ShinMaywa;CNH;CNH100-22kW;SingleChannel;100;0;22.0;0;3~ 50 Гц;267.12;;16;0;0;0;CatalogTable;"ShinMaywa «Submersible sludge pump CN/CN-MT/CNH・CNL series» (каталог, 03.2021; копия дистрибьютора chainaris.co.th), стр. 5, Performance Curves 50 Hz"
ShinMaywa;CN-MT;CN150-MT-5.5kW;SingleChannel;150;0;5.5;0;3~ 50 Гц;235.87;;8;0;0;0;CatalogTable;"ShinMaywa «Submersible sludge pump CN/CN-MT/CNH・CNL series» (каталог, 03.2021; копия дистрибьютора chainaris.co.th), стр. 5, Performance Curves 50 Hz"
ShinMaywa;CN-MT;CN150-MT-7.5kW;SingleChannel;150;0;7.5;0;3~ 50 Гц;280.49;;16;0;0;0;CatalogTable;"ShinMaywa «Submersible sludge pump CN/CN-MT/CNH・CNL series» (каталог, 03.2021; копия дистрибьютора chainaris.co.th), стр. 5, Performance Curves 50 Hz"
ShinMaywa;CN;CN150-11kW;SingleChannel;150;0;11.0;0;3~ 50 Гц;268.86;;8;0;0;0;CatalogTable;"ShinMaywa «Submersible sludge pump CN/CN-MT/CNH・CNL series» (каталог, 03.2021; копия дистрибьютора chainaris.co.th), стр. 5, Performance Curves 50 Hz"
ShinMaywa;CN;CN150-15kW;SingleChannel;150;0;15.0;0;3~ 50 Гц;310.95;;8;0;0;0;CatalogTable;"ShinMaywa «Submersible sludge pump CN/CN-MT/CNH・CNL series» (каталог, 03.2021; копия дистрибьютора chainaris.co.th), стр. 5, Performance Curves 50 Hz"
ShinMaywa;CN;CN150-22kW;SingleChannel;150;0;22.0;0;3~ 50 Гц;380.88;;8;0;0;0;CatalogTable;"ShinMaywa «Submersible sludge pump CN/CN-MT/CNH・CNL series» (каталог, 03.2021; копия дистрибьютора chainaris.co.th), стр. 5, Performance Curves 50 Hz"
ShinMaywa;CN-MT;CN651-MT-1.5kW;SingleChannel;65;0;1.5;0;3~ 50 Гц;48.69;;38;0;0;0;CatalogTable;"ShinMaywa «Submersible sludge pump CN/CN-MT/CNH・CNL series» (каталог, 03.2021; копия дистрибьютора chainaris.co.th), стр. 5, Performance Curves 50 Hz"
ShinMaywa;CN-MT;CN501-MT-0.75kW;SingleChannel;50;0;0.75;0;3~ 50 Гц;24.12;;4;0;0;0;CatalogTable;"ShinMaywa «Submersible sludge pump CN/CN-MT/CNH・CNL series» (каталог, 03.2021; копия дистрибьютора chainaris.co.th), стр. 5, Performance Curves 50 Hz"
ShinMaywa;CN-MT;CN501T-MT-0.4kW;SingleChannel;50;0;0.4;0;3~ 50 Гц;18.25;;3;0;0;0;CatalogTable;"ShinMaywa «Submersible sludge pump CN/CN-MT/CNH・CNL series» (каталог, 03.2021; копия дистрибьютора chainaris.co.th), стр. 5, Performance Curves 50 Hz"
ShinMaywa;CN-MT;CN401T-MT-0.25kW;SingleChannel;40;0;0.25;0;3~ 50 Гц;9.85;;16;0;0;0;CatalogTable;"ShinMaywa «Submersible sludge pump CN/CN-MT/CNH・CNL series» (каталог, 03.2021; копия дистрибьютора chainaris.co.th), стр. 5, Performance Curves 50 Hz"
Hydroo;WF;WF50-15-40;MultiChannel;50;19.5;5.5;2940;3~380 В 50 Гц;35.35;;110;0;0;0;CatalogTable;"Hydroo «WDROO series. Submersible sewage pump WF, WX, WG, WV 50Hz» (изд. 06.2023), стр. 13 Performance curve; техданные стр. 10"
Hydroo;WF;WF50-15-32;MultiChannel;50;25.5;4.0;2840;3~380 В 50 Гц;29.81;;91;0;0;0;CatalogTable;"Hydroo «WDROO series. Submersible sewage pump WF, WX, WG, WV 50Hz» (изд. 06.2023), стр. 13 Performance curve; техданные стр. 10"
Hydroo;WF;WF50-15-25;MultiChannel;50;25.5;3.0;2840;3~380 В 50 Гц;23.18;;68;0;0;0;CatalogTable;"Hydroo «WDROO series. Submersible sewage pump WF, WX, WG, WV 50Hz» (изд. 06.2023), стр. 13 Performance curve; техданные стр. 10"
Hydroo;WF;WF50-15-18;MultiChannel;50;22.0;2.2;2880;3~380 В 50 Гц;23.68;;69;0;0;0;CatalogTable;"Hydroo «WDROO series. Submersible sewage pump WF, WX, WG, WV 50Hz» (изд. 06.2023), стр. 13 Performance curve; техданные стр. 10"
Hydroo;WF;WF50-15-15;MultiChannel;50;20.0;1.5;2880;3~380 В 50 Гц;24.84;;74;0;0;0;CatalogTable;"Hydroo «WDROO series. Submersible sewage pump WF, WX, WG, WV 50Hz» (изд. 06.2023), стр. 13 Performance curve; техданные стр. 10"
Hydroo;WF;WF50-12-12;MultiChannel;50;20.0;1.5;2880;3~380 В 50 Гц;19.72;;58;0;0;0;CatalogTable;"Hydroo «WDROO series. Submersible sewage pump WF, WX, WG, WV 50Hz» (изд. 06.2023), стр. 13 Performance curve; техданные стр. 10"
Hydroo;WF;WF40-8-15;MultiChannel;40;15.0;1.1;2850;3~380 В 50 Гц;22.67;;74;0;0;0;CatalogTable;"Hydroo «WDROO series. Submersible sewage pump WF, WX, WG, WV 50Hz» (изд. 06.2023), стр. 13 Performance curve; техданные стр. 10"
Hydroo;WF;WF50-8-15;MultiChannel;50;20.0;1.1;2850;3~380 В 50 Гц;22.67;;74;0;0;0;CatalogTable;"Hydroo «WDROO series. Submersible sewage pump WF, WX, WG, WV 50Hz» (изд. 06.2023), стр. 13 Performance curve; техданные стр. 10"
Hydroo;WF;WF40-15-8;MultiChannel;40;20.0;1.1;2850;3~380 В 50 Гц;19.69;;61;0;0;0;CatalogTable;"Hydroo «WDROO series. Submersible sewage pump WF, WX, WG, WV 50Hz» (изд. 06.2023), стр. 13 Performance curve; техданные стр. 10"
Hydroo;WF;WF50-15-8;MultiChannel;50;20.0;1.1;2850;3~380 В 50 Гц;19.69;;61;0;0;0;CatalogTable;"Hydroo «WDROO series. Submersible sewage pump WF, WX, WG, WV 50Hz» (изд. 06.2023), стр. 13 Performance curve; техданные стр. 10"
Hydroo;WF;WF50-20-40;MultiChannel;50;19.5;7.5;2940;3~380 В 50 Гц;39.72;;84;0;0;0;CatalogTable;"Hydroo «WDROO series. Submersible sewage pump WF, WX, WG, WV 50Hz» (изд. 06.2023), стр. 13 Performance curve; техданные стр. 10"
Hydroo;WF;WF50-20-30;MultiChannel;50;19.5;5.5;2940;3~380 В 50 Гц;44.94;;101;0;0;0;CatalogTable;"Hydroo «WDROO series. Submersible sewage pump WF, WX, WG, WV 50Hz» (изд. 06.2023), стр. 13 Performance curve; техданные стр. 10"
Hydroo;WF;WF50-15-20;MultiChannel;50;22.0;2.2;2880;3~380 В 50 Гц;32.64;;62;0;0;0;CatalogTable;"Hydroo «WDROO series. Submersible sewage pump WF, WX, WG, WV 50Hz» (изд. 06.2023), стр. 13 Performance curve; техданные стр. 10"
Hydroo;WF;WF40-12-18;MultiChannel;40;20.0;1.5;2880;3~380 В 50 Гц;34.93;;78;0;0;0;CatalogTable;"Hydroo «WDROO series. Submersible sewage pump WF, WX, WG, WV 50Hz» (изд. 06.2023), стр. 13 Performance curve; техданные стр. 10"
Hydroo;WF;WF50-25-25;MultiChannel;50;19.5;5.5;2940;3~380 В 50 Гц;44.67;;92;0;0;0;CatalogTable;"Hydroo «WDROO series. Submersible sewage pump WF, WX, WG, WV 50Hz» (изд. 06.2023), стр. 13 Performance curve; техданные стр. 10"
Hydroo;WF;WF50-25-20;MultiChannel;50;25.5;3.0;2840;3~380 В 50 Гц;36.97;;75;0;0;0;CatalogTable;"Hydroo «WDROO series. Submersible sewage pump WF, WX, WG, WV 50Hz» (изд. 06.2023), стр. 13 Performance curve; техданные стр. 10"
Hydroo;WF;WF50-20-15;MultiChannel;50;22.0;2.2;2880;3~380 В 50 Гц;34.95;;70;0;0;0;CatalogTable;"Hydroo «WDROO series. Submersible sewage pump WF, WX, WG, WV 50Hz» (изд. 06.2023), стр. 13 Performance curve; техданные стр. 10"
Hydroo;WF;WF50-25-10;MultiChannel;50;22.0;2.2;2880;3~380 В 50 Гц;34.81;;69;0;0;0;CatalogTable;"Hydroo «WDROO series. Submersible sewage pump WF, WX, WG, WV 50Hz» (изд. 06.2023), стр. 13 Performance curve; техданные стр. 10"
Hydroo;WF;WF50-25-35;MultiChannel;50;19.5;7.5;2940;3~380 В 50 Гц;44.68;;93;0;0;0;CatalogTable;"Hydroo «WDROO series. Submersible sewage pump WF, WX, WG, WV 50Hz» (изд. 06.2023), стр. 13 Performance curve; техданные стр. 10"
Hydroo;WF;WF50-10-7;MultiChannel;50;15.0;0.55;2850;3~380 В 50 Гц;16.92;;66;0;0;0;CatalogTable;"Hydroo «WDROO series. Submersible sewage pump WF, WX, WG, WV 50Hz» (изд. 06.2023), стр. 14 Performance curve; техданные стр. 10"
Hydroo;WF;WF50-10-13;MultiChannel;50;20.0;1.1;2850;3~380 В 50 Гц;17.54;;63;0;0;0;CatalogTable;"Hydroo «WDROO series. Submersible sewage pump WF, WX, WG, WV 50Hz» (изд. 06.2023), стр. 14 Performance curve; техданные стр. 10"
Hydroo;WF;WF50-15-10;MultiChannel;50;20.0;1.5;2880;3~380 В 50 Гц;19.87;;63;0;0;0;CatalogTable;"Hydroo «WDROO series. Submersible sewage pump WF, WX, WG, WV 50Hz» (изд. 06.2023), стр. 14 Performance curve; техданные стр. 10"
Hydroo;WF;WF40-12-10;MultiChannel;40;15.0;0.75;2850;3~380 В 50 Гц;20.48;;78;0;0;0;CatalogTable;"Hydroo «WDROO series. Submersible sewage pump WF, WX, WG, WV 50Hz» (изд. 06.2023), стр. 14 Performance curve; техданные стр. 10"
Hydroo;WF;WF50-12-10;MultiChannel;50;15.0;0.75;2850;3~380 В 50 Гц;20.48;;78;0;0;0;CatalogTable;"Hydroo «WDROO series. Submersible sewage pump WF, WX, WG, WV 50Hz» (изд. 06.2023), стр. 14 Performance curve; техданные стр. 10"
Hydroo;WF;WF65-30-25;MultiChannel;65;17.5;5.5;2940;3~380 В 50 Гц;59.64;;120;0;0;0;CatalogTable;"Hydroo «WDROO series. Submersible sewage pump WF, WX, WG, WV 50Hz» (изд. 06.2023), стр. 14 Performance curve; техданные стр. 11"
Hydroo;WF;WF65-25-15;MultiChannel;65;25.5;3.0;2840;3~380 В 50 Гц;54.74;;106;0;0;0;CatalogTable;"Hydroo «WDROO series. Submersible sewage pump WF, WX, WG, WV 50Hz» (изд. 06.2023), стр. 14 Performance curve; техданные стр. 10"
Hydroo;WF;WF65-37-13;MultiChannel;65;25.5;3.0;2840;3~380 В 50 Гц;59.5;;114;0;0;0;CatalogTable;"Hydroo «WDROO series. Submersible sewage pump WF, WX, WG, WV 50Hz» (изд. 06.2023), стр. 14 Performance curve; техданные стр. 11"
Hydroo;WF;WF65-40-10;MultiChannel;65;25.5;3.0;2840;3~380 В 50 Гц;54.56;;90;0;0;0;CatalogTable;"Hydroo «WDROO series. Submersible sewage pump WF, WX, WG, WV 50Hz» (изд. 06.2023), стр. 14 Performance curve; техданные стр. 11"
Hydroo;WF;WF65-25-31;MultiChannel;65;17.5;5.5;2940;3~380 В 50 Гц;42.73;;75;0;0;0;CatalogTable;"Hydroo «WDROO series. Submersible sewage pump WF, WX, WG, WV 50Hz» (изд. 06.2023), стр. 15 Performance curve; техданные стр. 11"
Hydroo;WF;WF65-20-27;MultiChannel;65;26.0;4.0;2840;3~380 В 50 Гц;36.0;;61;0;0;0;CatalogTable;"Hydroo «WDROO series. Submersible sewage pump WF, WX, WG, WV 50Hz» (изд. 06.2023), стр. 15 Performance curve; техданные стр. 11"
Hydroo;WF;WF65-20-25;MultiChannel;65;26.0;4.0;2840;3~380 В 50 Гц;44.75;;80;0;0;0;CatalogTable;"Hydroo «WDROO series. Submersible sewage pump WF, WX, WG, WV 50Hz» (изд. 06.2023), стр. 15 Performance curve; техданные стр. 11"
Hydroo;WF;WF65-25-18;MultiChannel;65;25.5;3.0;2840;3~380 В 50 Гц;59.89;;118;0;0;0;CatalogTable;"Hydroo «WDROO series. Submersible sewage pump WF, WX, WG, WV 50Hz» (изд. 06.2023), стр. 15 Performance curve; техданные стр. 10"
Hydroo;WF;WF65-25-14;MultiChannel;65;24.0;2.2;2880;3~380 В 50 Гц;55.72;;106;0;0;0;CatalogTable;"Hydroo «WDROO series. Submersible sewage pump WF, WX, WG, WV 50Hz» (изд. 06.2023), стр. 15 Performance curve; техданные стр. 10"
Hydroo;WF;WF65-25-10;MultiChannel;65;28.0;1.5;2850;3~380 В 50 Гц;41.81;;70;0;0;0;CatalogTable;"Hydroo «WDROO series. Submersible sewage pump WF, WX, WG, WV 50Hz» (изд. 06.2023), стр. 15 Performance curve; техданные стр. 10"
Hydroo;WF;WF65-15-10;MultiChannel;65;23.0;1.1;2850;3~380 В 50 Гц;27.99;;64;0;0;0;CatalogTable;"Hydroo «WDROO series. Submersible sewage pump WF, WX, WG, WV 50Hz» (изд. 06.2023), стр. 15 Performance curve; техданные стр. 10"
Hydroo;WF;WF65-35-7;MultiChannel;65;24.0;2.2;2880;3~380 В 50 Гц;49.87;;90;0;0;0;CatalogTable;"Hydroo «WDROO series. Submersible sewage pump WF, WX, WG, WV 50Hz» (изд. 06.2023), стр. 15 Performance curve; техданные стр. 10"
Hydroo;WF;WF65-50-55;MultiChannel;6;22.0;15.0;2930;3~380 В 50 Гц;69.89;;76;0;0;0;CatalogTable;"Hydroo «WDROO series. Submersible sewage pump WF, WX, WG, WV 50Hz» (изд. 06.2023), стр. 15 Performance curve; техданные стр. 11"
Hydroo;WF;WF65-20-60;MultiChannel;65;22.0;11.0;2930;3~380 В 50 Гц;19.4;;20;0;0;0;CatalogTable;"Hydroo «WDROO series. Submersible sewage pump WF, WX, WG, WV 50Hz» (изд. 06.2023), стр. 15 Performance curve; техданные стр. 11"
Hydroo;WF;WF65-40-50;MultiChannel;65;22.0;11.0;2930;3~380 В 50 Гц;57.38;;96;0;0;0;CatalogTable;"Hydroo «WDROO series. Submersible sewage pump WF, WX, WG, WV 50Hz» (изд. 06.2023), стр. 15 Performance curve; техданные стр. 11"
Hydroo;WF;WF80-48-38;MultiChannel;80;22.0;11.0;2930;3~380 В 50 Гц;124.43;;129;0;0;0;CatalogTable;"Hydroo «WDROO series. Submersible sewage pump WF, WX, WG, WV 50Hz» (изд. 06.2023), стр. 16 Performance curve; техданные стр. 11"
Hydroo;WF;WF80-36-16;MultiChannel;80;35.0;4.0;1413;3~380 В 50 Гц;89.34;;78;0;0;0;CatalogTable;"Hydroo «WDROO series. Submersible sewage pump WF, WX, WG, WV 50Hz» (изд. 06.2023), стр. 16 Performance curve; техданные стр. 12"
Hydroo;WF;WF80-36-12;MultiChannel;80;50.0;2.2;1413;3~380 В 50 Гц;59.97;;51;0;0;0;CatalogTable;"Hydroo «WDROO series. Submersible sewage pump WF, WX, WG, WV 50Hz» (изд. 06.2023), стр. 16 Performance curve; техданные стр. 12"
Hydroo;WF;WF80-35-13;MultiChannel;80;34.5;3.0;2840;3~380 В 50 Гц;69.76;;67;0;0;0;CatalogTable;"Hydroo «WDROO series. Submersible sewage pump WF, WX, WG, WV 50Hz» (изд. 06.2023), стр. 16 Performance curve; техданные стр. 11"
Hydroo;WF;WF80-40-10;MultiChannel;80;26.5;2.2;2880;3~380 В 50 Гц;60.07;;57;0;0;0;CatalogTable;"Hydroo «WDROO series. Submersible sewage pump WF, WX, WG, WV 50Hz» (изд. 06.2023), стр. 16 Performance curve; техданные стр. 11"
Hydroo;WF;WF80-40-30;MultiChannel;80;17.5;7.5;2940;3~380 В 50 Гц;79.68;;133;0;0;0;CatalogTable;"Hydroo «WDROO series. Submersible sewage pump WF, WX, WG, WV 50Hz» (изд. 06.2023), стр. 16 Performance curve; техданные стр. 11"
Hydroo;WF;WF80-40-22;MultiChannel;80;17.5;5.5;2940;3~380 В 50 Гц;79.95;;117;0;0;0;CatalogTable;"Hydroo «WDROO series. Submersible sewage pump WF, WX, WG, WV 50Hz» (изд. 06.2023), стр. 16 Performance curve; техданные стр. 11"
Hydroo;WF;WF80-50-25;MultiChannel;80;17.5;7.5;2940;3~380 В 50 Гц;79.75;;113;0;0;0;CatalogTable;"Hydroo «WDROO series. Submersible sewage pump WF, WX, WG, WV 50Hz» (изд. 06.2023), стр. 16 Performance curve; техданные стр. 11"
Hydroo;WF;WF80-40-8;MultiChannel;80;26.5;2.2;2880;3~380 В 50 Гц;60.46;;71;0;0;0;CatalogTable;"Hydroo «WDROO series. Submersible sewage pump WF, WX, WG, WV 50Hz» (изд. 06.2023), стр. 16 Performance curve; техданные стр. 11"
Hydroo;WF;WF80-40-15;MultiChannel;80;26.0;4.0;2840;3~380 В 50 Гц;59.98;;80;0;0;0;CatalogTable;"Hydroo «WDROO series. Submersible sewage pump WF, WX, WG, WV 50Hz» (изд. 06.2023), стр. 16 Performance curve; техданные стр. 11"
Hydroo;WF;WF100-65-20;MultiChannel;100;32.5;7.5;2940;3~380 В 50 Гц;99.35;;81;0;0;0;CatalogTable;"Hydroo «WDROO series. Submersible sewage pump WF, WX, WG, WV 50Hz» (изд. 06.2023), стр. 17 Performance curve; техданные стр. 11"
Hydroo;WF;WF100-45-22;MultiChannel;100;32.5;7.5;2940;3~380 В 50 Гц;99.79;;93;0;0;0;CatalogTable;"Hydroo «WDROO series. Submersible sewage pump WF, WX, WG, WV 50Hz» (изд. 06.2023), стр. 19 Performance curve; техданные стр. 11"
Hydroo;WF;WF100-70-14;MultiChannel;100;35.5;5.5;2940;3~380 В 50 Гц;94.46;;94;0;0;0;CatalogTable;"Hydroo «WDROO series. Submersible sewage pump WF, WX, WG, WV 50Hz» (изд. 06.2023), стр. 19 Performance curve; техданные стр. 11"
Hydroo;WF;WF100-50-12;MultiChannel;100;34.5;4.0;2840;3~380 В 50 Гц;99.6;;95;0;0;0;CatalogTable;"Hydroo «WDROO series. Submersible sewage pump WF, WX, WG, WV 50Hz» (изд. 06.2023), стр. 19 Performance curve; техданные стр. 11"
Hydroo;WF;WF100-100-35;MultiChannel;100;35.0;22.0;1460;3~380 В 50 Гц;138.49;;83;0;0;0;CatalogTable;"Hydroo «WDROO series. Submersible sewage pump WF, WX, WG, WV 50Hz» (изд. 06.2023), стр. 19 Performance curve; техданные стр. 12"
Hydroo;WF;WF100-100-39;MultiChannel;100;35.0;22.0;1460;3~380 В 50 Гц;158.68;;101;0;0;0;CatalogTable;"Hydroo «WDROO series. Submersible sewage pump WF, WX, WG, WV 50Hz» (изд. 06.2023), стр. 19 Performance curve; техданные стр. 12"
Hydroo;WF;WF100-80-35;MultiChannel;100;27.5;18.5;1460;3~380 В 50 Гц;143.68;;93;0;0;0;CatalogTable;"Hydroo «WDROO series. Submersible sewage pump WF, WX, WG, WV 50Hz» (изд. 06.2023), стр. 19 Performance curve; техданные стр. 12"
Hydroo;WF;WF200-250-40;MultiChannel;200;40.0;55.0;1480;3~380 В 50 Гц;488.67;;147;0;0;0;CatalogTable;"Hydroo «WDROO series. Submersible sewage pump WF, WX, WG, WV 50Hz» (изд. 06.2023), стр. 22 Performance curve; техданные стр. 12"
Hydroo;WF;WF200-400-30;MultiChannel;200;40.0;55.0;1480;3~380 В 50 Гц;436.9;;117;0;0;0;CatalogTable;"Hydroo «WDROO series. Submersible sewage pump WF, WX, WG, WV 50Hz» (изд. 06.2023), стр. 22 Performance curve; техданные стр. 12"
Hydroo;WF;WF250-600-28;MultiChannel;250;60.0;75.0;1480;3~380 В 50 Гц;1000.11;;136;0;0;0;CatalogTable;"Hydroo «WDROO series. Submersible sewage pump WF, WX, WG, WV 50Hz» (изд. 06.2023), стр. 23 Performance curve; техданные стр. 12"
Hydroo;WF;WF250-600-12;MultiChannel;250;62.0;37.0;1470;3~380 В 50 Гц;887.68;;145;0;0;0;CatalogTable;"Hydroo «WDROO series. Submersible sewage pump WF, WX, WG, WV 50Hz» (изд. 06.2023), стр. 23 Performance curve; техданные стр. 12"
Hydroo;WF;WF250-600-9;MultiChannel;250;45.0;30.0;1460;3~380 В 50 Гц;654.0;;130;0;0;0;CatalogTable;"Hydroo «WDROO series. Submersible sewage pump WF, WX, WG, WV 50Hz» (изд. 06.2023), стр. 23 Performance curve; техданные стр. 12"
Hydroo;WF;WF250-420-22;MultiChannel;250;62.0;37.0;1470;3~380 В 50 Гц;878.13;;123;0;0;0;CatalogTable;"Hydroo «WDROO series. Submersible sewage pump WF, WX, WG, WV 50Hz» (изд. 06.2023), стр. 23 Performance curve; техданные стр. 12"
Hydroo;WF;WF250-360-28;MultiChannel;250;45.0;45.0;1470;3~380 В 50 Гц;599.21;;94;0;0;0;CatalogTable;"Hydroo «WDROO series. Submersible sewage pump WF, WX, WG, WV 50Hz» (изд. 06.2023), стр. 23 Performance curve; техданные стр. 12"
Hydroo;WF;WF250-400-15;MultiChannel;250;45.0;30.0;1460;3~380 В 50 Гц;601.77;;95;0;0;0;CatalogTable;"Hydroo «WDROO series. Submersible sewage pump WF, WX, WG, WV 50Hz» (изд. 06.2023), стр. 23 Performance curve; техданные стр. 12"
Hydroo;WF;WF300-800-12;MultiChannel;300;60.0;45.0;1470;3~380 В 50 Гц;1113.07;;130;0;0;0;CatalogTable;"Hydroo «WDROO series. Submersible sewage pump WF, WX, WG, WV 50Hz» (изд. 06.2023), стр. 24 Performance curve; техданные стр. 12"
Hydroo;WF;WF300-800-20;MultiChannel;300;60.0;75.0;1450;3~380 В 50 Гц;1113.07;;130;0;0;0;CatalogTable;"Hydroo «WDROO series. Submersible sewage pump WF, WX, WG, WV 50Hz» (изд. 06.2023), стр. 24 Performance curve; техданные стр. 12"
Hydroo;WF;WF300-600-20;MultiChannel;300;55.0;55.0;1450;3~380 В 50 Гц;959.36;;110;0;0;0;CatalogTable;"Hydroo «WDROO series. Submersible sewage pump WF, WX, WG, WV 50Hz» (изд. 06.2023), стр. 24 Performance curve; техданные стр. 12"
Hydroo;WF;WF300-800-8;MultiChannel;300;60.0;37.0;1450;3~380 В 50 Гц;861.22;;88;0;0;0;CatalogTable;"Hydroo «WDROO series. Submersible sewage pump WF, WX, WG, WV 50Hz» (изд. 06.2023), стр. 24 Performance curve; техданные стр. 12"
Hydroo;WF;WF300-500-15;MultiChannel;300;60.0;37.0;1450;3~380 В 50 Гц;876.36;;94;0;0;0;CatalogTable;"Hydroo «WDROO series. Submersible sewage pump WF, WX, WG, WV 50Hz» (изд. 06.2023), стр. 24 Performance curve; техданные стр. 12"
